2025-11-19 09:23:24,559 - root - INFO - 日志系统已配置，日志文件: D:\Develop\hunyuan\logs\upload_client.log
2025-11-19 09:23:24,559 - root - INFO -   日志级别: INFO
2025-11-19 09:23:24,559 - root - INFO -   最大文件大小: 10.0 MB
2025-11-19 09:23:24,559 - root - INFO -   保留备份数量: 5
2025-11-19 09:24:12,649 - root - INFO - 日志系统已配置，日志文件: D:\Develop\hunyuan\logs\upload_client.log
2025-11-19 09:24:12,650 - root - INFO -   日志级别: INFO
2025-11-19 09:24:12,650 - root - INFO -   最大文件大小: 10.0 MB
2025-11-19 09:24:12,650 - root - INFO -   保留备份数量: 5
2025-11-19 09:25:15,850 - root - INFO - 日志系统已配置，日志文件: D:\Develop\hunyuan\logs\upload_client.log
2025-11-19 09:25:15,857 - root - INFO -   日志级别: INFO
2025-11-19 09:25:15,857 - root - INFO -   最大文件大小: 10.0 MB
2025-11-19 09:25:15,857 - root - INFO -   保留备份数量: 5
2025-11-19 09:32:01,812 - root - INFO - 日志系统已配置，日志文件: D:\Develop\hunyuan\logs\upload_client.log
2025-11-19 09:32:01,813 - root - INFO -   日志级别: INFO
2025-11-19 09:32:01,813 - root - INFO -   最大文件大小: 10.0 MB
2025-11-19 09:32:01,813 - root - INFO -   保留备份数量: 5
2025-11-19 09:32:53,221 - root - INFO - 日志系统已配置，日志文件: D:\Develop\hunyuan\logs\upload_client.log
2025-11-19 09:32:53,221 - root - INFO -   日志级别: INFO
2025-11-19 09:32:53,222 - root - INFO -   最大文件大小: 10.0 MB
2025-11-19 09:32:53,222 - root - INFO -   保留备份数量: 5
2025-11-19 09:34:24,296 - hunyuan_podcast.upload_client - INFO - 请求 AGC token (attempt 1): https://connect-api.cloud.huawei.com/api/oauth2/v1/token
2025-11-19 09:34:24,296 - hunyuan_podcast.upload_client - INFO -   Payload: grant_type=client_credentials, client_id=已设置
2025-11-19 09:34:24,997 - hunyuan_podcast.upload_client - INFO - Token 响应: status_code=200
2025-11-19 09:34:24,997 - hunyuan_podcast.upload_client - INFO - Token 获取成功，有效期: 172799秒
2025-11-19 09:34:25,038 - hunyuan_podcast.upload_client - INFO - 上传到 AGC: https://ops-server-drcn.agcstorage.link/v0/podcasters-y0qig/music/academic/close-study-relax-chillhop-calm-study-lofi-123089.mp3
2025-11-19 09:34:25,038 - hunyuan_podcast.upload_client - INFO -   文件大小: 4308323 bytes (4.11 MB)
2025-11-19 09:34:25,039 - hunyuan_podcast.upload_client - INFO -   Content-Length: 4308323
2025-11-19 09:34:25,039 - hunyuan_podcast.upload_client - INFO -   X-Agc-Content-Type: audio/mpeg
2025-11-19 09:34:25,039 - hunyuan_podcast.upload_client - INFO -   Headers: productId=已设置, client_id=已设置, Authorization=已设置
2025-11-19 09:34:25,039 - hunyuan_podcast.upload_client - INFO - 上传尝试 1: 连接超时=30秒, 读取超时=无限制 (文件大小: 4.11 MB)
2025-11-19 09:34:25,039 - hunyuan_podcast.upload_client - INFO - 流式上传模式（文件大小: 4.11 MB, chunk_size: 512 KB）
2025-11-19 09:34:27,976 - hunyuan_podcast.upload_client - INFO - 上传进度: 48.7% (2.00/4.11 MB), 速度: 0.68 MB/s
2025-11-19 09:34:30,369 - hunyuan_podcast.upload_client - INFO - 上传进度: 73.0% (3.00/4.11 MB), 速度: 0.56 MB/s
2025-11-19 09:34:32,894 - hunyuan_podcast.upload_client - INFO - 上传进度: 100.0% (4.11/4.11 MB), 速度: 0.52 MB/s
2025-11-19 09:34:34,712 - hunyuan_podcast.upload_client - INFO - 上传响应: status_code=200, 耗时: 9.67秒, 速度: 0.42 MB/s
2025-11-19 09:34:34,713 - hunyuan_podcast.upload_client - INFO -   响应头: {'Date': 'Wed, 19 Nov 2025 01:34:34 GMT', 'Content-Type': 'text/plain', 'Transfer-Encoding': 'chunked', 'Connection': 'keep-alive', 'X-Agc-Trace-Id': '0879ca0d-acd9-4e0a-b68d-05f6cf77f1c8', 'Server': 'elb'}
2025-11-19 09:34:34,713 - hunyuan_podcast.upload_client - INFO - 上传响应内容: {"uploadStatus":"finalize","fileInfo":{"size":4308323,"cacheControl":"no-cache, no-store, must-revalidate","updateTime":"2025-11-19T01:34:25Z","name":"music\/academic\/close-study-relax-chillhop-calm-study-lofi-123089.mp3","bucket":"podcasters-y0qig","storageArea":"CN","storageType":"STANDARD","createTime":"2025-11-19T01:34:25Z","contentType":"audio\/mpeg"}}
2025-11-19 09:34:34,714 - hunyuan_podcast.upload_client - INFO - 上传成功！
2025-11-19 09:34:34,718 - hunyuan_podcast.upload_client - INFO - 上传到 AGC: https://ops-server-drcn.agcstorage.link/v0/podcasters-y0qig/music/academic/corporate-inspiring-motivational-healthcare-410903.mp3
2025-11-19 09:34:34,720 - hunyuan_podcast.upload_client - INFO -   文件大小: 3711477 bytes (3.54 MB)
2025-11-19 09:34:34,720 - hunyuan_podcast.upload_client - INFO -   Content-Length: 3711477
2025-11-19 09:34:34,720 - hunyuan_podcast.upload_client - INFO -   X-Agc-Content-Type: audio/mpeg
2025-11-19 09:34:34,721 - hunyuan_podcast.upload_client - INFO -   Headers: productId=已设置, client_id=已设置, Authorization=已设置
2025-11-19 09:34:34,721 - hunyuan_podcast.upload_client - INFO - 上传尝试 1: 连接超时=30秒, 读取超时=无限制 (文件大小: 3.54 MB)
2025-11-19 09:34:34,722 - hunyuan_podcast.upload_client - INFO - 流式上传模式（文件大小: 3.54 MB, chunk_size: 512 KB）
2025-11-19 09:34:36,868 - hunyuan_podcast.upload_client - INFO - 上传进度: 84.8% (3.00/3.54 MB), 速度: 1.40 MB/s
2025-11-19 09:34:39,915 - hunyuan_podcast.upload_client - INFO - 上传进度: 100.0% (3.54/3.54 MB), 速度: 0.68 MB/s
2025-11-19 09:34:41,172 - hunyuan_podcast.upload_client - INFO - 上传响应: status_code=200, 耗时: 6.45秒, 速度: 0.55 MB/s
2025-11-19 09:34:41,175 - hunyuan_podcast.upload_client - INFO -   响应头: {'Date': 'Wed, 19 Nov 2025 01:34:40 GMT', 'Content-Type': 'text/plain', 'Transfer-Encoding': 'chunked', 'Connection': 'keep-alive', 'X-Agc-Trace-Id': 'bdb164ef-4d5b-4937-9530-129a950dc658', 'Server': 'elb'}
2025-11-19 09:34:41,176 - hunyuan_podcast.upload_client - INFO - 上传响应内容: {"uploadStatus":"finalize","fileInfo":{"size":3711477,"cacheControl":"no-cache, no-store, must-revalidate","updateTime":"2025-11-19T01:34:34Z","name":"music\/academic\/corporate-inspiring-motivational-healthcare-410903.mp3","bucket":"podcasters-y0qig","storageArea":"CN","storageType":"STANDARD","createTime":"2025-11-19T01:34:34Z","contentType":"audio\/mpeg"}}
2025-11-19 09:34:41,177 - hunyuan_podcast.upload_client - INFO - 上传成功！
2025-11-19 09:34:41,182 - hunyuan_podcast.upload_client - INFO - 上传到 AGC: https://ops-server-drcn.agcstorage.link/v0/podcasters-y0qig/music/academic/corporate-upbeat-uplifting-motivational-success-400871.mp3
2025-11-19 09:34:41,183 - hunyuan_podcast.upload_client - INFO -   文件大小: 4917707 bytes (4.69 MB)
2025-11-19 09:34:41,185 - hunyuan_podcast.upload_client - INFO -   Content-Length: 4917707
2025-11-19 09:34:41,187 - hunyuan_podcast.upload_client - INFO -   X-Agc-Content-Type: audio/mpeg
2025-11-19 09:34:41,188 - hunyuan_podcast.upload_client - INFO -   Headers: productId=已设置, client_id=已设置, Authorization=已设置
2025-11-19 09:34:41,188 - hunyuan_podcast.upload_client - INFO - 上传尝试 1: 连接超时=30秒, 读取超时=无限制 (文件大小: 4.69 MB)
2025-11-19 09:34:41,188 - hunyuan_podcast.upload_client - INFO - 流式上传模式（文件大小: 4.69 MB, chunk_size: 512 KB）
2025-11-19 09:34:43,258 - hunyuan_podcast.upload_client - INFO - 上传进度: 64.0% (3.00/4.69 MB), 速度: 1.45 MB/s
2025-11-19 09:34:47,126 - hunyuan_podcast.upload_client - INFO - 上传进度: 96.0% (4.50/4.69 MB), 速度: 0.76 MB/s
2025-11-19 09:34:49,615 - hunyuan_podcast.upload_client - INFO - 上传响应: status_code=200, 耗时: 8.43秒, 速度: 0.56 MB/s
2025-11-19 09:34:49,616 - hunyuan_podcast.upload_client - INFO -   响应头: {'Date': 'Wed, 19 Nov 2025 01:34:49 GMT', 'Content-Type': 'text/plain', 'Transfer-Encoding': 'chunked', 'Connection': 'keep-alive', 'X-Agc-Trace-Id': 'fbc8ec1a-5bfb-483f-8875-637fe0fce063', 'Server': 'elb'}
2025-11-19 09:34:49,616 - hunyuan_podcast.upload_client - INFO - 上传响应内容: {"uploadStatus":"finalize","fileInfo":{"size":4917707,"cacheControl":"no-cache, no-store, must-revalidate","updateTime":"2025-11-19T01:34:41Z","name":"music\/academic\/corporate-upbeat-uplifting-motivational-success-400871.mp3","bucket":"podcasters-y0qig","storageArea":"CN","storageType":"STANDARD","createTime":"2025-11-19T01:34:41Z","contentType":"audio\/mpeg"}}
2025-11-19 09:34:49,616 - hunyuan_podcast.upload_client - INFO - 上传成功！
2025-11-19 09:34:49,620 - hunyuan_podcast.upload_client - INFO - 上传到 AGC: https://ops-server-drcn.agcstorage.link/v0/podcasters-y0qig/music/academic/educational-educational-learning-study-music-301376.mp3
2025-11-19 09:34:49,620 - hunyuan_podcast.upload_client - INFO -   文件大小: 4072594 bytes (3.88 MB)
2025-11-19 09:34:49,620 - hunyuan_podcast.upload_client - INFO -   Content-Length: 4072594
2025-11-19 09:34:49,620 - hunyuan_podcast.upload_client - INFO -   X-Agc-Content-Type: audio/mpeg
2025-11-19 09:34:49,621 - hunyuan_podcast.upload_client - INFO -   Headers: productId=已设置, client_id=已设置, Authorization=已设置
2025-11-19 09:34:49,621 - hunyuan_podcast.upload_client - INFO - 上传尝试 1: 连接超时=30秒, 读取超时=无限制 (文件大小: 3.88 MB)
2025-11-19 09:34:49,621 - hunyuan_podcast.upload_client - INFO - 流式上传模式（文件大小: 3.88 MB, chunk_size: 512 KB）
2025-11-19 09:34:51,665 - hunyuan_podcast.upload_client - INFO - 上传进度: 51.5% (2.00/3.88 MB), 速度: 0.98 MB/s
2025-11-19 09:34:54,125 - hunyuan_podcast.upload_client - INFO - 上传进度: 90.1% (3.50/3.88 MB), 速度: 0.78 MB/s
2025-11-19 09:34:58,057 - hunyuan_podcast.upload_client - INFO - 上传响应: status_code=200, 耗时: 8.44秒, 速度: 0.46 MB/s
2025-11-19 09:34:58,061 - hunyuan_podcast.upload_client - INFO -   响应头: {'Date': 'Wed, 19 Nov 2025 01:34:57 GMT', 'Content-Type': 'text/plain', 'Transfer-Encoding': 'chunked', 'Connection': 'keep-alive', 'X-Agc-Trace-Id': '7a3d415f-0aad-497e-930a-7fa0d998b9ae', 'Server': 'elb'}
2025-11-19 09:34:58,062 - hunyuan_podcast.upload_client - INFO - 上传响应内容: {"uploadStatus":"finalize","fileInfo":{"storageArea":"CN","createTime":"2025-11-19T01:34:49Z","updateTime":"2025-11-19T01:34:49Z","contentType":"audio\/mpeg","name":"music\/academic\/educational-educational-learning-study-music-301376.mp3","size":4072594,"cacheControl":"no-cache, no-store, must-revalidate","bucket":"podcasters-y0qig","storageType":"STANDARD"}}
2025-11-19 09:34:58,063 - hunyuan_podcast.upload_client - INFO - 上传成功！
2025-11-19 09:34:58,083 - hunyuan_podcast.upload_client - INFO - 上传到 AGC: https://ops-server-drcn.agcstorage.link/v0/podcasters-y0qig/music/academic/educational-learning-study-music-419322.mp3
2025-11-19 09:34:58,084 - hunyuan_podcast.upload_client - INFO -   文件大小: 5081547 bytes (4.85 MB)
2025-11-19 09:34:58,084 - hunyuan_podcast.upload_client - INFO -   Content-Length: 5081547
2025-11-19 09:34:58,085 - hunyuan_podcast.upload_client - INFO -   X-Agc-Content-Type: audio/mpeg
2025-11-19 09:34:58,085 - hunyuan_podcast.upload_client - INFO -   Headers: productId=已设置, client_id=已设置, Authorization=已设置
2025-11-19 09:34:58,086 - hunyuan_podcast.upload_client - INFO - 上传尝试 1: 连接超时=30秒, 读取超时=无限制 (文件大小: 4.85 MB)
2025-11-19 09:34:58,086 - hunyuan_podcast.upload_client - INFO - 流式上传模式（文件大小: 4.85 MB, chunk_size: 512 KB）
2025-11-19 09:35:00,319 - hunyuan_podcast.upload_client - INFO - 上传进度: 41.3% (2.00/4.85 MB), 速度: 0.90 MB/s
2025-11-19 09:35:03,713 - hunyuan_podcast.upload_client - INFO - 上传进度: 61.9% (3.00/4.85 MB), 速度: 0.53 MB/s
2025-11-19 09:35:07,684 - hunyuan_podcast.upload_client - INFO - 上传进度: 72.2% (3.50/4.85 MB), 速度: 0.36 MB/s
2025-11-19 09:35:10,646 - hunyuan_podcast.upload_client - INFO - 上传进度: 82.5% (4.00/4.85 MB), 速度: 0.32 MB/s
2025-11-19 09:35:13,207 - hunyuan_podcast.upload_client - INFO - 上传进度: 100.0% (4.85/4.85 MB), 速度: 0.32 MB/s
2025-11-19 09:35:16,037 - hunyuan_podcast.upload_client - INFO - 上传响应: status_code=200, 耗时: 17.95秒, 速度: 0.27 MB/s
2025-11-19 09:35:16,037 - hunyuan_podcast.upload_client - INFO -   响应头: {'Date': 'Wed, 19 Nov 2025 01:35:15 GMT', 'Content-Type': 'text/plain', 'Transfer-Encoding': 'chunked', 'Connection': 'keep-alive', 'X-Agc-Trace-Id': '4517d5f8-6488-491c-82ab-e57cdfc4f7a3', 'Server': 'elb'}
2025-11-19 09:35:16,037 - hunyuan_podcast.upload_client - INFO - 上传响应内容: {"uploadStatus":"finalize","fileInfo":{"size":5081547,"cacheControl":"no-cache, no-store, must-revalidate","updateTime":"2025-11-19T01:34:58Z","name":"music\/academic\/educational-learning-study-music-419322.mp3","bucket":"podcasters-y0qig","storageArea":"CN","storageType":"STANDARD","createTime":"2025-11-19T01:34:58Z","contentType":"audio\/mpeg"}}
2025-11-19 09:35:16,039 - hunyuan_podcast.upload_client - INFO - 上传成功！
2025-11-19 09:35:16,046 - hunyuan_podcast.upload_client - INFO - 上传到 AGC: https://ops-server-drcn.agcstorage.link/v0/podcasters-y0qig/music/academic/morning-garden-acoustic-chill-15013.mp3
2025-11-19 09:35:16,046 - hunyuan_podcast.upload_client - INFO -   文件大小: 7458063 bytes (7.11 MB)
2025-11-19 09:35:16,047 - hunyuan_podcast.upload_client - INFO -   Content-Length: 7458063
2025-11-19 09:35:16,047 - hunyuan_podcast.upload_client - INFO -   X-Agc-Content-Type: audio/mpeg
2025-11-19 09:35:16,047 - hunyuan_podcast.upload_client - INFO -   Headers: productId=已设置, client_id=已设置, Authorization=已设置
2025-11-19 09:35:16,047 - hunyuan_podcast.upload_client - INFO - 上传尝试 1: 连接超时=30秒, 读取超时=无限制 (文件大小: 7.11 MB)
2025-11-19 09:35:16,048 - hunyuan_podcast.upload_client - INFO - 流式上传模式（文件大小: 7.11 MB, chunk_size: 1024 KB）
2025-11-19 09:35:18,624 - hunyuan_podcast.upload_client - INFO - 上传进度: 42.2% (3.00/7.11 MB), 速度: 1.16 MB/s
2025-11-19 09:35:21,261 - hunyuan_podcast.upload_client - INFO - 上传进度: 84.4% (6.00/7.11 MB), 速度: 1.15 MB/s
2025-11-19 09:35:23,798 - hunyuan_podcast.upload_client - INFO - 上传进度: 100.0% (7.11/7.11 MB), 速度: 0.92 MB/s
2025-11-19 09:35:28,973 - hunyuan_podcast.upload_client - INFO - 上传响应: status_code=200, 耗时: 12.93秒, 速度: 0.55 MB/s
2025-11-19 09:35:28,975 - hunyuan_podcast.upload_client - INFO -   响应头: {'Date': 'Wed, 19 Nov 2025 01:35:28 GMT', 'Content-Type': 'text/plain', 'Transfer-Encoding': 'chunked', 'Connection': 'keep-alive', 'X-Agc-Trace-Id': '9d7e26ec-768d-491f-b354-cf64330c8e7d', 'Server': 'elb'}
2025-11-19 09:35:28,976 - hunyuan_podcast.upload_client - INFO - 上传响应内容: {"uploadStatus":"finalize","fileInfo":{"size":7458063,"cacheControl":"no-cache, no-store, must-revalidate","updateTime":"2025-11-19T01:35:16Z","name":"music\/academic\/morning-garden-acoustic-chill-15013.mp3","bucket":"podcasters-y0qig","storageArea":"CN","storageType":"STANDARD","createTime":"2025-11-19T01:35:16Z","contentType":"audio\/mpeg"}}
2025-11-19 09:35:28,979 - hunyuan_podcast.upload_client - INFO - 上传成功！
2025-11-19 09:35:28,986 - hunyuan_podcast.upload_client - INFO - 上传到 AGC: https://ops-server-drcn.agcstorage.link/v0/podcasters-y0qig/music/academic/podcast-interview-intro-music-397245.mp3
2025-11-19 09:35:28,986 - hunyuan_podcast.upload_client - INFO -   文件大小: 3343673 bytes (3.19 MB)
2025-11-19 09:35:28,986 - hunyuan_podcast.upload_client - INFO -   Content-Length: 3343673
2025-11-19 09:35:28,986 - hunyuan_podcast.upload_client - INFO -   X-Agc-Content-Type: audio/mpeg
2025-11-19 09:35:28,986 - hunyuan_podcast.upload_client - INFO -   Headers: productId=已设置, client_id=已设置, Authorization=已设置
2025-11-19 09:35:28,986 - hunyuan_podcast.upload_client - INFO - 上传尝试 1: 连接超时=30秒, 读取超时=无限制 (文件大小: 3.19 MB)
2025-11-19 09:35:28,988 - hunyuan_podcast.upload_client - INFO - 流式上传模式（文件大小: 3.19 MB, chunk_size: 512 KB）
2025-11-19 09:35:32,954 - hunyuan_podcast.upload_client - INFO - 上传进度: 62.7% (2.00/3.19 MB), 速度: 0.50 MB/s
2025-11-19 09:35:36,056 - hunyuan_podcast.upload_client - INFO - 上传进度: 78.4% (2.50/3.19 MB), 速度: 0.35 MB/s
2025-11-19 09:35:39,622 - hunyuan_podcast.upload_client - INFO - 上传进度: 94.1% (3.00/3.19 MB), 速度: 0.28 MB/s
2025-11-19 09:35:41,937 - hunyuan_podcast.upload_client - INFO - 上传进度: 100.0% (3.19/3.19 MB), 速度: 0.25 MB/s
2025-11-19 09:35:45,550 - hunyuan_podcast.upload_client - INFO - 上传响应: status_code=200, 耗时: 16.56秒, 速度: 0.19 MB/s
2025-11-19 09:35:45,558 - hunyuan_podcast.upload_client - INFO -   响应头: {'Date': 'Wed, 19 Nov 2025 01:35:45 GMT', 'Content-Type': 'text/plain', 'Transfer-Encoding': 'chunked', 'Connection': 'keep-alive', 'X-Agc-Trace-Id': '51ac73d2-b346-47a7-a5ab-6fa394b6f476', 'Server': 'elb'}
2025-11-19 09:35:45,560 - hunyuan_podcast.upload_client - INFO - 上传响应内容: {"fileInfo":{"createTime":"2025-11-19T01:35:29Z","updateTime":"2025-11-19T01:35:29Z","contentType":"audio\/mpeg","size":3343673,"bucket":"podcasters-y0qig","cacheControl":"no-cache, no-store, must-revalidate","storageType":"STANDARD","storageArea":"CN","name":"music\/academic\/podcast-interview-intro-music-397245.mp3"},"uploadStatus":"finalize"}
2025-11-19 09:35:45,561 - hunyuan_podcast.upload_client - INFO - 上传成功！
2025-11-19 09:35:45,574 - hunyuan_podcast.upload_client - INFO - 上传到 AGC: https://ops-server-drcn.agcstorage.link/v0/podcasters-y0qig/music/academic/podcast-interview-music-2-424600.mp3
2025-11-19 09:35:45,575 - hunyuan_podcast.upload_client - INFO -   文件大小: 3964760 bytes (3.78 MB)
2025-11-19 09:35:45,576 - hunyuan_podcast.upload_client - INFO -   Content-Length: 3964760
2025-11-19 09:35:45,576 - hunyuan_podcast.upload_client - INFO -   X-Agc-Content-Type: audio/mpeg
2025-11-19 09:35:45,576 - hunyuan_podcast.upload_client - INFO -   Headers: productId=已设置, client_id=已设置, Authorization=已设置
2025-11-19 09:35:45,576 - hunyuan_podcast.upload_client - INFO - 上传尝试 1: 连接超时=30秒, 读取超时=无限制 (文件大小: 3.78 MB)
2025-11-19 09:35:45,577 - hunyuan_podcast.upload_client - INFO - 流式上传模式（文件大小: 3.78 MB, chunk_size: 512 KB）
2025-11-19 09:35:47,737 - hunyuan_podcast.upload_client - INFO - 上传进度: 79.3% (3.00/3.78 MB), 速度: 1.39 MB/s
2025-11-19 09:35:49,336 - hunyuan_podcast.upload_client - INFO - 上传响应: status_code=200, 耗时: 3.76秒, 速度: 1.01 MB/s
2025-11-19 09:35:49,340 - hunyuan_podcast.upload_client - INFO -   响应头: {'Date': 'Wed, 19 Nov 2025 01:35:48 GMT', 'Content-Type': 'text/plain', 'Transfer-Encoding': 'chunked', 'Connection': 'keep-alive', 'X-Agc-Trace-Id': '8ab2418b-e8a1-41ac-a41d-0c58cc69f9e5', 'Server': 'elb'}
2025-11-19 09:35:49,341 - hunyuan_podcast.upload_client - INFO - 上传响应内容: {"uploadStatus":"finalize","fileInfo":{"size":3964760,"cacheControl":"no-cache, no-store, must-revalidate","updateTime":"2025-11-19T01:35:45Z","name":"music\/academic\/podcast-interview-music-2-424600.mp3","bucket":"podcasters-y0qig","storageArea":"CN","storageType":"STANDARD","createTime":"2025-11-19T01:35:45Z","contentType":"audio\/mpeg"}}
2025-11-19 09:35:49,341 - hunyuan_podcast.upload_client - INFO - 上传成功！
2025-11-19 09:35:49,366 - hunyuan_podcast.upload_client - INFO - 上传到 AGC: https://ops-server-drcn.agcstorage.link/v0/podcasters-y0qig/music/academic/relaxing-jazz-podcast-coffee-shop-music-192283.mp3
2025-11-19 09:35:49,366 - hunyuan_podcast.upload_client - INFO -   文件大小: 18722899 bytes (17.86 MB)
2025-11-19 09:35:49,366 - hunyuan_podcast.upload_client - INFO -   Content-Length: 18722899
2025-11-19 09:35:49,373 - hunyuan_podcast.upload_client - INFO -   X-Agc-Content-Type: audio/mpeg
2025-11-19 09:35:49,373 - hunyuan_podcast.upload_client - INFO -   Headers: productId=已设置, client_id=已设置, Authorization=已设置
2025-11-19 09:35:49,374 - hunyuan_podcast.upload_client - INFO - 上传尝试 1: 连接超时=30秒, 读取超时=无限制 (文件大小: 17.86 MB)
2025-11-19 09:35:49,374 - hunyuan_podcast.upload_client - INFO - 流式上传模式（文件大小: 17.86 MB, chunk_size: 1024 KB）
2025-11-19 09:35:51,720 - hunyuan_podcast.upload_client - INFO - 上传进度: 28.0% (5.00/17.86 MB), 速度: 2.13 MB/s
2025-11-19 09:35:53,871 - hunyuan_podcast.upload_client - INFO - 上传进度: 39.2% (7.00/17.86 MB), 速度: 1.56 MB/s
2025-11-19 09:35:56,964 - hunyuan_podcast.upload_client - INFO - 上传进度: 50.4% (9.00/17.86 MB), 速度: 1.19 MB/s
2025-11-19 09:35:59,079 - hunyuan_podcast.upload_client - INFO - 上传进度: 61.6% (11.00/17.86 MB), 速度: 1.13 MB/s
2025-11-19 09:36:01,211 - hunyuan_podcast.upload_client - INFO - 上传进度: 72.8% (13.00/17.86 MB), 速度: 1.10 MB/s
2025-11-19 09:36:05,811 - hunyuan_podcast.upload_client - INFO - 上传进度: 84.0% (15.00/17.86 MB), 速度: 0.91 MB/s
2025-11-19 09:36:08,058 - hunyuan_podcast.upload_client - INFO - 上传进度: 89.6% (16.00/17.86 MB), 速度: 0.86 MB/s
2025-11-19 09:36:11,788 - hunyuan_podcast.upload_client - INFO - 上传响应: status_code=200, 耗时: 22.41秒, 速度: 0.80 MB/s
2025-11-19 09:36:11,788 - hunyuan_podcast.upload_client - INFO -   响应头: {'Date': 'Wed, 19 Nov 2025 01:36:10 GMT', 'Content-Type': 'text/plain', 'Transfer-Encoding': 'chunked', 'Connection': 'keep-alive', 'X-Agc-Trace-Id': '6a3aad29-920d-4a32-b825-083ed9c43df3', 'Server': 'elb'}
2025-11-19 09:36:11,789 - hunyuan_podcast.upload_client - INFO - 上传响应内容: {"uploadStatus":"finalize","fileInfo":{"size":18722899,"cacheControl":"no-cache, no-store, must-revalidate","updateTime":"2025-11-19T01:35:49Z","name":"music\/academic\/relaxing-jazz-podcast-coffee-shop-music-192283.mp3","bucket":"podcasters-y0qig","storageArea":"CN","storageType":"STANDARD","createTime":"2025-11-19T01:35:49Z","contentType":"audio\/mpeg"}}
2025-11-19 09:36:11,789 - hunyuan_podcast.upload_client - INFO - 上传成功！
2025-11-19 09:36:11,791 - hunyuan_podcast.upload_client - INFO - 上传到 AGC: https://ops-server-drcn.agcstorage.link/v0/podcasters-y0qig/music/art/little-white-flowers-full-version-111327.mp3
2025-11-19 09:36:11,791 - hunyuan_podcast.upload_client - INFO -   文件大小: 5440992 bytes (5.19 MB)
2025-11-19 09:36:11,791 - hunyuan_podcast.upload_client - INFO -   Content-Length: 5440992
2025-11-19 09:36:11,792 - hunyuan_podcast.upload_client - INFO -   X-Agc-Content-Type: audio/mpeg
2025-11-19 09:36:11,792 - hunyuan_podcast.upload_client - INFO -   Headers: productId=已设置, client_id=已设置, Authorization=已设置
2025-11-19 09:36:11,792 - hunyuan_podcast.upload_client - INFO - 上传尝试 1: 连接超时=30秒, 读取超时=无限制 (文件大小: 5.19 MB)
2025-11-19 09:36:11,792 - hunyuan_podcast.upload_client - INFO - 流式上传模式（文件大小: 5.19 MB, chunk_size: 1024 KB）
2025-11-19 09:36:14,511 - hunyuan_podcast.upload_client - INFO - 上传进度: 57.8% (3.00/5.19 MB), 速度: 1.10 MB/s
2025-11-19 09:36:16,994 - hunyuan_podcast.upload_client - INFO - 上传进度: 77.1% (4.00/5.19 MB), 速度: 0.77 MB/s
2025-11-19 09:36:20,185 - hunyuan_podcast.upload_client - INFO - 上传进度: 96.4% (5.00/5.19 MB), 速度: 0.60 MB/s
2025-11-19 09:36:24,690 - hunyuan_podcast.upload_client - INFO - 上传进度: 100.0% (5.19/5.19 MB), 速度: 0.40 MB/s
2025-11-19 09:36:30,335 - hunyuan_podcast.upload_client - INFO - 上传响应: status_code=200, 耗时: 18.54秒, 速度: 0.28 MB/s
2025-11-19 09:36:30,335 - hunyuan_podcast.upload_client - INFO -   响应头: {'Date': 'Wed, 19 Nov 2025 01:36:29 GMT', 'Content-Type': 'text/plain', 'Transfer-Encoding': 'chunked', 'Connection': 'keep-alive', 'X-Agc-Trace-Id': 'ee51d7aa-8a75-4be3-bcad-771b920e22ed', 'Server': 'elb'}
2025-11-19 09:36:30,335 - hunyuan_podcast.upload_client - INFO - 上传响应内容: {"uploadStatus":"finalize","fileInfo":{"storageArea":"CN","createTime":"2025-11-19T01:36:11Z","updateTime":"2025-11-19T01:36:11Z","contentType":"audio\/mpeg","name":"music\/art\/little-white-flowers-full-version-111327.mp3","size":5440992,"cacheControl":"no-cache, no-store, must-revalidate","bucket":"podcasters-y0qig","storageType":"STANDARD"}}
2025-11-19 09:36:30,337 - hunyuan_podcast.upload_client - INFO - 上传成功！
2025-11-19 09:36:30,340 - hunyuan_podcast.upload_client - INFO - 上传到 AGC: https://ops-server-drcn.agcstorage.link/v0/podcasters-y0qig/music/art/peaceful-relaxing-piano-music-271857.mp3
2025-11-19 09:36:30,341 - hunyuan_podcast.upload_client - INFO -   文件大小: 7805952 bytes (7.44 MB)
2025-11-19 09:36:30,341 - hunyuan_podcast.upload_client - INFO -   Content-Length: 7805952
2025-11-19 09:36:30,342 - hunyuan_podcast.upload_client - INFO -   X-Agc-Content-Type: audio/mpeg
2025-11-19 09:36:30,345 - hunyuan_podcast.upload_client - INFO -   Headers: productId=已设置, client_id=已设置, Authorization=已设置
2025-11-19 09:36:30,346 - hunyuan_podcast.upload_client - INFO - 上传尝试 1: 连接超时=30秒, 读取超时=无限制 (文件大小: 7.44 MB)
2025-11-19 09:36:30,347 - hunyuan_podcast.upload_client - INFO - 流式上传模式（文件大小: 7.44 MB, chunk_size: 1024 KB）
2025-11-19 09:36:32,354 - hunyuan_podcast.upload_client - INFO - 上传进度: 53.7% (4.00/7.44 MB), 速度: 1.99 MB/s
2025-11-19 09:36:34,726 - hunyuan_podcast.upload_client - INFO - 上传进度: 80.6% (6.00/7.44 MB), 速度: 1.37 MB/s
2025-11-19 09:36:38,926 - hunyuan_podcast.upload_client - INFO - 上传进度: 100.0% (7.44/7.44 MB), 速度: 0.87 MB/s
2025-11-19 09:36:41,233 - hunyuan_podcast.upload_client - INFO - 上传响应: status_code=200, 耗时: 10.89秒, 速度: 0.68 MB/s
2025-11-19 09:36:41,233 - hunyuan_podcast.upload_client - INFO -   响应头: {'Date': 'Wed, 19 Nov 2025 01:36:40 GMT', 'Content-Type': 'text/plain', 'Transfer-Encoding': 'chunked', 'Connection': 'keep-alive', 'X-Agc-Trace-Id': 'e6b06f08-3fcc-48d3-a573-6fa625173fdb', 'Server': 'elb'}
2025-11-19 09:36:41,233 - hunyuan_podcast.upload_client - INFO - 上传响应内容: {"uploadStatus":"finalize","fileInfo":{"size":7805952,"cacheControl":"no-cache, no-store, must-revalidate","updateTime":"2025-11-19T01:36:30Z","name":"music\/art\/peaceful-relaxing-piano-music-271857.mp3","bucket":"podcasters-y0qig","storageArea":"CN","storageType":"STANDARD","createTime":"2025-11-19T01:36:30Z","contentType":"audio\/mpeg"}}
2025-11-19 09:36:41,234 - hunyuan_podcast.upload_client - INFO - 上传成功！
2025-11-19 09:36:41,236 - hunyuan_podcast.upload_client - INFO - 上传到 AGC: https://ops-server-drcn.agcstorage.link/v0/podcasters-y0qig/music/books/relaxing-piano-music-259727.mp3
2025-11-19 09:36:41,236 - hunyuan_podcast.upload_client - INFO -   文件大小: 3241728 bytes (3.09 MB)
2025-11-19 09:36:41,236 - hunyuan_podcast.upload_client - INFO -   Content-Length: 3241728
2025-11-19 09:36:41,236 - hunyuan_podcast.upload_client - INFO -   X-Agc-Content-Type: audio/mpeg
2025-11-19 09:36:41,236 - hunyuan_podcast.upload_client - INFO -   Headers: productId=已设置, client_id=已设置, Authorization=已设置
2025-11-19 09:36:41,237 - hunyuan_podcast.upload_client - INFO - 上传尝试 1: 连接超时=30秒, 读取超时=无限制 (文件大小: 3.09 MB)
2025-11-19 09:36:41,237 - hunyuan_podcast.upload_client - INFO - 流式上传模式（文件大小: 3.09 MB, chunk_size: 512 KB）
2025-11-19 09:36:43,720 - hunyuan_podcast.upload_client - INFO - 上传进度: 97.0% (3.00/3.09 MB), 速度: 1.21 MB/s
2025-11-19 09:36:45,349 - hunyuan_podcast.upload_client - INFO - 上传响应: status_code=200, 耗时: 4.11秒, 速度: 0.75 MB/s
2025-11-19 09:36:45,350 - hunyuan_podcast.upload_client - INFO -   响应头: {'Date': 'Wed, 19 Nov 2025 01:36:44 GMT', 'Content-Type': 'text/plain', 'Transfer-Encoding': 'chunked', 'Connection': 'keep-alive', 'X-Agc-Trace-Id': '6a9e6573-5814-44b8-a910-59c21213a503', 'Server': 'elb'}
2025-11-19 09:36:45,353 - hunyuan_podcast.upload_client - INFO - 上传响应内容: {"uploadStatus":"finalize","fileInfo":{"size":3241728,"cacheControl":"no-cache, no-store, must-revalidate","updateTime":"2025-11-19T01:36:41Z","name":"music\/books\/relaxing-piano-music-259727.mp3","bucket":"podcasters-y0qig","storageArea":"CN","storageType":"STANDARD","createTime":"2025-11-19T01:36:41Z","contentType":"audio\/mpeg"}}
2025-11-19 09:36:45,353 - hunyuan_podcast.upload_client - INFO - 上传成功！
2025-11-19 09:36:45,355 - hunyuan_podcast.upload_client - INFO - 上传到 AGC: https://ops-server-drcn.agcstorage.link/v0/podcasters-y0qig/music/books/relaxing-piano-music-275681.mp3
2025-11-19 09:36:45,356 - hunyuan_podcast.upload_client - INFO -   文件大小: 4936704 bytes (4.71 MB)
2025-11-19 09:36:45,356 - hunyuan_podcast.upload_client - INFO -   Content-Length: 4936704
2025-11-19 09:36:45,356 - hunyuan_podcast.upload_client - INFO -   X-Agc-Content-Type: audio/mpeg
2025-11-19 09:36:45,356 - hunyuan_podcast.upload_client - INFO -   Headers: productId=已设置, client_id=已设置, Authorization=已设置
2025-11-19 09:36:45,358 - hunyuan_podcast.upload_client - INFO - 上传尝试 1: 连接超时=30秒, 读取超时=无限制 (文件大小: 4.71 MB)
2025-11-19 09:36:45,361 - hunyuan_podcast.upload_client - INFO - 流式上传模式（文件大小: 4.71 MB, chunk_size: 512 KB）
2025-11-19 09:36:48,080 - hunyuan_podcast.upload_client - INFO - 上传进度: 63.7% (3.00/4.71 MB), 速度: 1.10 MB/s
2025-11-19 09:36:50,093 - hunyuan_podcast.upload_client - INFO - 上传进度: 100.0% (4.71/4.71 MB), 速度: 0.99 MB/s
2025-11-19 09:36:53,236 - hunyuan_podcast.upload_client - INFO - 上传响应: status_code=200, 耗时: 7.88秒, 速度: 0.60 MB/s
2025-11-19 09:36:53,261 - hunyuan_podcast.upload_client - INFO -   响应头: {'Date': 'Wed, 19 Nov 2025 01:36:52 GMT', 'Content-Type': 'text/plain', 'Transfer-Encoding': 'chunked', 'Connection': 'keep-alive', 'X-Agc-Trace-Id': '230f86f2-a3cf-4801-b544-396975b09860', 'Server': 'elb'}
2025-11-19 09:36:53,262 - hunyuan_podcast.upload_client - INFO - 上传响应内容: {"uploadStatus":"finalize","fileInfo":{"size":4936704,"cacheControl":"no-cache, no-store, must-revalidate","updateTime":"2025-11-19T01:36:45Z","name":"music\/books\/relaxing-piano-music-275681.mp3","bucket":"podcasters-y0qig","storageArea":"CN","storageType":"STANDARD","createTime":"2025-11-19T01:36:45Z","contentType":"audio\/mpeg"}}
2025-11-19 09:36:53,262 - hunyuan_podcast.upload_client - INFO - 上传成功！
2025-11-19 09:36:53,264 - hunyuan_podcast.upload_client - INFO - 上传到 AGC: https://ops-server-drcn.agcstorage.link/v0/podcasters-y0qig/music/books/relaxing-piano-music-351844.mp3
2025-11-19 09:36:53,264 - hunyuan_podcast.upload_client - INFO -   文件大小: 1942272 bytes (1.85 MB)
2025-11-19 09:36:53,265 - hunyuan_podcast.upload_client - INFO -   Content-Length: 1942272
2025-11-19 09:36:53,265 - hunyuan_podcast.upload_client - INFO -   X-Agc-Content-Type: audio/mpeg
2025-11-19 09:36:53,265 - hunyuan_podcast.upload_client - INFO -   Headers: productId=已设置, client_id=已设置, Authorization=已设置
2025-11-19 09:36:53,266 - hunyuan_podcast.upload_client - INFO - 上传尝试 1: 连接超时=30秒, 读取超时=无限制 (文件大小: 1.85 MB)
2025-11-19 09:36:53,267 - hunyuan_podcast.upload_client - INFO - 流式上传模式（文件大小: 1.85 MB, chunk_size: 512 KB）
2025-11-19 09:36:56,907 - hunyuan_podcast.upload_client - INFO - 上传响应: status_code=200, 耗时: 3.64秒, 速度: 0.51 MB/s
2025-11-19 09:36:56,907 - hunyuan_podcast.upload_client - INFO -   响应头: {'Date': 'Wed, 19 Nov 2025 01:36:56 GMT', 'Content-Type': 'text/plain', 'Transfer-Encoding': 'chunked', 'Connection': 'keep-alive', 'X-Agc-Trace-Id': 'a77606c8-db00-44aa-a4ae-13ad7d746794', 'Server': 'elb'}
2025-11-19 09:36:56,909 - hunyuan_podcast.upload_client - INFO - 上传响应内容: {"uploadStatus":"finalize","fileInfo":{"size":1942272,"cacheControl":"no-cache, no-store, must-revalidate","updateTime":"2025-11-19T01:36:53Z","name":"music\/books\/relaxing-piano-music-351844.mp3","bucket":"podcasters-y0qig","storageArea":"CN","storageType":"STANDARD","createTime":"2025-11-19T01:36:53Z","contentType":"audio\/mpeg"}}
2025-11-19 09:36:56,909 - hunyuan_podcast.upload_client - INFO - 上传成功！
2025-11-19 09:36:56,917 - hunyuan_podcast.upload_client - INFO - 上传到 AGC: https://ops-server-drcn.agcstorage.link/v0/podcasters-y0qig/music/books/tender-breeze-loop-111523.mp3
2025-11-19 09:36:56,918 - hunyuan_podcast.upload_client - INFO -   文件大小: 2881410 bytes (2.75 MB)
2025-11-19 09:36:56,918 - hunyuan_podcast.upload_client - INFO -   Content-Length: 2881410
2025-11-19 09:36:56,918 - hunyuan_podcast.upload_client - INFO -   X-Agc-Content-Type: audio/mpeg
2025-11-19 09:36:56,919 - hunyuan_podcast.upload_client - INFO -   Headers: productId=已设置, client_id=已设置, Authorization=已设置
2025-11-19 09:36:56,919 - hunyuan_podcast.upload_client - INFO - 上传尝试 1: 连接超时=30秒, 读取超时=无限制 (文件大小: 2.75 MB)
2025-11-19 09:36:56,920 - hunyuan_podcast.upload_client - INFO - 流式上传模式（文件大小: 2.75 MB, chunk_size: 512 KB）
2025-11-19 09:37:00,844 - hunyuan_podcast.upload_client - INFO - 上传进度: 72.8% (2.00/2.75 MB), 速度: 0.51 MB/s
2025-11-19 09:37:03,733 - hunyuan_podcast.upload_client - INFO - 上传进度: 100.0% (2.75/2.75 MB), 速度: 0.40 MB/s
2025-11-19 09:37:09,149 - hunyuan_podcast.upload_client - INFO - 上传响应: status_code=200, 耗时: 12.23秒, 速度: 0.22 MB/s
2025-11-19 09:37:09,149 - hunyuan_podcast.upload_client - INFO -   响应头: {'Date': 'Wed, 19 Nov 2025 01:37:08 GMT', 'Content-Type': 'text/plain', 'Transfer-Encoding': 'chunked', 'Connection': 'keep-alive', 'X-Agc-Trace-Id': '92248a53-69c5-4ef1-a1ea-b9b48dec9a1e', 'Server': 'elb'}
2025-11-19 09:37:09,151 - hunyuan_podcast.upload_client - INFO - 上传响应内容: {"uploadStatus":"finalize","fileInfo":{"size":2881410,"cacheControl":"no-cache, no-store, must-revalidate","updateTime":"2025-11-19T01:36:57Z","name":"music\/books\/tender-breeze-loop-111523.mp3","bucket":"podcasters-y0qig","storageArea":"CN","storageType":"STANDARD","createTime":"2025-11-19T01:36:57Z","contentType":"audio\/mpeg"}}
2025-11-19 09:37:09,151 - hunyuan_podcast.upload_client - INFO - 上传成功！
2025-11-19 09:37:09,165 - hunyuan_podcast.upload_client - INFO - 上传到 AGC: https://ops-server-drcn.agcstorage.link/v0/podcasters-y0qig/music/business_finance/corporate-inspiring-motivational-healthcare-410903.mp3
2025-11-19 09:37:09,167 - hunyuan_podcast.upload_client - INFO -   文件大小: 3711477 bytes (3.54 MB)
2025-11-19 09:37:09,168 - hunyuan_podcast.upload_client - INFO -   Content-Length: 3711477
2025-11-19 09:37:09,168 - hunyuan_podcast.upload_client - INFO -   X-Agc-Content-Type: audio/mpeg
2025-11-19 09:37:09,168 - hunyuan_podcast.upload_client - INFO -   Headers: productId=已设置, client_id=已设置, Authorization=已设置
2025-11-19 09:37:09,168 - hunyuan_podcast.upload_client - INFO - 上传尝试 1: 连接超时=30秒, 读取超时=无限制 (文件大小: 3.54 MB)
2025-11-19 09:37:09,169 - hunyuan_podcast.upload_client - INFO - 流式上传模式（文件大小: 3.54 MB, chunk_size: 512 KB）
2025-11-19 09:37:11,485 - hunyuan_podcast.upload_client - INFO - 上传进度: 84.8% (3.00/3.54 MB), 速度: 1.30 MB/s
2025-11-19 09:37:14,912 - hunyuan_podcast.upload_client - INFO - 上传响应: status_code=200, 耗时: 5.74秒, 速度: 0.62 MB/s
2025-11-19 09:37:14,913 - hunyuan_podcast.upload_client - INFO -   响应头: {'Date': 'Wed, 19 Nov 2025 01:37:14 GMT', 'Content-Type': 'text/plain', 'Transfer-Encoding': 'chunked', 'Connection': 'keep-alive', 'X-Agc-Trace-Id': 'cc1e1c8a-92de-49ba-9da5-86c2fcefce9f', 'Server': 'elb'}
2025-11-19 09:37:14,914 - hunyuan_podcast.upload_client - INFO - 上传响应内容: {"uploadStatus":"finalize","fileInfo":{"storageArea":"CN","createTime":"2025-11-19T01:37:09Z","updateTime":"2025-11-19T01:37:09Z","contentType":"audio\/mpeg","name":"music\/business_finance\/corporate-inspiring-motivational-healthcare-410903.mp3","size":3711477,"cacheControl":"no-cache, no-store, must-revalidate","bucket":"podcasters-y0qig","storageType":"STANDARD"}}
2025-11-19 09:37:14,914 - hunyuan_podcast.upload_client - INFO - 上传成功！
2025-11-19 09:37:14,916 - hunyuan_podcast.upload_client - INFO - 上传到 AGC: https://ops-server-drcn.agcstorage.link/v0/podcasters-y0qig/music/business_finance/corporate-upbeat-uplifting-motivational-success-400871.mp3
2025-11-19 09:37:14,916 - hunyuan_podcast.upload_client - INFO -   文件大小: 4917707 bytes (4.69 MB)
2025-11-19 09:37:14,917 - hunyuan_podcast.upload_client - INFO -   Content-Length: 4917707
2025-11-19 09:37:14,917 - hunyuan_podcast.upload_client - INFO -   X-Agc-Content-Type: audio/mpeg
2025-11-19 09:37:14,917 - hunyuan_podcast.upload_client - INFO -   Headers: productId=已设置, client_id=已设置, Authorization=已设置
2025-11-19 09:37:14,917 - hunyuan_podcast.upload_client - INFO - 上传尝试 1: 连接超时=30秒, 读取超时=无限制 (文件大小: 4.69 MB)
2025-11-19 09:37:14,919 - hunyuan_podcast.upload_client - INFO - 流式上传模式（文件大小: 4.69 MB, chunk_size: 512 KB）
2025-11-19 09:37:17,171 - hunyuan_podcast.upload_client - INFO - 上传进度: 53.3% (2.50/4.69 MB), 速度: 1.11 MB/s
2025-11-19 09:37:20,592 - hunyuan_podcast.upload_client - INFO - 上传响应: status_code=200, 耗时: 5.67秒, 速度: 0.83 MB/s
2025-11-19 09:37:20,593 - hunyuan_podcast.upload_client - INFO -   响应头: {'Date': 'Wed, 19 Nov 2025 01:37:20 GMT', 'Content-Type': 'text/plain', 'Transfer-Encoding': 'chunked', 'Connection': 'keep-alive', 'X-Agc-Trace-Id': '0483516c-2a0c-425b-95b1-7c9c65749636', 'Server': 'elb'}
2025-11-19 09:37:20,593 - hunyuan_podcast.upload_client - INFO - 上传响应内容: {"uploadStatus":"finalize","fileInfo":{"size":4917707,"cacheControl":"no-cache, no-store, must-revalidate","updateTime":"2025-11-19T01:37:14Z","name":"music\/business_finance\/corporate-upbeat-uplifting-motivational-success-400871.mp3","bucket":"podcasters-y0qig","storageArea":"CN","storageType":"STANDARD","createTime":"2025-11-19T01:37:14Z","contentType":"audio\/mpeg"}}
2025-11-19 09:37:20,594 - hunyuan_podcast.upload_client - INFO - 上传成功！
2025-11-19 09:37:20,595 - hunyuan_podcast.upload_client - INFO - 上传到 AGC: https://ops-server-drcn.agcstorage.link/v0/podcasters-y0qig/music/business_finance/emotional-piano-music-256262.mp3
2025-11-19 09:37:20,595 - hunyuan_podcast.upload_client - INFO -   文件大小: 4279902 bytes (4.08 MB)
2025-11-19 09:37:20,595 - hunyuan_podcast.upload_client - INFO -   Content-Length: 4279902
2025-11-19 09:37:20,595 - hunyuan_podcast.upload_client - INFO -   X-Agc-Content-Type: audio/mpeg
2025-11-19 09:37:20,595 - hunyuan_podcast.upload_client - INFO -   Headers: productId=已设置, client_id=已设置, Authorization=已设置
2025-11-19 09:37:20,597 - hunyuan_podcast.upload_client - INFO - 上传尝试 1: 连接超时=30秒, 读取超时=无限制 (文件大小: 4.08 MB)
2025-11-19 09:37:20,597 - hunyuan_podcast.upload_client - INFO - 流式上传模式（文件大小: 4.08 MB, chunk_size: 512 KB）
2025-11-19 09:37:22,657 - hunyuan_podcast.upload_client - INFO - 上传进度: 85.8% (3.50/4.08 MB), 速度: 1.70 MB/s
2025-11-19 09:37:25,245 - hunyuan_podcast.upload_client - INFO - 上传响应: status_code=200, 耗时: 4.65秒, 速度: 0.88 MB/s
2025-11-19 09:37:25,246 - hunyuan_podcast.upload_client - INFO -   响应头: {'Date': 'Wed, 19 Nov 2025 01:37:24 GMT', 'Content-Type': 'text/plain', 'Transfer-Encoding': 'chunked', 'Connection': 'keep-alive', 'X-Agc-Trace-Id': '6dd51d2a-68df-4d0d-97b3-31c09fd98348', 'Server': 'elb'}
2025-11-19 09:37:25,246 - hunyuan_podcast.upload_client - INFO - 上传响应内容: {"uploadStatus":"finalize","fileInfo":{"size":4279902,"cacheControl":"no-cache, no-store, must-revalidate","updateTime":"2025-11-19T01:37:20Z","name":"music\/business_finance\/emotional-piano-music-256262.mp3","bucket":"podcasters-y0qig","storageArea":"CN","storageType":"STANDARD","createTime":"2025-11-19T01:37:20Z","contentType":"audio\/mpeg"}}
2025-11-19 09:37:25,246 - hunyuan_podcast.upload_client - INFO - 上传成功！
2025-11-19 09:37:25,249 - hunyuan_podcast.upload_client - INFO - 上传到 AGC: https://ops-server-drcn.agcstorage.link/v0/podcasters-y0qig/music/business_finance/podcast-interview-intro-music-397245.mp3
2025-11-19 09:37:25,249 - hunyuan_podcast.upload_client - INFO -   文件大小: 3343673 bytes (3.19 MB)
2025-11-19 09:37:25,249 - hunyuan_podcast.upload_client - INFO -   Content-Length: 3343673
2025-11-19 09:37:25,249 - hunyuan_podcast.upload_client - INFO -   X-Agc-Content-Type: audio/mpeg
2025-11-19 09:37:25,250 - hunyuan_podcast.upload_client - INFO -   Headers: productId=已设置, client_id=已设置, Authorization=已设置
2025-11-19 09:37:25,250 - hunyuan_podcast.upload_client - INFO - 上传尝试 1: 连接超时=30秒, 读取超时=无限制 (文件大小: 3.19 MB)
2025-11-19 09:37:25,250 - hunyuan_podcast.upload_client - INFO - 流式上传模式（文件大小: 3.19 MB, chunk_size: 512 KB）
2025-11-19 09:37:27,564 - hunyuan_podcast.upload_client - INFO - 上传进度: 78.4% (2.50/3.19 MB), 速度: 1.08 MB/s
2025-11-19 09:37:31,046 - hunyuan_podcast.upload_client - INFO - 上传响应: status_code=200, 耗时: 5.80秒, 速度: 0.55 MB/s
2025-11-19 09:37:31,048 - hunyuan_podcast.upload_client - INFO -   响应头: {'Date': 'Wed, 19 Nov 2025 01:37:30 GMT', 'Content-Type': 'text/plain', 'Transfer-Encoding': 'chunked', 'Connection': 'keep-alive', 'X-Agc-Trace-Id': 'ae034d2f-8d2b-4027-b48d-65505e224ecf', 'Server': 'elb'}
2025-11-19 09:37:31,048 - hunyuan_podcast.upload_client - INFO - 上传响应内容: {"uploadStatus":"finalize","fileInfo":{"storageArea":"CN","createTime":"2025-11-19T01:37:25Z","updateTime":"2025-11-19T01:37:25Z","contentType":"audio\/mpeg","name":"music\/business_finance\/podcast-interview-intro-music-397245.mp3","size":3343673,"cacheControl":"no-cache, no-store, must-revalidate","bucket":"podcasters-y0qig","storageType":"STANDARD"}}
2025-11-19 09:37:31,049 - hunyuan_podcast.upload_client - INFO - 上传成功！
2025-11-19 09:37:31,053 - hunyuan_podcast.upload_client - INFO - 上传到 AGC: https://ops-server-drcn.agcstorage.link/v0/podcasters-y0qig/music/business_finance/podcast-interview-music-2-424600.mp3
2025-11-19 09:37:31,054 - hunyuan_podcast.upload_client - INFO -   文件大小: 3964760 bytes (3.78 MB)
2025-11-19 09:37:31,055 - hunyuan_podcast.upload_client - INFO -   Content-Length: 3964760
2025-11-19 09:37:31,055 - hunyuan_podcast.upload_client - INFO -   X-Agc-Content-Type: audio/mpeg
2025-11-19 09:37:31,055 - hunyuan_podcast.upload_client - INFO -   Headers: productId=已设置, client_id=已设置, Authorization=已设置
2025-11-19 09:37:31,055 - hunyuan_podcast.upload_client - INFO - 上传尝试 1: 连接超时=30秒, 读取超时=无限制 (文件大小: 3.78 MB)
2025-11-19 09:37:31,056 - hunyuan_podcast.upload_client - INFO - 流式上传模式（文件大小: 3.78 MB, chunk_size: 512 KB）
2025-11-19 09:37:33,306 - hunyuan_podcast.upload_client - INFO - 上传进度: 79.3% (3.00/3.78 MB), 速度: 1.33 MB/s
2025-11-19 09:37:35,936 - hunyuan_podcast.upload_client - INFO - 上传响应: status_code=200, 耗时: 4.88秒, 速度: 0.77 MB/s
2025-11-19 09:37:35,938 - hunyuan_podcast.upload_client - INFO -   响应头: {'Date': 'Wed, 19 Nov 2025 01:37:35 GMT', 'Content-Type': 'text/plain', 'Transfer-Encoding': 'chunked', 'Connection': 'keep-alive', 'X-Agc-Trace-Id': 'cbf5d00c-4c23-4b4e-b422-b754e3a83f90', 'Server': 'elb'}
2025-11-19 09:37:35,939 - hunyuan_podcast.upload_client - INFO - 上传响应内容: {"uploadStatus":"finalize","fileInfo":{"size":3964760,"cacheControl":"no-cache, no-store, must-revalidate","updateTime":"2025-11-19T01:37:31Z","name":"music\/business_finance\/podcast-interview-music-2-424600.mp3","bucket":"podcasters-y0qig","storageArea":"CN","storageType":"STANDARD","createTime":"2025-11-19T01:37:31Z","contentType":"audio\/mpeg"}}
2025-11-19 09:37:35,940 - hunyuan_podcast.upload_client - INFO - 上传成功！
2025-11-19 09:37:35,950 - hunyuan_podcast.upload_client - INFO - 上传到 AGC: https://ops-server-drcn.agcstorage.link/v0/podcasters-y0qig/music/business_finance/podcast-interview-music-254186.mp3
2025-11-19 09:37:35,951 - hunyuan_podcast.upload_client - INFO -   文件大小: 4380212 bytes (4.18 MB)
2025-11-19 09:37:35,952 - hunyuan_podcast.upload_client - INFO -   Content-Length: 4380212
2025-11-19 09:37:35,953 - hunyuan_podcast.upload_client - INFO -   X-Agc-Content-Type: audio/mpeg
2025-11-19 09:37:35,954 - hunyuan_podcast.upload_client - INFO -   Headers: productId=已设置, client_id=已设置, Authorization=已设置
2025-11-19 09:37:35,954 - hunyuan_podcast.upload_client - INFO - 上传尝试 1: 连接超时=30秒, 读取超时=无限制 (文件大小: 4.18 MB)
2025-11-19 09:37:35,954 - hunyuan_podcast.upload_client - INFO - 流式上传模式（文件大小: 4.18 MB, chunk_size: 512 KB）
2025-11-19 09:37:38,621 - hunyuan_podcast.upload_client - INFO - 上传进度: 71.8% (3.00/4.18 MB), 速度: 1.12 MB/s
2025-11-19 09:37:40,907 - hunyuan_podcast.upload_client - INFO - 上传进度: 100.0% (4.18/4.18 MB), 速度: 0.84 MB/s
2025-11-19 09:37:44,695 - hunyuan_podcast.upload_client - INFO - 上传响应: status_code=200, 耗时: 8.74秒, 速度: 0.48 MB/s
2025-11-19 09:37:44,696 - hunyuan_podcast.upload_client - INFO -   响应头: {'Date': 'Wed, 19 Nov 2025 01:37:44 GMT', 'Content-Type': 'text/plain', 'Transfer-Encoding': 'chunked', 'Connection': 'keep-alive', 'X-Agc-Trace-Id': '3035a829-e736-4ce5-a430-709270a35637', 'Server': 'elb'}
2025-11-19 09:37:44,696 - hunyuan_podcast.upload_client - INFO - 上传响应内容: {"uploadStatus":"finalize","fileInfo":{"size":4380212,"cacheControl":"no-cache, no-store, must-revalidate","updateTime":"2025-11-19T01:37:35Z","name":"music\/business_finance\/podcast-interview-music-254186.mp3","bucket":"podcasters-y0qig","storageArea":"CN","storageType":"STANDARD","createTime":"2025-11-19T01:37:35Z","contentType":"audio\/mpeg"}}
2025-11-19 09:37:44,696 - hunyuan_podcast.upload_client - INFO - 上传成功！
2025-11-19 09:37:44,697 - hunyuan_podcast.upload_client - INFO - 上传到 AGC: https://ops-server-drcn.agcstorage.link/v0/podcasters-y0qig/music/business_finance/podcast-interview-music-278389.mp3
2025-11-19 09:37:44,697 - hunyuan_podcast.upload_client - INFO -   文件大小: 5145077 bytes (4.91 MB)
2025-11-19 09:37:44,699 - hunyuan_podcast.upload_client - INFO -   Content-Length: 5145077
2025-11-19 09:37:44,699 - hunyuan_podcast.upload_client - INFO -   X-Agc-Content-Type: audio/mpeg
2025-11-19 09:37:44,699 - hunyuan_podcast.upload_client - INFO -   Headers: productId=已设置, client_id=已设置, Authorization=已设置
2025-11-19 09:37:44,699 - hunyuan_podcast.upload_client - INFO - 上传尝试 1: 连接超时=30秒, 读取超时=无限制 (文件大小: 4.91 MB)
2025-11-19 09:37:44,700 - hunyuan_podcast.upload_client - INFO - 流式上传模式（文件大小: 4.91 MB, chunk_size: 512 KB）
2025-11-19 09:37:47,478 - hunyuan_podcast.upload_client - INFO - 上传进度: 40.8% (2.00/4.91 MB), 速度: 0.72 MB/s
2025-11-19 09:37:50,870 - hunyuan_podcast.upload_client - INFO - 上传进度: 61.1% (3.00/4.91 MB), 速度: 0.49 MB/s
2025-11-19 09:37:53,882 - hunyuan_podcast.upload_client - INFO - 上传进度: 81.5% (4.00/4.91 MB), 速度: 0.44 MB/s
2025-11-19 09:37:59,599 - hunyuan_podcast.upload_client - INFO - 上传响应: status_code=200, 耗时: 14.90秒, 速度: 0.33 MB/s
2025-11-19 09:37:59,601 - hunyuan_podcast.upload_client - INFO -   响应头: {'Date': 'Wed, 19 Nov 2025 01:37:58 GMT', 'Content-Type': 'text/plain', 'Transfer-Encoding': 'chunked', 'Connection': 'keep-alive', 'X-Agc-Trace-Id': 'a78c578b-f9d5-4bef-8b8c-16e3f02e8559', 'Server': 'elb'}
2025-11-19 09:37:59,602 - hunyuan_podcast.upload_client - INFO - 上传响应内容: {"uploadStatus":"finalize","fileInfo":{"storageArea":"CN","createTime":"2025-11-19T01:37:45Z","updateTime":"2025-11-19T01:37:45Z","contentType":"audio\/mpeg","name":"music\/business_finance\/podcast-interview-music-278389.mp3","size":5145077,"cacheControl":"no-cache, no-store, must-revalidate","bucket":"podcasters-y0qig","storageType":"STANDARD"}}
2025-11-19 09:37:59,603 - hunyuan_podcast.upload_client - INFO - 上传成功！
2025-11-19 09:37:59,608 - hunyuan_podcast.upload_client - INFO - 上传到 AGC: https://ops-server-drcn.agcstorage.link/v0/podcasters-y0qig/music/business_finance/podcast-interview-music-413273.mp3
2025-11-19 09:37:59,609 - hunyuan_podcast.upload_client - INFO -   文件大小: 3716493 bytes (3.54 MB)
2025-11-19 09:37:59,609 - hunyuan_podcast.upload_client - INFO -   Content-Length: 3716493
2025-11-19 09:37:59,610 - hunyuan_podcast.upload_client - INFO -   X-Agc-Content-Type: audio/mpeg
2025-11-19 09:37:59,619 - hunyuan_podcast.upload_client - INFO -   Headers: productId=已设置, client_id=已设置, Authorization=已设置
2025-11-19 09:37:59,621 - hunyuan_podcast.upload_client - INFO - 上传尝试 1: 连接超时=30秒, 读取超时=无限制 (文件大小: 3.54 MB)
2025-11-19 09:37:59,621 - hunyuan_podcast.upload_client - INFO - 流式上传模式（文件大小: 3.54 MB, chunk_size: 512 KB）
2025-11-19 09:38:02,471 - hunyuan_podcast.upload_client - INFO - 上传进度: 84.6% (3.00/3.54 MB), 速度: 1.05 MB/s
2025-11-19 09:38:04,684 - hunyuan_podcast.upload_client - INFO - 上传响应: status_code=200, 耗时: 5.06秒, 速度: 0.70 MB/s
2025-11-19 09:38:04,685 - hunyuan_podcast.upload_client - INFO -   响应头: {'Date': 'Wed, 19 Nov 2025 01:38:04 GMT', 'Content-Type': 'text/plain', 'Transfer-Encoding': 'chunked', 'Connection': 'keep-alive', 'X-Agc-Trace-Id': '39b4112b-deb1-4324-b1af-967b45da6aad', 'Server': 'elb'}
2025-11-19 09:38:04,685 - hunyuan_podcast.upload_client - INFO - 上传响应内容: {"uploadStatus":"finalize","fileInfo":{"storageArea":"CN","createTime":"2025-11-19T01:37:59Z","updateTime":"2025-11-19T01:37:59Z","contentType":"audio\/mpeg","name":"music\/business_finance\/podcast-interview-music-413273.mp3","size":3716493,"cacheControl":"no-cache, no-store, must-revalidate","bucket":"podcasters-y0qig","storageType":"STANDARD"}}
2025-11-19 09:38:04,685 - hunyuan_podcast.upload_client - INFO - 上传成功！
2025-11-19 09:38:04,688 - hunyuan_podcast.upload_client - INFO - 上传到 AGC: https://ops-server-drcn.agcstorage.link/v0/podcasters-y0qig/music/business_finance/podcast-interview-podcast-music-295052.mp3
2025-11-19 09:38:04,688 - hunyuan_podcast.upload_client - INFO -   文件大小: 4549903 bytes (4.34 MB)
2025-11-19 09:38:04,688 - hunyuan_podcast.upload_client - INFO -   Content-Length: 4549903
2025-11-19 09:38:04,689 - hunyuan_podcast.upload_client - INFO -   X-Agc-Content-Type: audio/mpeg
2025-11-19 09:38:04,689 - hunyuan_podcast.upload_client - INFO -   Headers: productId=已设置, client_id=已设置, Authorization=已设置
2025-11-19 09:38:04,689 - hunyuan_podcast.upload_client - INFO - 上传尝试 1: 连接超时=30秒, 读取超时=无限制 (文件大小: 4.34 MB)
2025-11-19 09:38:04,690 - hunyuan_podcast.upload_client - INFO - 流式上传模式（文件大小: 4.34 MB, chunk_size: 512 KB）
2025-11-19 09:38:07,250 - hunyuan_podcast.upload_client - INFO - 上传进度: 57.6% (2.50/4.34 MB), 速度: 0.98 MB/s
2025-11-19 09:38:09,627 - hunyuan_podcast.upload_client - INFO - 上传进度: 92.2% (4.00/4.34 MB), 速度: 0.81 MB/s
2025-11-19 09:38:13,920 - hunyuan_podcast.upload_client - INFO - 上传响应: status_code=200, 耗时: 9.23秒, 速度: 0.47 MB/s
2025-11-19 09:38:13,933 - hunyuan_podcast.upload_client - INFO -   响应头: {'Date': 'Wed, 19 Nov 2025 01:38:13 GMT', 'Content-Type': 'text/plain', 'Transfer-Encoding': 'chunked', 'Connection': 'keep-alive', 'X-Agc-Trace-Id': '8478e72a-69ac-451c-b53d-18447765ad2b', 'Server': 'elb'}
2025-11-19 09:38:13,940 - hunyuan_podcast.upload_client - INFO - 上传响应内容: {"uploadStatus":"finalize","fileInfo":{"size":4549903,"cacheControl":"no-cache, no-store, must-revalidate","updateTime":"2025-11-19T01:38:04Z","name":"music\/business_finance\/podcast-interview-podcast-music-295052.mp3","bucket":"podcasters-y0qig","storageArea":"CN","storageType":"STANDARD","createTime":"2025-11-19T01:38:04Z","contentType":"audio\/mpeg"}}
2025-11-19 09:38:13,940 - hunyuan_podcast.upload_client - INFO - 上传成功！
2025-11-19 09:38:13,968 - hunyuan_podcast.upload_client - INFO - 上传到 AGC: https://ops-server-drcn.agcstorage.link/v0/podcasters-y0qig/music/business_finance/podcast-interview-youtube-music-413275.mp3
2025-11-19 09:38:13,972 - hunyuan_podcast.upload_client - INFO -   文件大小: 5763657 bytes (5.50 MB)
2025-11-19 09:38:13,972 - hunyuan_podcast.upload_client - INFO -   Content-Length: 5763657
2025-11-19 09:38:13,973 - hunyuan_podcast.upload_client - INFO -   X-Agc-Content-Type: audio/mpeg
2025-11-19 09:38:13,973 - hunyuan_podcast.upload_client - INFO -   Headers: productId=已设置, client_id=已设置, Authorization=已设置
2025-11-19 09:38:13,973 - hunyuan_podcast.upload_client - INFO - 上传尝试 1: 连接超时=30秒, 读取超时=无限制 (文件大小: 5.50 MB)
2025-11-19 09:38:13,974 - hunyuan_podcast.upload_client - INFO - 流式上传模式（文件大小: 5.50 MB, chunk_size: 1024 KB）
2025-11-19 09:38:18,080 - hunyuan_podcast.upload_client - INFO - 上传进度: 54.6% (3.00/5.50 MB), 速度: 0.73 MB/s
2025-11-19 09:38:21,762 - hunyuan_podcast.upload_client - INFO - 上传进度: 91.0% (5.00/5.50 MB), 速度: 0.64 MB/s
2025-11-19 09:38:24,965 - hunyuan_podcast.upload_client - INFO - 上传进度: 100.0% (5.50/5.50 MB), 速度: 0.50 MB/s
2025-11-19 09:38:30,177 - hunyuan_podcast.upload_client - INFO - 上传响应: status_code=200, 耗时: 16.20秒, 速度: 0.34 MB/s
2025-11-19 09:38:30,315 - hunyuan_podcast.upload_client - INFO -   响应头: {'Date': 'Wed, 19 Nov 2025 01:38:29 GMT', 'Content-Type': 'text/plain', 'Transfer-Encoding': 'chunked', 'Connection': 'keep-alive', 'X-Agc-Trace-Id': 'ec0e7e02-e5dd-4c57-a582-5d8bcd287bf5', 'Server': 'elb'}
2025-11-19 09:38:30,318 - hunyuan_podcast.upload_client - INFO - 上传响应内容: {"uploadStatus":"finalize","fileInfo":{"size":5763657,"cacheControl":"no-cache, no-store, must-revalidate","updateTime":"2025-11-19T01:38:14Z","name":"music\/business_finance\/podcast-interview-youtube-music-413275.mp3","bucket":"podcasters-y0qig","storageArea":"CN","storageType":"STANDARD","createTime":"2025-11-19T01:38:14Z","contentType":"audio\/mpeg"}}
2025-11-19 09:38:30,322 - hunyuan_podcast.upload_client - INFO - 上传成功！
2025-11-19 09:38:30,584 - hunyuan_podcast.upload_client - INFO - 上传到 AGC: https://ops-server-drcn.agcstorage.link/v0/podcasters-y0qig/music/business_finance/presentation-corporate-219493.mp3
2025-11-19 09:38:30,584 - hunyuan_podcast.upload_client - INFO -   文件大小: 4888320 bytes (4.66 MB)
2025-11-19 09:38:30,584 - hunyuan_podcast.upload_client - INFO -   Content-Length: 4888320
2025-11-19 09:38:30,660 - hunyuan_podcast.upload_client - INFO -   X-Agc-Content-Type: audio/mpeg
2025-11-19 09:38:30,696 - hunyuan_podcast.upload_client - INFO -   Headers: productId=已设置, client_id=已设置, Authorization=已设置
2025-11-19 09:38:30,706 - hunyuan_podcast.upload_client - INFO - 上传尝试 1: 连接超时=30秒, 读取超时=无限制 (文件大小: 4.66 MB)
2025-11-19 09:38:30,712 - hunyuan_podcast.upload_client - INFO - 流式上传模式（文件大小: 4.66 MB, chunk_size: 512 KB）
2025-11-19 09:38:32,767 - hunyuan_podcast.upload_client - INFO - 上传进度: 42.9% (2.00/4.66 MB), 速度: 0.97 MB/s
2025-11-19 09:38:35,081 - hunyuan_podcast.upload_client - INFO - 上传进度: 64.4% (3.00/4.66 MB), 速度: 0.69 MB/s
2025-11-19 09:38:37,092 - hunyuan_podcast.upload_client - INFO - 上传进度: 75.1% (3.50/4.66 MB), 速度: 0.55 MB/s
2025-11-19 09:38:40,838 - hunyuan_podcast.upload_client - INFO - 上传进度: 96.5% (4.50/4.66 MB), 速度: 0.44 MB/s
2025-11-19 09:38:43,418 - hunyuan_podcast.upload_client - INFO - 上传进度: 100.0% (4.66/4.66 MB), 速度: 0.37 MB/s
2025-11-19 09:38:48,670 - hunyuan_podcast.upload_client - INFO - 上传响应: status_code=200, 耗时: 17.96秒, 速度: 0.26 MB/s
2025-11-19 09:38:48,672 - hunyuan_podcast.upload_client - INFO -   响应头: {'Date': 'Wed, 19 Nov 2025 01:38:48 GMT', 'Content-Type': 'text/plain', 'Transfer-Encoding': 'chunked', 'Connection': 'keep-alive', 'X-Agc-Trace-Id': 'e7922095-3d97-4082-a7e6-42d14c7c8118', 'Server': 'elb'}
2025-11-19 09:38:48,672 - hunyuan_podcast.upload_client - INFO - 上传响应内容: {"uploadStatus":"finalize","fileInfo":{"storageArea":"CN","createTime":"2025-11-19T01:38:31Z","updateTime":"2025-11-19T01:38:31Z","contentType":"audio\/mpeg","name":"music\/business_finance\/presentation-corporate-219493.mp3","size":4888320,"cacheControl":"no-cache, no-store, must-revalidate","bucket":"podcasters-y0qig","storageType":"STANDARD"}}
2025-11-19 09:38:48,673 - hunyuan_podcast.upload_client - INFO - 上传成功！
2025-11-19 09:38:48,675 - hunyuan_podcast.upload_client - INFO - 上传到 AGC: https://ops-server-drcn.agcstorage.link/v0/podcasters-y0qig/music/business_finance/soft-background-music-432715.mp3
2025-11-19 09:38:48,676 - hunyuan_podcast.upload_client - INFO -   文件大小: 5935856 bytes (5.66 MB)
2025-11-19 09:38:48,676 - hunyuan_podcast.upload_client - INFO -   Content-Length: 5935856
2025-11-19 09:38:48,686 - hunyuan_podcast.upload_client - INFO -   X-Agc-Content-Type: audio/mpeg
2025-11-19 09:38:48,689 - hunyuan_podcast.upload_client - INFO -   Headers: productId=已设置, client_id=已设置, Authorization=已设置
2025-11-19 09:38:48,689 - hunyuan_podcast.upload_client - INFO - 上传尝试 1: 连接超时=30秒, 读取超时=无限制 (文件大小: 5.66 MB)
2025-11-19 09:38:48,690 - hunyuan_podcast.upload_client - INFO - 流式上传模式（文件大小: 5.66 MB, chunk_size: 1024 KB）
2025-11-19 09:38:51,102 - hunyuan_podcast.upload_client - INFO - 上传进度: 70.7% (4.00/5.66 MB), 速度: 1.66 MB/s
2025-11-19 09:38:55,349 - hunyuan_podcast.upload_client - INFO - 上传进度: 100.0% (5.66/5.66 MB), 速度: 0.85 MB/s
2025-11-19 09:39:00,523 - hunyuan_podcast.upload_client - INFO - 上传响应: status_code=200, 耗时: 11.83秒, 速度: 0.48 MB/s
2025-11-19 09:39:00,525 - hunyuan_podcast.upload_client - INFO -   响应头: {'Date': 'Wed, 19 Nov 2025 01:39:00 GMT', 'Content-Type': 'text/plain', 'Transfer-Encoding': 'chunked', 'Connection': 'keep-alive', 'X-Agc-Trace-Id': 'f9c6775f-61c2-4fd0-bf2d-d709e455a01e', 'Server': 'elb'}
2025-11-19 09:39:00,525 - hunyuan_podcast.upload_client - INFO - 上传响应内容: {"uploadStatus":"finalize","fileInfo":{"size":5935856,"cacheControl":"no-cache, no-store, must-revalidate","updateTime":"2025-11-19T01:38:48Z","name":"music\/business_finance\/soft-background-music-432715.mp3","bucket":"podcasters-y0qig","storageArea":"CN","storageType":"STANDARD","createTime":"2025-11-19T01:38:48Z","contentType":"audio\/mpeg"}}
2025-11-19 09:39:00,526 - hunyuan_podcast.upload_client - INFO - 上传成功！
2025-11-19 09:39:00,546 - hunyuan_podcast.upload_client - INFO - 上传到 AGC: https://ops-server-drcn.agcstorage.link/v0/podcasters-y0qig/music/business_finance/youtube-intro-291172.mp3
2025-11-19 09:39:00,546 - hunyuan_podcast.upload_client - INFO -   文件大小: 423936 bytes (0.40 MB)
2025-11-19 09:39:00,546 - hunyuan_podcast.upload_client - INFO -   Content-Length: 423936
2025-11-19 09:39:00,547 - hunyuan_podcast.upload_client - INFO -   X-Agc-Content-Type: audio/mpeg
2025-11-19 09:39:00,547 - hunyuan_podcast.upload_client - INFO -   Headers: productId=已设置, client_id=已设置, Authorization=已设置
2025-11-19 09:39:00,547 - hunyuan_podcast.upload_client - INFO - 上传尝试 1: 连接超时=30秒, 读取超时=无限制 (文件大小: 0.40 MB)
2025-11-19 09:39:00,547 - hunyuan_podcast.upload_client - INFO - 流式上传模式（文件大小: 0.40 MB, chunk_size: 256 KB）
2025-11-19 09:39:01,930 - hunyuan_podcast.upload_client - INFO - 上传响应: status_code=200, 耗时: 1.38秒, 速度: 0.29 MB/s
2025-11-19 09:39:01,932 - hunyuan_podcast.upload_client - INFO -   响应头: {'Date': 'Wed, 19 Nov 2025 01:39:01 GMT', 'Content-Type': 'text/plain', 'Transfer-Encoding': 'chunked', 'Connection': 'keep-alive', 'X-Agc-Trace-Id': '4847d05a-6862-451d-b3b1-54d8f7781f31', 'Server': 'elb'}
2025-11-19 09:39:01,933 - hunyuan_podcast.upload_client - INFO - 上传响应内容: {"uploadStatus":"finalize","fileInfo":{"size":423936,"cacheControl":"no-cache, no-store, must-revalidate","updateTime":"2025-11-19T01:39:00Z","name":"music\/business_finance\/youtube-intro-291172.mp3","bucket":"podcasters-y0qig","storageArea":"CN","storageType":"STANDARD","createTime":"2025-11-19T01:39:00Z","contentType":"audio\/mpeg"}}
2025-11-19 09:39:01,935 - hunyuan_podcast.upload_client - INFO - 上传成功！
2025-11-19 09:39:01,949 - hunyuan_podcast.upload_client - INFO - 上传到 AGC: https://ops-server-drcn.agcstorage.link/v0/podcasters-y0qig/music/career/background-royalty-free-music-emotional-piano-305670.mp3
2025-11-19 09:39:01,949 - hunyuan_podcast.upload_client - INFO -   文件大小: 5823843 bytes (5.55 MB)
2025-11-19 09:39:01,949 - hunyuan_podcast.upload_client - INFO -   Content-Length: 5823843
2025-11-19 09:39:01,949 - hunyuan_podcast.upload_client - INFO -   X-Agc-Content-Type: audio/mpeg
2025-11-19 09:39:01,950 - hunyuan_podcast.upload_client - INFO -   Headers: productId=已设置, client_id=已设置, Authorization=已设置
2025-11-19 09:39:01,950 - hunyuan_podcast.upload_client - INFO - 上传尝试 1: 连接超时=30秒, 读取超时=无限制 (文件大小: 5.55 MB)
2025-11-19 09:39:01,950 - hunyuan_podcast.upload_client - INFO - 流式上传模式（文件大小: 5.55 MB, chunk_size: 1024 KB）
2025-11-19 09:39:07,254 - hunyuan_podcast.upload_client - INFO - 上传进度: 54.0% (3.00/5.55 MB), 速度: 0.57 MB/s
2025-11-19 09:39:10,878 - hunyuan_podcast.upload_client - INFO - 上传进度: 72.0% (4.00/5.55 MB), 速度: 0.45 MB/s
2025-11-19 09:39:17,467 - hunyuan_podcast.upload_client - INFO - 上传进度: 90.0% (5.00/5.55 MB), 速度: 0.32 MB/s
2025-11-19 09:39:21,935 - hunyuan_podcast.upload_client - INFO - 上传进度: 100.0% (5.55/5.55 MB), 速度: 0.28 MB/s
2025-11-19 09:39:25,519 - hunyuan_podcast.upload_client - INFO - 上传响应: status_code=200, 耗时: 23.57秒, 速度: 0.24 MB/s
2025-11-19 09:39:25,520 - hunyuan_podcast.upload_client - INFO -   响应头: {'Date': 'Wed, 19 Nov 2025 01:39:25 GMT', 'Content-Type': 'text/plain', 'Transfer-Encoding': 'chunked', 'Connection': 'keep-alive', 'X-Agc-Trace-Id': '8dc133a6-3559-46fb-a5a3-1b5e7514777e', 'Server': 'elb'}
2025-11-19 09:39:25,521 - hunyuan_podcast.upload_client - INFO - 上传响应内容: {"uploadStatus":"finalize","fileInfo":{"size":5823843,"cacheControl":"no-cache, no-store, must-revalidate","updateTime":"2025-11-19T01:39:01Z","name":"music\/career\/background-royalty-free-music-emotional-piano-305670.mp3","bucket":"podcasters-y0qig","storageArea":"CN","storageType":"STANDARD","createTime":"2025-11-19T01:39:01Z","contentType":"audio\/mpeg"}}
2025-11-19 09:39:25,521 - hunyuan_podcast.upload_client - INFO - 上传成功！
2025-11-19 09:39:25,525 - hunyuan_podcast.upload_client - INFO - 上传到 AGC: https://ops-server-drcn.agcstorage.link/v0/podcasters-y0qig/music/career/lofi-lofi-music-podcast-interview-432221.mp3
2025-11-19 09:39:25,527 - hunyuan_podcast.upload_client - INFO -   文件大小: 6064587 bytes (5.78 MB)
2025-11-19 09:39:25,529 - hunyuan_podcast.upload_client - INFO -   Content-Length: 6064587
2025-11-19 09:39:25,529 - hunyuan_podcast.upload_client - INFO -   X-Agc-Content-Type: audio/mpeg
2025-11-19 09:39:25,530 - hunyuan_podcast.upload_client - INFO -   Headers: productId=已设置, client_id=已设置, Authorization=已设置
2025-11-19 09:39:25,530 - hunyuan_podcast.upload_client - INFO - 上传尝试 1: 连接超时=30秒, 读取超时=无限制 (文件大小: 5.78 MB)
2025-11-19 09:39:25,530 - hunyuan_podcast.upload_client - INFO - 流式上传模式（文件大小: 5.78 MB, chunk_size: 1024 KB）
2025-11-19 09:39:33,647 - hunyuan_podcast.upload_client - INFO - 上传进度: 51.9% (3.00/5.78 MB), 速度: 0.37 MB/s
2025-11-19 09:39:38,872 - hunyuan_podcast.upload_client - INFO - 上传进度: 69.2% (4.00/5.78 MB), 速度: 0.30 MB/s
2025-11-19 09:39:42,817 - hunyuan_podcast.upload_client - INFO - 上传进度: 86.5% (5.00/5.78 MB), 速度: 0.29 MB/s
2025-11-19 09:39:45,490 - hunyuan_podcast.upload_client - INFO - 上传进度: 100.0% (5.78/5.78 MB), 速度: 0.29 MB/s
2025-11-19 09:39:49,678 - hunyuan_podcast.upload_client - INFO - 上传响应: status_code=200, 耗时: 24.15秒, 速度: 0.24 MB/s
2025-11-19 09:39:49,679 - hunyuan_podcast.upload_client - INFO -   响应头: {'Date': 'Wed, 19 Nov 2025 01:39:49 GMT', 'Content-Type': 'text/plain', 'Transfer-Encoding': 'chunked', 'Connection': 'keep-alive', 'X-Agc-Trace-Id': '947e1161-55b8-4039-8698-43c52b0ae18b', 'Server': 'elb'}
2025-11-19 09:39:49,679 - hunyuan_podcast.upload_client - INFO - 上传响应内容: {"uploadStatus":"finalize","fileInfo":{"storageArea":"CN","createTime":"2025-11-19T01:39:25Z","updateTime":"2025-11-19T01:39:25Z","contentType":"audio\/mpeg","name":"music\/career\/lofi-lofi-music-podcast-interview-432221.mp3","size":6064587,"cacheControl":"no-cache, no-store, must-revalidate","bucket":"podcasters-y0qig","storageType":"STANDARD"}}
2025-11-19 09:39:49,679 - hunyuan_podcast.upload_client - INFO - 上传成功！
2025-11-19 09:39:49,683 - hunyuan_podcast.upload_client - INFO - 上传到 AGC: https://ops-server-drcn.agcstorage.link/v0/podcasters-y0qig/music/career/penguinmusic-modern-chillout-future-calm-12641.mp3
2025-11-19 09:39:49,683 - hunyuan_podcast.upload_client - INFO -   文件大小: 2133263 bytes (2.03 MB)
2025-11-19 09:39:49,683 - hunyuan_podcast.upload_client - INFO -   Content-Length: 2133263
2025-11-19 09:39:49,683 - hunyuan_podcast.upload_client - INFO -   X-Agc-Content-Type: audio/mpeg
2025-11-19 09:39:49,688 - hunyuan_podcast.upload_client - INFO -   Headers: productId=已设置, client_id=已设置, Authorization=已设置
2025-11-19 09:39:49,689 - hunyuan_podcast.upload_client - INFO - 上传尝试 1: 连接超时=30秒, 读取超时=无限制 (文件大小: 2.03 MB)
2025-11-19 09:39:49,689 - hunyuan_podcast.upload_client - INFO - 流式上传模式（文件大小: 2.03 MB, chunk_size: 512 KB）
2025-11-19 09:39:51,844 - hunyuan_podcast.upload_client - INFO - 上传进度: 100.0% (2.03/2.03 MB), 速度: 0.94 MB/s
2025-11-19 09:39:54,216 - hunyuan_podcast.upload_client - INFO - 上传响应: status_code=200, 耗时: 4.53秒, 速度: 0.45 MB/s
2025-11-19 09:39:54,217 - hunyuan_podcast.upload_client - INFO -   响应头: {'Date': 'Wed, 19 Nov 2025 01:39:53 GMT', 'Content-Type': 'text/plain', 'Transfer-Encoding': 'chunked', 'Connection': 'keep-alive', 'X-Agc-Trace-Id': 'b1d8021e-1091-456b-a471-354895621b0b', 'Server': 'elb'}
2025-11-19 09:39:54,217 - hunyuan_podcast.upload_client - INFO - 上传响应内容: {"uploadStatus":"finalize","fileInfo":{"storageArea":"CN","createTime":"2025-11-19T01:39:49Z","updateTime":"2025-11-19T01:39:49Z","contentType":"audio\/mpeg","name":"music\/career\/penguinmusic-modern-chillout-future-calm-12641.mp3","size":2133263,"cacheControl":"no-cache, no-store, must-revalidate","bucket":"podcasters-y0qig","storageType":"STANDARD"}}
2025-11-19 09:39:54,217 - hunyuan_podcast.upload_client - INFO - 上传成功！
2025-11-19 09:39:54,221 - hunyuan_podcast.upload_client - INFO - 上传到 AGC: https://ops-server-drcn.agcstorage.link/v0/podcasters-y0qig/music/career/plea-for-forgiveness-stevekaldes-piano-art-ayla-heefner-401168.mp3
2025-11-19 09:39:54,222 - hunyuan_podcast.upload_client - INFO -   文件大小: 6426624 bytes (6.13 MB)
2025-11-19 09:39:54,222 - hunyuan_podcast.upload_client - INFO -   Content-Length: 6426624
2025-11-19 09:39:54,222 - hunyuan_podcast.upload_client - INFO -   X-Agc-Content-Type: audio/mpeg
2025-11-19 09:39:54,222 - hunyuan_podcast.upload_client - INFO -   Headers: productId=已设置, client_id=已设置, Authorization=已设置
2025-11-19 09:39:54,222 - hunyuan_podcast.upload_client - INFO - 上传尝试 1: 连接超时=30秒, 读取超时=无限制 (文件大小: 6.13 MB)
2025-11-19 09:39:54,223 - hunyuan_podcast.upload_client - INFO - 流式上传模式（文件大小: 6.13 MB, chunk_size: 1024 KB）
2025-11-19 09:39:56,760 - hunyuan_podcast.upload_client - INFO - 上传进度: 65.3% (4.00/6.13 MB), 速度: 1.58 MB/s
2025-11-19 09:39:59,470 - hunyuan_podcast.upload_client - INFO - 上传进度: 97.9% (6.00/6.13 MB), 速度: 1.14 MB/s
2025-11-19 09:40:02,593 - hunyuan_podcast.upload_client - INFO - 上传响应: status_code=200, 耗时: 8.37秒, 速度: 0.73 MB/s
2025-11-19 09:40:02,593 - hunyuan_podcast.upload_client - INFO -   响应头: {'Date': 'Wed, 19 Nov 2025 01:40:02 GMT', 'Content-Type': 'text/plain', 'Transfer-Encoding': 'chunked', 'Connection': 'keep-alive', 'X-Agc-Trace-Id': 'bd52455d-9bb7-450e-bf97-8ab2ace1b383', 'Server': 'elb'}
2025-11-19 09:40:02,593 - hunyuan_podcast.upload_client - INFO - 上传响应内容: {"uploadStatus":"finalize","fileInfo":{"size":6426624,"cacheControl":"no-cache, no-store, must-revalidate","updateTime":"2025-11-19T01:39:54Z","name":"music\/career\/plea-for-forgiveness-stevekaldes-piano-art-ayla-heefner-401168.mp3","bucket":"podcasters-y0qig","storageArea":"CN","storageType":"STANDARD","createTime":"2025-11-19T01:39:54Z","contentType":"audio\/mpeg"}}
2025-11-19 09:40:02,593 - hunyuan_podcast.upload_client - INFO - 上传成功！
2025-11-19 09:40:02,598 - hunyuan_podcast.upload_client - INFO - 上传到 AGC: https://ops-server-drcn.agcstorage.link/v0/podcasters-y0qig/music/career/podcast-smooth-jazz-fashion-stylish-music-249305.mp3
2025-11-19 09:40:02,599 - hunyuan_podcast.upload_client - INFO -   文件大小: 10460682 bytes (9.98 MB)
2025-11-19 09:40:02,599 - hunyuan_podcast.upload_client - INFO -   Content-Length: 10460682
2025-11-19 09:40:02,599 - hunyuan_podcast.upload_client - INFO -   X-Agc-Content-Type: audio/mpeg
2025-11-19 09:40:02,599 - hunyuan_podcast.upload_client - INFO -   Headers: productId=已设置, client_id=已设置, Authorization=已设置
2025-11-19 09:40:02,600 - hunyuan_podcast.upload_client - INFO - 上传尝试 1: 连接超时=30秒, 读取超时=无限制 (文件大小: 9.98 MB)
2025-11-19 09:40:02,600 - hunyuan_podcast.upload_client - INFO - 流式上传模式（文件大小: 9.98 MB, chunk_size: 1024 KB）
2025-11-19 09:40:05,173 - hunyuan_podcast.upload_client - INFO - 上传进度: 40.1% (4.00/9.98 MB), 速度: 1.55 MB/s
2025-11-19 09:40:08,168 - hunyuan_podcast.upload_client - INFO - 上传进度: 70.2% (7.00/9.98 MB), 速度: 1.26 MB/s
2025-11-19 09:40:10,335 - hunyuan_podcast.upload_client - INFO - 上传进度: 100.0% (9.98/9.98 MB), 速度: 1.29 MB/s
2025-11-19 09:40:14,062 - hunyuan_podcast.upload_client - INFO - 上传响应: status_code=200, 耗时: 11.46秒, 速度: 0.87 MB/s
2025-11-19 09:40:14,062 - hunyuan_podcast.upload_client - INFO -   响应头: {'Date': 'Wed, 19 Nov 2025 01:40:13 GMT', 'Content-Type': 'text/plain', 'Transfer-Encoding': 'chunked', 'Connection': 'keep-alive', 'X-Agc-Trace-Id': 'a9a247b2-aacf-4fec-adf8-ef58f67612d8', 'Server': 'elb'}
2025-11-19 09:40:14,063 - hunyuan_podcast.upload_client - INFO - 上传响应内容: {"uploadStatus":"finalize","fileInfo":{"size":10460682,"cacheControl":"no-cache, no-store, must-revalidate","updateTime":"2025-11-19T01:40:02Z","name":"music\/career\/podcast-smooth-jazz-fashion-stylish-music-249305.mp3","bucket":"podcasters-y0qig","storageArea":"CN","storageType":"STANDARD","createTime":"2025-11-19T01:40:02Z","contentType":"audio\/mpeg"}}
2025-11-19 09:40:14,063 - hunyuan_podcast.upload_client - INFO - 上传成功！
2025-11-19 09:40:14,065 - hunyuan_podcast.upload_client - INFO - 上传到 AGC: https://ops-server-drcn.agcstorage.link/v0/podcasters-y0qig/music/career/storytelling-podcast-vibe-118024.mp3
2025-11-19 09:40:14,065 - hunyuan_podcast.upload_client - INFO -   文件大小: 4280738 bytes (4.08 MB)
2025-11-19 09:40:14,065 - hunyuan_podcast.upload_client - INFO -   Content-Length: 4280738
2025-11-19 09:40:14,066 - hunyuan_podcast.upload_client - INFO -   X-Agc-Content-Type: audio/mpeg
2025-11-19 09:40:14,066 - hunyuan_podcast.upload_client - INFO -   Headers: productId=已设置, client_id=已设置, Authorization=已设置
2025-11-19 09:40:14,066 - hunyuan_podcast.upload_client - INFO - 上传尝试 1: 连接超时=30秒, 读取超时=无限制 (文件大小: 4.08 MB)
2025-11-19 09:40:14,066 - hunyuan_podcast.upload_client - INFO - 流式上传模式（文件大小: 4.08 MB, chunk_size: 512 KB）
2025-11-19 09:40:17,037 - hunyuan_podcast.upload_client - INFO - 上传进度: 98.0% (4.00/4.08 MB), 速度: 1.35 MB/s
2025-11-19 09:40:18,053 - hunyuan_podcast.upload_client - INFO - 上传响应: status_code=200, 耗时: 3.99秒, 速度: 1.02 MB/s
2025-11-19 09:40:18,056 - hunyuan_podcast.upload_client - INFO -   响应头: {'Date': 'Wed, 19 Nov 2025 01:40:17 GMT', 'Content-Type': 'text/plain', 'Transfer-Encoding': 'chunked', 'Connection': 'keep-alive', 'X-Agc-Trace-Id': 'c9ab21cc-2142-4fbc-a25c-ad5372f0b435', 'Server': 'elb'}
2025-11-19 09:40:18,057 - hunyuan_podcast.upload_client - INFO - 上传响应内容: {"uploadStatus":"finalize","fileInfo":{"size":4280738,"cacheControl":"no-cache, no-store, must-revalidate","updateTime":"2025-11-19T01:40:13Z","name":"music\/career\/storytelling-podcast-vibe-118024.mp3","bucket":"podcasters-y0qig","storageArea":"CN","storageType":"STANDARD","createTime":"2025-11-19T01:40:13Z","contentType":"audio\/mpeg"}}
2025-11-19 09:40:18,057 - hunyuan_podcast.upload_client - INFO - 上传成功！
2025-11-19 09:40:18,066 - hunyuan_podcast.upload_client - INFO - 上传到 AGC: https://ops-server-drcn.agcstorage.link/v0/podcasters-y0qig/music/comedy/american-cartoon-418307.mp3
2025-11-19 09:40:18,067 - hunyuan_podcast.upload_client - INFO -   文件大小: 665856 bytes (0.64 MB)
2025-11-19 09:40:18,070 - hunyuan_podcast.upload_client - INFO -   Content-Length: 665856
2025-11-19 09:40:18,071 - hunyuan_podcast.upload_client - INFO -   X-Agc-Content-Type: audio/mpeg
2025-11-19 09:40:18,071 - hunyuan_podcast.upload_client - INFO -   Headers: productId=已设置, client_id=已设置, Authorization=已设置
2025-11-19 09:40:18,071 - hunyuan_podcast.upload_client - INFO - 上传尝试 1: 连接超时=30秒, 读取超时=无限制 (文件大小: 0.64 MB)
2025-11-19 09:40:18,072 - hunyuan_podcast.upload_client - INFO - 流式上传模式（文件大小: 0.64 MB, chunk_size: 256 KB）
2025-11-19 09:40:19,608 - hunyuan_podcast.upload_client - INFO - 上传响应: status_code=200, 耗时: 1.54秒, 速度: 0.41 MB/s
2025-11-19 09:40:19,610 - hunyuan_podcast.upload_client - INFO -   响应头: {'Date': 'Wed, 19 Nov 2025 01:40:18 GMT', 'Content-Type': 'text/plain', 'Transfer-Encoding': 'chunked', 'Connection': 'keep-alive', 'X-Agc-Trace-Id': 'd4b12057-44ea-450f-825c-fa132f7111d4', 'Server': 'elb'}
2025-11-19 09:40:19,610 - hunyuan_podcast.upload_client - INFO - 上传响应内容: {"uploadStatus":"finalize","fileInfo":{"size":665856,"cacheControl":"no-cache, no-store, must-revalidate","updateTime":"2025-11-19T01:40:17Z","name":"music\/comedy\/american-cartoon-418307.mp3","bucket":"podcasters-y0qig","storageArea":"CN","storageType":"STANDARD","createTime":"2025-11-19T01:40:17Z","contentType":"audio\/mpeg"}}
2025-11-19 09:40:19,610 - hunyuan_podcast.upload_client - INFO - 上传成功！
2025-11-19 09:40:19,612 - hunyuan_podcast.upload_client - INFO - 上传到 AGC: https://ops-server-drcn.agcstorage.link/v0/podcasters-y0qig/music/comedy/comedy-funny-background-music-284429.mp3
2025-11-19 09:40:19,612 - hunyuan_podcast.upload_client - INFO -   文件大小: 3177325 bytes (3.03 MB)
2025-11-19 09:40:19,612 - hunyuan_podcast.upload_client - INFO -   Content-Length: 3177325
2025-11-19 09:40:19,614 - hunyuan_podcast.upload_client - INFO -   X-Agc-Content-Type: audio/mpeg
2025-11-19 09:40:19,616 - hunyuan_podcast.upload_client - INFO -   Headers: productId=已设置, client_id=已设置, Authorization=已设置
2025-11-19 09:40:19,616 - hunyuan_podcast.upload_client - INFO - 上传尝试 1: 连接超时=30秒, 读取超时=无限制 (文件大小: 3.03 MB)
2025-11-19 09:40:19,617 - hunyuan_podcast.upload_client - INFO - 流式上传模式（文件大小: 3.03 MB, chunk_size: 512 KB）
2025-11-19 09:40:21,622 - hunyuan_podcast.upload_client - INFO - 上传进度: 100.0% (3.03/3.03 MB), 速度: 1.51 MB/s
2025-11-19 09:40:22,540 - hunyuan_podcast.upload_client - INFO - 上传响应: status_code=200, 耗时: 2.92秒, 速度: 1.04 MB/s
2025-11-19 09:40:22,541 - hunyuan_podcast.upload_client - INFO -   响应头: {'Date': 'Wed, 19 Nov 2025 01:40:22 GMT', 'Content-Type': 'text/plain', 'Transfer-Encoding': 'chunked', 'Connection': 'keep-alive', 'X-Agc-Trace-Id': '4bd40562-8ab3-4744-905c-0a78168b4d8b', 'Server': 'elb'}
2025-11-19 09:40:22,541 - hunyuan_podcast.upload_client - INFO - 上传响应内容: {"uploadStatus":"finalize","fileInfo":{"storageArea":"CN","createTime":"2025-11-19T01:40:19Z","updateTime":"2025-11-19T01:40:19Z","contentType":"audio\/mpeg","name":"music\/comedy\/comedy-funny-background-music-284429.mp3","size":3177325,"cacheControl":"no-cache, no-store, must-revalidate","bucket":"podcasters-y0qig","storageType":"STANDARD"}}
2025-11-19 09:40:22,543 - hunyuan_podcast.upload_client - INFO - 上传成功！
2025-11-19 09:40:22,545 - hunyuan_podcast.upload_client - INFO - 上传到 AGC: https://ops-server-drcn.agcstorage.link/v0/podcasters-y0qig/music/emotion/emotional-141472.mp3
2025-11-19 09:40:22,545 - hunyuan_podcast.upload_client - INFO -   文件大小: 5281332 bytes (5.04 MB)
2025-11-19 09:40:22,545 - hunyuan_podcast.upload_client - INFO -   Content-Length: 5281332
2025-11-19 09:40:22,545 - hunyuan_podcast.upload_client - INFO -   X-Agc-Content-Type: audio/mpeg
2025-11-19 09:40:22,545 - hunyuan_podcast.upload_client - INFO -   Headers: productId=已设置, client_id=已设置, Authorization=已设置
2025-11-19 09:40:22,546 - hunyuan_podcast.upload_client - INFO - 上传尝试 1: 连接超时=30秒, 读取超时=无限制 (文件大小: 5.04 MB)
2025-11-19 09:40:22,546 - hunyuan_podcast.upload_client - INFO - 流式上传模式（文件大小: 5.04 MB, chunk_size: 1024 KB）
2025-11-19 09:40:24,927 - hunyuan_podcast.upload_client - INFO - 上传进度: 79.4% (4.00/5.04 MB), 速度: 1.68 MB/s
2025-11-19 09:40:27,785 - hunyuan_podcast.upload_client - INFO - 上传响应: status_code=200, 耗时: 5.24秒, 速度: 0.96 MB/s
2025-11-19 09:40:27,786 - hunyuan_podcast.upload_client - INFO -   响应头: {'Date': 'Wed, 19 Nov 2025 01:40:27 GMT', 'Content-Type': 'text/plain', 'Transfer-Encoding': 'chunked', 'Connection': 'keep-alive', 'X-Agc-Trace-Id': '3857ff06-2d12-42c5-a2a4-8cb3076b147a', 'Server': 'elb'}
2025-11-19 09:40:27,786 - hunyuan_podcast.upload_client - INFO - 上传响应内容: {"uploadStatus":"finalize","fileInfo":{"size":5281332,"cacheControl":"no-cache, no-store, must-revalidate","updateTime":"2025-11-19T01:40:22Z","name":"music\/emotion\/emotional-141472.mp3","bucket":"podcasters-y0qig","storageArea":"CN","storageType":"STANDARD","createTime":"2025-11-19T01:40:22Z","contentType":"audio\/mpeg"}}
2025-11-19 09:40:27,786 - hunyuan_podcast.upload_client - INFO - 上传成功！
2025-11-19 09:40:27,788 - hunyuan_podcast.upload_client - INFO - 上传到 AGC: https://ops-server-drcn.agcstorage.link/v0/podcasters-y0qig/music/emotion/emotional-emotional-inspiring-piano-music-340311.mp3
2025-11-19 09:40:27,788 - hunyuan_podcast.upload_client - INFO -   文件大小: 10785854 bytes (10.29 MB)
2025-11-19 09:40:27,788 - hunyuan_podcast.upload_client - INFO -   Content-Length: 10785854
2025-11-19 09:40:27,788 - hunyuan_podcast.upload_client - INFO -   X-Agc-Content-Type: audio/mpeg
2025-11-19 09:40:27,788 - hunyuan_podcast.upload_client - INFO -   Headers: productId=已设置, client_id=已设置, Authorization=已设置
2025-11-19 09:40:27,789 - hunyuan_podcast.upload_client - INFO - 上传尝试 1: 连接超时=30秒, 读取超时=无限制 (文件大小: 10.29 MB)
2025-11-19 09:40:27,789 - hunyuan_podcast.upload_client - INFO - 流式上传模式（文件大小: 10.29 MB, chunk_size: 1024 KB）
2025-11-19 09:40:30,352 - hunyuan_podcast.upload_client - INFO - 上传进度: 29.2% (3.00/10.29 MB), 速度: 1.17 MB/s
2025-11-19 09:40:32,678 - hunyuan_podcast.upload_client - INFO - 上传进度: 38.9% (4.00/10.29 MB), 速度: 0.82 MB/s
2025-11-19 09:40:35,934 - hunyuan_podcast.upload_client - INFO - 上传进度: 48.6% (5.00/10.29 MB), 速度: 0.61 MB/s
2025-11-19 09:40:39,002 - hunyuan_podcast.upload_client - INFO - 上传进度: 58.3% (6.00/10.29 MB), 速度: 0.54 MB/s
2025-11-19 09:40:41,233 - hunyuan_podcast.upload_client - INFO - 上传进度: 68.1% (7.00/10.29 MB), 速度: 0.52 MB/s
2025-11-19 09:40:54,674 - hunyuan_podcast.upload_client - INFO - 上传进度: 87.5% (9.00/10.29 MB), 速度: 0.33 MB/s
2025-11-19 09:40:59,563 - hunyuan_podcast.upload_client - INFO - 上传进度: 97.2% (10.00/10.29 MB), 速度: 0.31 MB/s
2025-11-19 09:41:10,374 - hunyuan_podcast.upload_client - INFO - 上传进度: 100.0% (10.29/10.29 MB), 速度: 0.24 MB/s
2025-11-19 09:41:18,857 - hunyuan_podcast.upload_client - INFO - 上传响应: status_code=200, 耗时: 51.07秒, 速度: 0.20 MB/s
2025-11-19 09:41:18,858 - hunyuan_podcast.upload_client - INFO -   响应头: {'Date': 'Wed, 19 Nov 2025 01:41:18 GMT', 'Content-Type': 'text/plain', 'Transfer-Encoding': 'chunked', 'Connection': 'keep-alive', 'X-Agc-Trace-Id': '14b26444-aa3c-4490-8459-b6da96f746ef', 'Server': 'elb'}
2025-11-19 09:41:18,859 - hunyuan_podcast.upload_client - INFO - 上传响应内容: {"uploadStatus":"finalize","fileInfo":{"size":10785854,"cacheControl":"no-cache, no-store, must-revalidate","updateTime":"2025-11-19T01:40:27Z","name":"music\/emotion\/emotional-emotional-inspiring-piano-music-340311.mp3","bucket":"podcasters-y0qig","storageArea":"CN","storageType":"STANDARD","createTime":"2025-11-19T01:40:27Z","contentType":"audio\/mpeg"}}
2025-11-19 09:41:18,859 - hunyuan_podcast.upload_client - INFO - 上传成功！
2025-11-19 09:41:18,864 - hunyuan_podcast.upload_client - INFO - 上传到 AGC: https://ops-server-drcn.agcstorage.link/v0/podcasters-y0qig/music/emotion/emotional-piano-347304.mp3
2025-11-19 09:41:18,865 - hunyuan_podcast.upload_client - INFO -   文件大小: 4206341 bytes (4.01 MB)
2025-11-19 09:41:18,865 - hunyuan_podcast.upload_client - INFO -   Content-Length: 4206341
2025-11-19 09:41:18,865 - hunyuan_podcast.upload_client - INFO -   X-Agc-Content-Type: audio/mpeg
2025-11-19 09:41:18,865 - hunyuan_podcast.upload_client - INFO -   Headers: productId=已设置, client_id=已设置, Authorization=已设置
2025-11-19 09:41:18,867 - hunyuan_podcast.upload_client - INFO - 上传尝试 1: 连接超时=30秒, 读取超时=无限制 (文件大小: 4.01 MB)
2025-11-19 09:41:18,869 - hunyuan_podcast.upload_client - INFO - 流式上传模式（文件大小: 4.01 MB, chunk_size: 512 KB）
2025-11-19 09:41:21,550 - hunyuan_podcast.upload_client - INFO - 上传进度: 49.9% (2.00/4.01 MB), 速度: 0.75 MB/s
2025-11-19 09:41:25,000 - hunyuan_podcast.upload_client - INFO - 上传进度: 74.8% (3.00/4.01 MB), 速度: 0.49 MB/s
2025-11-19 09:41:27,007 - hunyuan_podcast.upload_client - INFO - 上传进度: 99.7% (4.00/4.01 MB), 速度: 0.49 MB/s
2025-11-19 09:41:29,482 - hunyuan_podcast.upload_client - INFO - 上传响应: status_code=200, 耗时: 10.61秒, 速度: 0.38 MB/s
2025-11-19 09:41:29,485 - hunyuan_podcast.upload_client - INFO -   响应头: {'Date': 'Wed, 19 Nov 2025 01:41:29 GMT', 'Content-Type': 'text/plain', 'Transfer-Encoding': 'chunked', 'Connection': 'keep-alive', 'X-Agc-Trace-Id': 'dd0daf57-0baf-45f6-8ca5-5acfecbbc416', 'Server': 'elb'}
2025-11-19 09:41:29,486 - hunyuan_podcast.upload_client - INFO - 上传响应内容: {"uploadStatus":"finalize","fileInfo":{"storageArea":"CN","createTime":"2025-11-19T01:41:19Z","updateTime":"2025-11-19T01:41:19Z","contentType":"audio\/mpeg","name":"music\/emotion\/emotional-piano-347304.mp3","size":4206341,"cacheControl":"no-cache, no-store, must-revalidate","bucket":"podcasters-y0qig","storageType":"STANDARD"}}
2025-11-19 09:41:29,488 - hunyuan_podcast.upload_client - INFO - 上传成功！
2025-11-19 09:41:29,506 - hunyuan_podcast.upload_client - INFO - 上传到 AGC: https://ops-server-drcn.agcstorage.link/v0/podcasters-y0qig/music/emotion/emotional-solo-piano-166032.mp3
2025-11-19 09:41:29,508 - hunyuan_podcast.upload_client - INFO -   文件大小: 4063399 bytes (3.88 MB)
2025-11-19 09:41:29,509 - hunyuan_podcast.upload_client - INFO -   Content-Length: 4063399
2025-11-19 09:41:29,509 - hunyuan_podcast.upload_client - INFO -   X-Agc-Content-Type: audio/mpeg
2025-11-19 09:41:29,511 - hunyuan_podcast.upload_client - INFO -   Headers: productId=已设置, client_id=已设置, Authorization=已设置
2025-11-19 09:41:29,511 - hunyuan_podcast.upload_client - INFO - 上传尝试 1: 连接超时=30秒, 读取超时=无限制 (文件大小: 3.88 MB)
2025-11-19 09:41:29,512 - hunyuan_podcast.upload_client - INFO - 流式上传模式（文件大小: 3.88 MB, chunk_size: 512 KB）
2025-11-19 09:41:32,294 - hunyuan_podcast.upload_client - INFO - 上传进度: 64.5% (2.50/3.88 MB), 速度: 0.90 MB/s
2025-11-19 09:41:34,434 - hunyuan_podcast.upload_client - INFO - 上传进度: 90.3% (3.50/3.88 MB), 速度: 0.71 MB/s
2025-11-19 09:41:38,544 - hunyuan_podcast.upload_client - INFO - 上传响应: status_code=200, 耗时: 9.03秒, 速度: 0.43 MB/s
2025-11-19 09:41:38,546 - hunyuan_podcast.upload_client - INFO -   响应头: {'Date': 'Wed, 19 Nov 2025 01:41:38 GMT', 'Content-Type': 'text/plain', 'Transfer-Encoding': 'chunked', 'Connection': 'keep-alive', 'X-Agc-Trace-Id': 'd4023b98-ffe6-4fc4-8bd9-0776f27827d8', 'Server': 'elb'}
2025-11-19 09:41:38,547 - hunyuan_podcast.upload_client - INFO - 上传响应内容: {"uploadStatus":"finalize","fileInfo":{"storageArea":"CN","createTime":"2025-11-19T01:41:29Z","updateTime":"2025-11-19T01:41:29Z","contentType":"audio\/mpeg","name":"music\/emotion\/emotional-solo-piano-166032.mp3","size":4063399,"cacheControl":"no-cache, no-store, must-revalidate","bucket":"podcasters-y0qig","storageType":"STANDARD"}}
2025-11-19 09:41:38,547 - hunyuan_podcast.upload_client - INFO - 上传成功！
2025-11-19 09:41:38,557 - hunyuan_podcast.upload_client - INFO - 上传到 AGC: https://ops-server-drcn.agcstorage.link/v0/podcasters-y0qig/music/emotion/podcast-interview-music-409220.mp3
2025-11-19 09:41:38,558 - hunyuan_podcast.upload_client - INFO -   文件大小: 5607340 bytes (5.35 MB)
2025-11-19 09:41:38,559 - hunyuan_podcast.upload_client - INFO -   Content-Length: 5607340
2025-11-19 09:41:38,563 - hunyuan_podcast.upload_client - INFO -   X-Agc-Content-Type: audio/mpeg
2025-11-19 09:41:38,563 - hunyuan_podcast.upload_client - INFO -   Headers: productId=已设置, client_id=已设置, Authorization=已设置
2025-11-19 09:41:38,564 - hunyuan_podcast.upload_client - INFO - 上传尝试 1: 连接超时=30秒, 读取超时=无限制 (文件大小: 5.35 MB)
2025-11-19 09:41:38,564 - hunyuan_podcast.upload_client - INFO - 流式上传模式（文件大小: 5.35 MB, chunk_size: 1024 KB）
2025-11-19 09:41:41,004 - hunyuan_podcast.upload_client - INFO - 上传进度: 56.1% (3.00/5.35 MB), 速度: 1.23 MB/s
2025-11-19 09:41:43,251 - hunyuan_podcast.upload_client - INFO - 上传进度: 93.5% (5.00/5.35 MB), 速度: 1.07 MB/s
2025-11-19 09:41:47,920 - hunyuan_podcast.upload_client - INFO - 上传响应: status_code=200, 耗时: 9.36秒, 速度: 0.57 MB/s
2025-11-19 09:41:47,921 - hunyuan_podcast.upload_client - INFO -   响应头: {'Date': 'Wed, 19 Nov 2025 01:41:47 GMT', 'Content-Type': 'text/plain', 'Transfer-Encoding': 'chunked', 'Connection': 'keep-alive', 'X-Agc-Trace-Id': '4eee8638-fdc3-4b3d-a076-8a8b39961627', 'Server': 'elb'}
2025-11-19 09:41:47,921 - hunyuan_podcast.upload_client - INFO - 上传响应内容: {"uploadStatus":"finalize","fileInfo":{"size":5607340,"cacheControl":"no-cache, no-store, must-revalidate","updateTime":"2025-11-19T01:41:38Z","name":"music\/emotion\/podcast-interview-music-409220.mp3","bucket":"podcasters-y0qig","storageArea":"CN","storageType":"STANDARD","createTime":"2025-11-19T01:41:38Z","contentType":"audio\/mpeg"}}
2025-11-19 09:41:47,922 - hunyuan_podcast.upload_client - INFO - 上传成功！
2025-11-19 09:41:47,926 - hunyuan_podcast.upload_client - INFO - 上传到 AGC: https://ops-server-drcn.agcstorage.link/v0/podcasters-y0qig/music/emotion/podcast-interview-youtube-music-413275.mp3
2025-11-19 09:41:47,926 - hunyuan_podcast.upload_client - INFO -   文件大小: 5763657 bytes (5.50 MB)
2025-11-19 09:41:47,926 - hunyuan_podcast.upload_client - INFO -   Content-Length: 5763657
2025-11-19 09:41:47,926 - hunyuan_podcast.upload_client - INFO -   X-Agc-Content-Type: audio/mpeg
2025-11-19 09:41:47,927 - hunyuan_podcast.upload_client - INFO -   Headers: productId=已设置, client_id=已设置, Authorization=已设置
2025-11-19 09:41:47,927 - hunyuan_podcast.upload_client - INFO - 上传尝试 1: 连接超时=30秒, 读取超时=无限制 (文件大小: 5.50 MB)
2025-11-19 09:41:47,927 - hunyuan_podcast.upload_client - INFO - 流式上传模式（文件大小: 5.50 MB, chunk_size: 1024 KB）
2025-11-19 09:41:50,316 - hunyuan_podcast.upload_client - INFO - 上传进度: 54.6% (3.00/5.50 MB), 速度: 1.26 MB/s
2025-11-19 09:41:54,040 - hunyuan_podcast.upload_client - INFO - 上传进度: 91.0% (5.00/5.50 MB), 速度: 0.82 MB/s
2025-11-19 09:41:57,448 - hunyuan_podcast.upload_client - INFO - 上传进度: 100.0% (5.50/5.50 MB), 速度: 0.58 MB/s
2025-11-19 09:42:01,682 - hunyuan_podcast.upload_client - INFO - 上传响应: status_code=200, 耗时: 13.75秒, 速度: 0.40 MB/s
2025-11-19 09:42:01,698 - hunyuan_podcast.upload_client - INFO -   响应头: {'Date': 'Wed, 19 Nov 2025 01:42:01 GMT', 'Content-Type': 'text/plain', 'Transfer-Encoding': 'chunked', 'Connection': 'keep-alive', 'X-Agc-Trace-Id': '7a72c918-74c9-42cd-998d-6ec053ed2228', 'Server': 'elb'}
2025-11-19 09:42:01,699 - hunyuan_podcast.upload_client - INFO - 上传响应内容: {"uploadStatus":"finalize","fileInfo":{"size":5763657,"cacheControl":"no-cache, no-store, must-revalidate","updateTime":"2025-11-19T01:41:47Z","name":"music\/emotion\/podcast-interview-youtube-music-413275.mp3","bucket":"podcasters-y0qig","storageArea":"CN","storageType":"STANDARD","createTime":"2025-11-19T01:41:47Z","contentType":"audio\/mpeg"}}
2025-11-19 09:42:01,699 - hunyuan_podcast.upload_client - INFO - 上传成功！
2025-11-19 09:42:01,726 - hunyuan_podcast.upload_client - INFO - 上传到 AGC: https://ops-server-drcn.agcstorage.link/v0/podcasters-y0qig/music/fashion_beauty/forever-226243.mp3
2025-11-19 09:42:01,728 - hunyuan_podcast.upload_client - INFO -   文件大小: 5875968 bytes (5.60 MB)
2025-11-19 09:42:01,728 - hunyuan_podcast.upload_client - INFO -   Content-Length: 5875968
2025-11-19 09:42:01,729 - hunyuan_podcast.upload_client - INFO -   X-Agc-Content-Type: audio/mpeg
2025-11-19 09:42:01,730 - hunyuan_podcast.upload_client - INFO -   Headers: productId=已设置, client_id=已设置, Authorization=已设置
2025-11-19 09:42:01,732 - hunyuan_podcast.upload_client - INFO - 上传尝试 1: 连接超时=30秒, 读取超时=无限制 (文件大小: 5.60 MB)
2025-11-19 09:42:01,733 - hunyuan_podcast.upload_client - INFO - 流式上传模式（文件大小: 5.60 MB, chunk_size: 1024 KB）
2025-11-19 09:42:04,493 - hunyuan_podcast.upload_client - INFO - 上传进度: 53.5% (3.00/5.60 MB), 速度: 1.09 MB/s
2025-11-19 09:42:07,497 - hunyuan_podcast.upload_client - INFO - 上传进度: 89.2% (5.00/5.60 MB), 速度: 0.87 MB/s
2025-11-19 09:42:11,065 - hunyuan_podcast.upload_client - INFO - 上传响应: status_code=200, 耗时: 9.33秒, 速度: 0.60 MB/s
2025-11-19 09:42:11,067 - hunyuan_podcast.upload_client - INFO -   响应头: {'Date': 'Wed, 19 Nov 2025 01:42:10 GMT', 'Content-Type': 'text/plain', 'Transfer-Encoding': 'chunked', 'Connection': 'keep-alive', 'X-Agc-Trace-Id': '23c8f8f0-aaaa-451c-952d-c7965becf261', 'Server': 'elb'}
2025-11-19 09:42:11,068 - hunyuan_podcast.upload_client - INFO - 上传响应内容: {"uploadStatus":"finalize","fileInfo":{"storageArea":"CN","createTime":"2025-11-19T01:42:01Z","updateTime":"2025-11-19T01:42:01Z","contentType":"audio\/mpeg","name":"music\/fashion_beauty\/forever-226243.mp3","size":5875968,"cacheControl":"no-cache, no-store, must-revalidate","bucket":"podcasters-y0qig","storageType":"STANDARD"}}
2025-11-19 09:42:11,071 - hunyuan_podcast.upload_client - INFO - 上传成功！
2025-11-19 09:42:11,075 - hunyuan_podcast.upload_client - INFO - 上传到 AGC: https://ops-server-drcn.agcstorage.link/v0/podcasters-y0qig/music/fashion_beauty/youx27re-beautiful_long-197078.mp3
2025-11-19 09:42:11,076 - hunyuan_podcast.upload_client - INFO -   文件大小: 5071516 bytes (4.84 MB)
2025-11-19 09:42:11,076 - hunyuan_podcast.upload_client - INFO -   Content-Length: 5071516
2025-11-19 09:42:11,077 - hunyuan_podcast.upload_client - INFO -   X-Agc-Content-Type: audio/mpeg
2025-11-19 09:42:11,077 - hunyuan_podcast.upload_client - INFO -   Headers: productId=已设置, client_id=已设置, Authorization=已设置
2025-11-19 09:42:11,077 - hunyuan_podcast.upload_client - INFO - 上传尝试 1: 连接超时=30秒, 读取超时=无限制 (文件大小: 4.84 MB)
2025-11-19 09:42:11,078 - hunyuan_podcast.upload_client - INFO - 流式上传模式（文件大小: 4.84 MB, chunk_size: 512 KB）
2025-11-19 09:42:13,094 - hunyuan_podcast.upload_client - INFO - 上传进度: 51.7% (2.50/4.84 MB), 速度: 1.24 MB/s
2025-11-19 09:42:15,313 - hunyuan_podcast.upload_client - INFO - 上传进度: 93.0% (4.50/4.84 MB), 速度: 1.06 MB/s
2025-11-19 09:42:18,102 - hunyuan_podcast.upload_client - INFO - 上传响应: status_code=200, 耗时: 7.02秒, 速度: 0.69 MB/s
2025-11-19 09:42:18,103 - hunyuan_podcast.upload_client - INFO -   响应头: {'Date': 'Wed, 19 Nov 2025 01:42:17 GMT', 'Content-Type': 'text/plain', 'Transfer-Encoding': 'chunked', 'Connection': 'keep-alive', 'X-Agc-Trace-Id': 'bfc39319-8d27-41ef-9688-de6b879009d9', 'Server': 'elb'}
2025-11-19 09:42:18,103 - hunyuan_podcast.upload_client - INFO - 上传响应内容: {"uploadStatus":"finalize","fileInfo":{"storageArea":"CN","createTime":"2025-11-19T01:42:11Z","updateTime":"2025-11-19T01:42:11Z","contentType":"audio\/mpeg","name":"music\/fashion_beauty\/youx27re-beautiful_long-197078.mp3","size":5071516,"cacheControl":"no-cache, no-store, must-revalidate","bucket":"podcasters-y0qig","storageType":"STANDARD"}}
2025-11-19 09:42:18,103 - hunyuan_podcast.upload_client - INFO - 上传成功！
2025-11-19 09:42:18,106 - hunyuan_podcast.upload_client - INFO - 上传到 AGC: https://ops-server-drcn.agcstorage.link/v0/podcasters-y0qig/music/film/emotional-cinematic_medium-2-186760.mp3
2025-11-19 09:42:18,107 - hunyuan_podcast.upload_client - INFO -   文件大小: 3031875 bytes (2.89 MB)
2025-11-19 09:42:18,107 - hunyuan_podcast.upload_client - INFO -   Content-Length: 3031875
2025-11-19 09:42:18,107 - hunyuan_podcast.upload_client - INFO -   X-Agc-Content-Type: audio/mpeg
2025-11-19 09:42:18,107 - hunyuan_podcast.upload_client - INFO -   Headers: productId=已设置, client_id=已设置, Authorization=已设置
2025-11-19 09:42:18,108 - hunyuan_podcast.upload_client - INFO - 上传尝试 1: 连接超时=30秒, 读取超时=无限制 (文件大小: 2.89 MB)
2025-11-19 09:42:18,108 - hunyuan_podcast.upload_client - INFO - 流式上传模式（文件大小: 2.89 MB, chunk_size: 512 KB）
2025-11-19 09:42:20,202 - hunyuan_podcast.upload_client - INFO - 上传进度: 86.5% (2.50/2.89 MB), 速度: 1.19 MB/s
2025-11-19 09:42:23,390 - hunyuan_podcast.upload_client - INFO - 上传响应: status_code=200, 耗时: 5.28秒, 速度: 0.55 MB/s
2025-11-19 09:42:23,392 - hunyuan_podcast.upload_client - INFO -   响应头: {'Date': 'Wed, 19 Nov 2025 01:42:22 GMT', 'Content-Type': 'text/plain', 'Transfer-Encoding': 'chunked', 'Connection': 'keep-alive', 'X-Agc-Trace-Id': '2dd94118-f915-4783-a810-7cfe761a0f52', 'Server': 'elb'}
2025-11-19 09:42:23,393 - hunyuan_podcast.upload_client - INFO - 上传响应内容: {"uploadStatus":"finalize","fileInfo":{"size":3031875,"cacheControl":"no-cache, no-store, must-revalidate","updateTime":"2025-11-19T01:42:18Z","name":"music\/film\/emotional-cinematic_medium-2-186760.mp3","bucket":"podcasters-y0qig","storageArea":"CN","storageType":"STANDARD","createTime":"2025-11-19T01:42:18Z","contentType":"audio\/mpeg"}}
2025-11-19 09:42:23,393 - hunyuan_podcast.upload_client - INFO - 上传成功！
2025-11-19 09:42:23,399 - hunyuan_podcast.upload_client - INFO - 上传到 AGC: https://ops-server-drcn.agcstorage.link/v0/podcasters-y0qig/music/film/grows-rebellion-423514.mp3
2025-11-19 09:42:23,400 - hunyuan_podcast.upload_client - INFO -   文件大小: 3421413 bytes (3.26 MB)
2025-11-19 09:42:23,403 - hunyuan_podcast.upload_client - INFO -   Content-Length: 3421413
2025-11-19 09:42:23,408 - hunyuan_podcast.upload_client - INFO -   X-Agc-Content-Type: audio/mpeg
2025-11-19 09:42:23,412 - hunyuan_podcast.upload_client - INFO -   Headers: productId=已设置, client_id=已设置, Authorization=已设置
2025-11-19 09:42:23,413 - hunyuan_podcast.upload_client - INFO - 上传尝试 1: 连接超时=30秒, 读取超时=无限制 (文件大小: 3.26 MB)
2025-11-19 09:42:23,414 - hunyuan_podcast.upload_client - INFO - 流式上传模式（文件大小: 3.26 MB, chunk_size: 512 KB）
2025-11-19 09:42:25,522 - hunyuan_podcast.upload_client - INFO - 上传进度: 91.9% (3.00/3.26 MB), 速度: 1.42 MB/s
2025-11-19 09:42:26,963 - hunyuan_podcast.upload_client - INFO - 上传响应: status_code=200, 耗时: 3.55秒, 速度: 0.92 MB/s
2025-11-19 09:42:26,963 - hunyuan_podcast.upload_client - INFO -   响应头: {'Date': 'Wed, 19 Nov 2025 01:42:26 GMT', 'Content-Type': 'text/plain', 'Transfer-Encoding': 'chunked', 'Connection': 'keep-alive', 'X-Agc-Trace-Id': '15e55bdc-2094-4266-a23c-4374432e7358', 'Server': 'elb'}
2025-11-19 09:42:26,964 - hunyuan_podcast.upload_client - INFO - 上传响应内容: {"uploadStatus":"finalize","fileInfo":{"storageArea":"CN","createTime":"2025-11-19T01:42:23Z","updateTime":"2025-11-19T01:42:23Z","contentType":"audio\/mpeg","name":"music\/film\/grows-rebellion-423514.mp3","size":3421413,"cacheControl":"no-cache, no-store, must-revalidate","bucket":"podcasters-y0qig","storageType":"STANDARD"}}
2025-11-19 09:42:26,964 - hunyuan_podcast.upload_client - INFO - 上传成功！
2025-11-19 09:42:26,970 - hunyuan_podcast.upload_client - INFO - 上传到 AGC: https://ops-server-drcn.agcstorage.link/v0/podcasters-y0qig/music/film/the-walk-235251.mp3
2025-11-19 09:42:26,971 - hunyuan_podcast.upload_client - INFO -   文件大小: 2778592 bytes (2.65 MB)
2025-11-19 09:42:26,971 - hunyuan_podcast.upload_client - INFO -   Content-Length: 2778592
2025-11-19 09:42:26,971 - hunyuan_podcast.upload_client - INFO -   X-Agc-Content-Type: audio/mpeg
2025-11-19 09:42:26,972 - hunyuan_podcast.upload_client - INFO -   Headers: productId=已设置, client_id=已设置, Authorization=已设置
2025-11-19 09:42:26,972 - hunyuan_podcast.upload_client - INFO - 上传尝试 1: 连接超时=30秒, 读取超时=无限制 (文件大小: 2.65 MB)
2025-11-19 09:42:26,973 - hunyuan_podcast.upload_client - INFO - 流式上传模式（文件大小: 2.65 MB, chunk_size: 512 KB）
2025-11-19 09:42:30,537 - hunyuan_podcast.upload_client - INFO - 上传进度: 100.0% (2.65/2.65 MB), 速度: 0.74 MB/s
2025-11-19 09:42:38,142 - hunyuan_podcast.upload_client - INFO - 上传响应: status_code=200, 耗时: 11.17秒, 速度: 0.24 MB/s
2025-11-19 09:42:38,143 - hunyuan_podcast.upload_client - INFO -   响应头: {'Date': 'Wed, 19 Nov 2025 01:42:37 GMT', 'Content-Type': 'text/plain', 'Transfer-Encoding': 'chunked', 'Connection': 'keep-alive', 'X-Agc-Trace-Id': '7515bc82-655f-4d1c-be5c-5969a0e8b914', 'Server': 'elb'}
2025-11-19 09:42:38,143 - hunyuan_podcast.upload_client - INFO - 上传响应内容: {"uploadStatus":"finalize","fileInfo":{"storageArea":"CN","createTime":"2025-11-19T01:42:26Z","updateTime":"2025-11-19T01:42:26Z","contentType":"audio\/mpeg","name":"music\/film\/the-walk-235251.mp3","size":2778592,"cacheControl":"no-cache, no-store, must-revalidate","bucket":"podcasters-y0qig","storageType":"STANDARD"}}
2025-11-19 09:42:38,145 - hunyuan_podcast.upload_client - INFO - 上传成功！
2025-11-19 09:42:38,164 - hunyuan_podcast.upload_client - INFO - 上传到 AGC: https://ops-server-drcn.agcstorage.link/v0/podcasters-y0qig/music/health_fitness/innovate-corporate-comercial-403520.mp3
2025-11-19 09:42:38,169 - hunyuan_podcast.upload_client - INFO -   文件大小: 4803187 bytes (4.58 MB)
2025-11-19 09:42:38,170 - hunyuan_podcast.upload_client - INFO -   Content-Length: 4803187
2025-11-19 09:42:38,170 - hunyuan_podcast.upload_client - INFO -   X-Agc-Content-Type: audio/mpeg
2025-11-19 09:42:38,170 - hunyuan_podcast.upload_client - INFO -   Headers: productId=已设置, client_id=已设置, Authorization=已设置
2025-11-19 09:42:38,171 - hunyuan_podcast.upload_client - INFO - 上传尝试 1: 连接超时=30秒, 读取超时=无限制 (文件大小: 4.58 MB)
2025-11-19 09:42:38,172 - hunyuan_podcast.upload_client - INFO - 流式上传模式（文件大小: 4.58 MB, chunk_size: 512 KB）
2025-11-19 09:42:40,926 - hunyuan_podcast.upload_client - INFO - 上传进度: 54.6% (2.50/4.58 MB), 速度: 0.91 MB/s
2025-11-19 09:42:43,277 - hunyuan_podcast.upload_client - INFO - 上传进度: 76.4% (3.50/4.58 MB), 速度: 0.69 MB/s
2025-11-19 09:42:45,472 - hunyuan_podcast.upload_client - INFO - 上传进度: 87.3% (4.00/4.58 MB), 速度: 0.55 MB/s
2025-11-19 09:42:48,562 - hunyuan_podcast.upload_client - INFO - 上传进度: 100.0% (4.58/4.58 MB), 速度: 0.44 MB/s
2025-11-19 09:42:52,066 - hunyuan_podcast.upload_client - INFO - 上传响应: status_code=200, 耗时: 13.89秒, 速度: 0.33 MB/s
2025-11-19 09:42:52,067 - hunyuan_podcast.upload_client - INFO -   响应头: {'Date': 'Wed, 19 Nov 2025 01:42:51 GMT', 'Content-Type': 'text/plain', 'Transfer-Encoding': 'chunked', 'Connection': 'keep-alive', 'X-Agc-Trace-Id': '88a00621-2451-474d-9b6a-67b4c569f3b6', 'Server': 'elb'}
2025-11-19 09:42:52,068 - hunyuan_podcast.upload_client - INFO - 上传响应内容: {"uploadStatus":"finalize","fileInfo":{"storageArea":"CN","createTime":"2025-11-19T01:42:38Z","updateTime":"2025-11-19T01:42:38Z","contentType":"audio\/mpeg","name":"music\/health_fitness\/innovate-corporate-comercial-403520.mp3","size":4803187,"cacheControl":"no-cache, no-store, must-revalidate","bucket":"podcasters-y0qig","storageType":"STANDARD"}}
2025-11-19 09:42:52,076 - hunyuan_podcast.upload_client - INFO - 上传成功！
2025-11-19 09:42:52,274 - hunyuan_podcast.upload_client - INFO - 上传到 AGC: https://ops-server-drcn.agcstorage.link/v0/podcasters-y0qig/music/health_fitness/kiss-of-autumn-instrumental-background-music-for-video-vlog-60-sec-407610.mp3
2025-11-19 09:42:52,275 - hunyuan_podcast.upload_client - INFO -   文件大小: 2006204 bytes (1.91 MB)
2025-11-19 09:42:52,275 - hunyuan_podcast.upload_client - INFO -   Content-Length: 2006204
2025-11-19 09:42:52,275 - hunyuan_podcast.upload_client - INFO -   X-Agc-Content-Type: audio/mpeg
2025-11-19 09:42:52,275 - hunyuan_podcast.upload_client - INFO -   Headers: productId=已设置, client_id=已设置, Authorization=已设置
2025-11-19 09:42:52,275 - hunyuan_podcast.upload_client - INFO - 上传尝试 1: 连接超时=30秒, 读取超时=无限制 (文件大小: 1.91 MB)
2025-11-19 09:42:52,282 - hunyuan_podcast.upload_client - INFO - 流式上传模式（文件大小: 1.91 MB, chunk_size: 512 KB）
2025-11-19 09:42:54,519 - hunyuan_podcast.upload_client - INFO - 上传进度: 100.0% (1.91/1.91 MB), 速度: 0.86 MB/s
2025-11-19 09:42:58,716 - hunyuan_podcast.upload_client - INFO - 上传响应: status_code=200, 耗时: 6.43秒, 速度: 0.30 MB/s
2025-11-19 09:42:58,717 - hunyuan_podcast.upload_client - INFO -   响应头: {'Date': 'Wed, 19 Nov 2025 01:42:58 GMT', 'Content-Type': 'text/plain', 'Transfer-Encoding': 'chunked', 'Connection': 'keep-alive', 'X-Agc-Trace-Id': '85dc1fde-01af-422f-baee-1906c293efea', 'Server': 'elb'}
2025-11-19 09:42:58,717 - hunyuan_podcast.upload_client - INFO - 上传响应内容: {"uploadStatus":"finalize","fileInfo":{"storageArea":"CN","createTime":"2025-11-19T01:42:52Z","updateTime":"2025-11-19T01:42:52Z","contentType":"audio\/mpeg","name":"music\/health_fitness\/kiss-of-autumn-instrumental-background-music-for-video-vlog-60-sec-407610.mp3","size":2006204,"cacheControl":"no-cache, no-store, must-revalidate","bucket":"podcasters-y0qig","storageType":"STANDARD"}}
2025-11-19 09:42:58,718 - hunyuan_podcast.upload_client - INFO - 上传成功！
2025-11-19 09:42:58,720 - hunyuan_podcast.upload_client - INFO - 上传到 AGC: https://ops-server-drcn.agcstorage.link/v0/podcasters-y0qig/music/health_fitness/motivation-and-success-396446.mp3
2025-11-19 09:42:58,720 - hunyuan_podcast.upload_client - INFO -   文件大小: 5666690 bytes (5.40 MB)
2025-11-19 09:42:58,721 - hunyuan_podcast.upload_client - INFO -   Content-Length: 5666690
2025-11-19 09:42:58,721 - hunyuan_podcast.upload_client - INFO -   X-Agc-Content-Type: audio/mpeg
2025-11-19 09:42:58,721 - hunyuan_podcast.upload_client - INFO -   Headers: productId=已设置, client_id=已设置, Authorization=已设置
2025-11-19 09:42:58,721 - hunyuan_podcast.upload_client - INFO - 上传尝试 1: 连接超时=30秒, 读取超时=无限制 (文件大小: 5.40 MB)
2025-11-19 09:42:58,721 - hunyuan_podcast.upload_client - INFO - 流式上传模式（文件大小: 5.40 MB, chunk_size: 1024 KB）
2025-11-19 09:43:03,045 - hunyuan_podcast.upload_client - INFO - 上传进度: 55.5% (3.00/5.40 MB), 速度: 0.69 MB/s
2025-11-19 09:43:06,388 - hunyuan_podcast.upload_client - INFO - 上传进度: 74.0% (4.00/5.40 MB), 速度: 0.52 MB/s
2025-11-19 09:43:08,574 - hunyuan_podcast.upload_client - INFO - 上传进度: 92.5% (5.00/5.40 MB), 速度: 0.51 MB/s
2025-11-19 09:43:12,836 - hunyuan_podcast.upload_client - INFO - 上传进度: 100.0% (5.40/5.40 MB), 速度: 0.38 MB/s
2025-11-19 09:43:21,850 - hunyuan_podcast.upload_client - INFO - 上传响应: status_code=200, 耗时: 23.13秒, 速度: 0.23 MB/s
2025-11-19 09:43:21,851 - hunyuan_podcast.upload_client - INFO -   响应头: {'Date': 'Wed, 19 Nov 2025 01:43:21 GMT', 'Content-Type': 'text/plain', 'Transfer-Encoding': 'chunked', 'Connection': 'keep-alive', 'X-Agc-Trace-Id': '789d5120-e0ae-4de4-a7e2-087316e89983', 'Server': 'elb'}
2025-11-19 09:43:21,851 - hunyuan_podcast.upload_client - INFO - 上传响应内容: {"uploadStatus":"finalize","fileInfo":{"size":5666690,"cacheControl":"no-cache, no-store, must-revalidate","updateTime":"2025-11-19T01:42:59Z","name":"music\/health_fitness\/motivation-and-success-396446.mp3","bucket":"podcasters-y0qig","storageArea":"CN","storageType":"STANDARD","createTime":"2025-11-19T01:42:59Z","contentType":"audio\/mpeg"}}
2025-11-19 09:43:21,852 - hunyuan_podcast.upload_client - INFO - 上传成功！
2025-11-19 09:43:21,861 - hunyuan_podcast.upload_client - INFO - 上传到 AGC: https://ops-server-drcn.agcstorage.link/v0/podcasters-y0qig/music/life/echo-ai-194740.mp3
2025-11-19 09:43:21,862 - hunyuan_podcast.upload_client - INFO -   文件大小: 2562816 bytes (2.44 MB)
2025-11-19 09:43:21,862 - hunyuan_podcast.upload_client - INFO -   Content-Length: 2562816
2025-11-19 09:43:21,862 - hunyuan_podcast.upload_client - INFO -   X-Agc-Content-Type: audio/mpeg
2025-11-19 09:43:21,863 - hunyuan_podcast.upload_client - INFO -   Headers: productId=已设置, client_id=已设置, Authorization=已设置
2025-11-19 09:43:21,863 - hunyuan_podcast.upload_client - INFO - 上传尝试 1: 连接超时=30秒, 读取超时=无限制 (文件大小: 2.44 MB)
2025-11-19 09:43:21,864 - hunyuan_podcast.upload_client - INFO - 流式上传模式（文件大小: 2.44 MB, chunk_size: 512 KB）
2025-11-19 09:43:26,020 - hunyuan_podcast.upload_client - INFO - 上传进度: 81.8% (2.00/2.44 MB), 速度: 0.48 MB/s
2025-11-19 09:43:31,264 - hunyuan_podcast.upload_client - INFO - 上传进度: 100.0% (2.44/2.44 MB), 速度: 0.26 MB/s
2025-11-19 09:44:05,980 - hunyuan_podcast.upload_client - INFO - 上传响应: status_code=200, 耗时: 44.12秒, 速度: 0.06 MB/s
2025-11-19 09:44:06,081 - hunyuan_podcast.upload_client - INFO -   响应头: {'Date': 'Wed, 19 Nov 2025 01:44:05 GMT', 'Content-Type': 'text/plain', 'Transfer-Encoding': 'chunked', 'Connection': 'keep-alive', 'X-Agc-Trace-Id': 'd568dd8c-13b3-407a-8ca1-751644dba5c1', 'Server': 'elb'}
2025-11-19 09:44:06,083 - hunyuan_podcast.upload_client - INFO - 上传响应内容: {"uploadStatus":"finalize","fileInfo":{"size":2562816,"cacheControl":"no-cache, no-store, must-revalidate","updateTime":"2025-11-19T01:43:21Z","name":"music\/life\/echo-ai-194740.mp3","bucket":"podcasters-y0qig","storageArea":"CN","storageType":"STANDARD","createTime":"2025-11-19T01:43:21Z","contentType":"audio\/mpeg"}}
2025-11-19 09:44:06,083 - hunyuan_podcast.upload_client - INFO - 上传成功！
2025-11-19 09:44:06,140 - hunyuan_podcast.upload_client - INFO - 上传到 AGC: https://ops-server-drcn.agcstorage.link/v0/podcasters-y0qig/music/life/podcast-interview-music-413273.mp3
2025-11-19 09:44:06,140 - hunyuan_podcast.upload_client - INFO -   文件大小: 3716493 bytes (3.54 MB)
2025-11-19 09:44:06,141 - hunyuan_podcast.upload_client - INFO -   Content-Length: 3716493
2025-11-19 09:44:06,141 - hunyuan_podcast.upload_client - INFO -   X-Agc-Content-Type: audio/mpeg
2025-11-19 09:44:06,142 - hunyuan_podcast.upload_client - INFO -   Headers: productId=已设置, client_id=已设置, Authorization=已设置
2025-11-19 09:44:06,142 - hunyuan_podcast.upload_client - INFO - 上传尝试 1: 连接超时=30秒, 读取超时=无限制 (文件大小: 3.54 MB)
2025-11-19 09:44:06,143 - hunyuan_podcast.upload_client - INFO - 流式上传模式（文件大小: 3.54 MB, chunk_size: 512 KB）
2025-11-19 09:44:19,154 - hunyuan_podcast.upload_client - INFO - 上传进度: 56.4% (2.00/3.54 MB), 速度: 0.15 MB/s
2025-11-19 09:44:22,043 - hunyuan_podcast.upload_client - INFO - 上传进度: 70.5% (2.50/3.54 MB), 速度: 0.16 MB/s
2025-11-19 09:44:24,629 - hunyuan_podcast.upload_client - INFO - 上传进度: 84.6% (3.00/3.54 MB), 速度: 0.16 MB/s
2025-11-19 09:44:28,516 - hunyuan_podcast.upload_client - INFO - 上传进度: 98.7% (3.50/3.54 MB), 速度: 0.16 MB/s
2025-11-19 09:44:32,395 - hunyuan_podcast.upload_client - INFO - 上传进度: 100.0% (3.54/3.54 MB), 速度: 0.14 MB/s
2025-11-19 09:44:39,686 - hunyuan_podcast.upload_client - INFO - 上传响应: status_code=200, 耗时: 33.54秒, 速度: 0.11 MB/s
2025-11-19 09:44:39,731 - hunyuan_podcast.upload_client - INFO -   响应头: {'Date': 'Wed, 19 Nov 2025 01:44:39 GMT', 'Content-Type': 'text/plain', 'Transfer-Encoding': 'chunked', 'Connection': 'keep-alive', 'X-Agc-Trace-Id': '82310e5c-6f45-4d70-8189-294c35bbc384', 'Server': 'elb'}
2025-11-19 09:44:39,733 - hunyuan_podcast.upload_client - INFO - 上传响应内容: {"uploadStatus":"finalize","fileInfo":{"storageArea":"CN","createTime":"2025-11-19T01:44:07Z","updateTime":"2025-11-19T01:44:07Z","contentType":"audio\/mpeg","name":"music\/life\/podcast-interview-music-413273.mp3","size":3716493,"cacheControl":"no-cache, no-store, must-revalidate","bucket":"podcasters-y0qig","storageType":"STANDARD"}}
2025-11-19 09:44:39,733 - hunyuan_podcast.upload_client - INFO - 上传成功！
2025-11-19 09:44:39,735 - hunyuan_podcast.upload_client - INFO - 上传到 AGC: https://ops-server-drcn.agcstorage.link/v0/podcasters-y0qig/music/life/podcast-interview-podcast-music-295052.mp3
2025-11-19 09:44:39,735 - hunyuan_podcast.upload_client - INFO -   文件大小: 4549903 bytes (4.34 MB)
2025-11-19 09:44:39,735 - hunyuan_podcast.upload_client - INFO -   Content-Length: 4549903
2025-11-19 09:44:39,735 - hunyuan_podcast.upload_client - INFO -   X-Agc-Content-Type: audio/mpeg
2025-11-19 09:44:39,735 - hunyuan_podcast.upload_client - INFO -   Headers: productId=已设置, client_id=已设置, Authorization=已设置
2025-11-19 09:44:39,736 - hunyuan_podcast.upload_client - INFO - 上传尝试 1: 连接超时=30秒, 读取超时=无限制 (文件大小: 4.34 MB)
2025-11-19 09:44:39,736 - hunyuan_podcast.upload_client - INFO - 流式上传模式（文件大小: 4.34 MB, chunk_size: 512 KB）
2025-11-19 09:44:41,851 - hunyuan_podcast.upload_client - INFO - 上传进度: 57.6% (2.50/4.34 MB), 速度: 1.18 MB/s
2025-11-19 09:44:45,604 - hunyuan_podcast.upload_client - INFO - 上传进度: 80.7% (3.50/4.34 MB), 速度: 0.60 MB/s
2025-11-19 09:44:47,974 - hunyuan_podcast.upload_client - INFO - 上传进度: 100.0% (4.34/4.34 MB), 速度: 0.53 MB/s
2025-11-19 09:44:51,700 - hunyuan_podcast.upload_client - INFO - 上传响应: status_code=200, 耗时: 11.96秒, 速度: 0.36 MB/s
2025-11-19 09:44:51,703 - hunyuan_podcast.upload_client - INFO -   响应头: {'Date': 'Wed, 19 Nov 2025 01:44:51 GMT', 'Content-Type': 'text/plain', 'Transfer-Encoding': 'chunked', 'Connection': 'keep-alive', 'X-Agc-Trace-Id': 'd2f4cb11-a8aa-43b6-88f0-cceba115d899', 'Server': 'elb'}
2025-11-19 09:44:51,704 - hunyuan_podcast.upload_client - INFO - 上传响应内容: {"uploadStatus":"finalize","fileInfo":{"size":4549903,"cacheControl":"no-cache, no-store, must-revalidate","updateTime":"2025-11-19T01:44:39Z","name":"music\/life\/podcast-interview-podcast-music-295052.mp3","bucket":"podcasters-y0qig","storageArea":"CN","storageType":"STANDARD","createTime":"2025-11-19T01:44:39Z","contentType":"audio\/mpeg"}}
2025-11-19 09:44:51,705 - hunyuan_podcast.upload_client - INFO - 上传成功！
2025-11-19 09:44:51,709 - hunyuan_podcast.upload_client - INFO - 上传到 AGC: https://ops-server-drcn.agcstorage.link/v0/podcasters-y0qig/music/life/podcast-interview-youtube-music-413275.mp3
2025-11-19 09:44:51,709 - hunyuan_podcast.upload_client - INFO -   文件大小: 5763657 bytes (5.50 MB)
2025-11-19 09:44:51,710 - hunyuan_podcast.upload_client - INFO -   Content-Length: 5763657
2025-11-19 09:44:51,715 - hunyuan_podcast.upload_client - INFO -   X-Agc-Content-Type: audio/mpeg
2025-11-19 09:44:51,715 - hunyuan_podcast.upload_client - INFO -   Headers: productId=已设置, client_id=已设置, Authorization=已设置
2025-11-19 09:44:51,716 - hunyuan_podcast.upload_client - INFO - 上传尝试 1: 连接超时=30秒, 读取超时=无限制 (文件大小: 5.50 MB)
2025-11-19 09:44:51,716 - hunyuan_podcast.upload_client - INFO - 流式上传模式（文件大小: 5.50 MB, chunk_size: 1024 KB）
2025-11-19 09:44:53,816 - hunyuan_podcast.upload_client - INFO - 上传进度: 54.6% (3.00/5.50 MB), 速度: 1.43 MB/s
2025-11-19 09:44:56,028 - hunyuan_podcast.upload_client - INFO - 上传进度: 100.0% (5.50/5.50 MB), 速度: 1.27 MB/s
2025-11-19 09:44:57,083 - hunyuan_podcast.upload_client - INFO - 上传响应: status_code=200, 耗时: 5.37秒, 速度: 1.02 MB/s
2025-11-19 09:44:57,083 - hunyuan_podcast.upload_client - INFO -   响应头: {'Date': 'Wed, 19 Nov 2025 01:44:56 GMT', 'Content-Type': 'text/plain', 'Transfer-Encoding': 'chunked', 'Connection': 'keep-alive', 'X-Agc-Trace-Id': 'c126ebc0-1064-4d26-8d04-49cb48496cc0', 'Server': 'elb'}
2025-11-19 09:44:57,084 - hunyuan_podcast.upload_client - INFO - 上传响应内容: {"uploadStatus":"finalize","fileInfo":{"storageArea":"CN","createTime":"2025-11-19T01:44:51Z","updateTime":"2025-11-19T01:44:51Z","contentType":"audio\/mpeg","name":"music\/life\/podcast-interview-youtube-music-413275.mp3","size":5763657,"cacheControl":"no-cache, no-store, must-revalidate","bucket":"podcasters-y0qig","storageType":"STANDARD"}}
2025-11-19 09:44:57,084 - hunyuan_podcast.upload_client - INFO - 上传成功！
2025-11-19 09:44:57,086 - hunyuan_podcast.upload_client - INFO - 上传到 AGC: https://ops-server-drcn.agcstorage.link/v0/podcasters-y0qig/music/life/presentation-corporate-219493.mp3
2025-11-19 09:44:57,086 - hunyuan_podcast.upload_client - INFO -   文件大小: 4888320 bytes (4.66 MB)
2025-11-19 09:44:57,086 - hunyuan_podcast.upload_client - INFO -   Content-Length: 4888320
2025-11-19 09:44:57,087 - hunyuan_podcast.upload_client - INFO -   X-Agc-Content-Type: audio/mpeg
2025-11-19 09:44:57,087 - hunyuan_podcast.upload_client - INFO -   Headers: productId=已设置, client_id=已设置, Authorization=已设置
2025-11-19 09:44:57,087 - hunyuan_podcast.upload_client - INFO - 上传尝试 1: 连接超时=30秒, 读取超时=无限制 (文件大小: 4.66 MB)
2025-11-19 09:44:57,087 - hunyuan_podcast.upload_client - INFO - 流式上传模式（文件大小: 4.66 MB, chunk_size: 512 KB）
2025-11-19 09:44:59,809 - hunyuan_podcast.upload_client - INFO - 上传进度: 75.1% (3.50/4.66 MB), 速度: 1.29 MB/s
2025-11-19 09:45:04,351 - hunyuan_podcast.upload_client - INFO - 上传进度: 96.5% (4.50/4.66 MB), 速度: 0.62 MB/s
2025-11-19 09:45:06,948 - hunyuan_podcast.upload_client - INFO - 上传进度: 100.0% (4.66/4.66 MB), 速度: 0.47 MB/s
2025-11-19 09:45:08,072 - hunyuan_podcast.upload_client - INFO - 上传响应: status_code=200, 耗时: 10.98秒, 速度: 0.42 MB/s
2025-11-19 09:45:08,072 - hunyuan_podcast.upload_client - INFO -   响应头: {'Date': 'Wed, 19 Nov 2025 01:45:07 GMT', 'Content-Type': 'text/plain', 'Transfer-Encoding': 'chunked', 'Connection': 'keep-alive', 'X-Agc-Trace-Id': '0a283b08-2765-4fdb-b702-5b11e4f6855e', 'Server': 'elb'}
2025-11-19 09:45:08,073 - hunyuan_podcast.upload_client - INFO - 上传响应内容: {"uploadStatus":"finalize","fileInfo":{"size":4888320,"cacheControl":"no-cache, no-store, must-revalidate","updateTime":"2025-11-19T01:44:56Z","name":"music\/life\/presentation-corporate-219493.mp3","bucket":"podcasters-y0qig","storageArea":"CN","storageType":"STANDARD","createTime":"2025-11-19T01:44:56Z","contentType":"audio\/mpeg"}}
2025-11-19 09:45:08,073 - hunyuan_podcast.upload_client - INFO - 上传成功！
2025-11-19 09:45:08,076 - hunyuan_podcast.upload_client - INFO - 上传到 AGC: https://ops-server-drcn.agcstorage.link/v0/podcasters-y0qig/music/life/soft-background-music-432715.mp3
2025-11-19 09:45:08,076 - hunyuan_podcast.upload_client - INFO -   文件大小: 5935856 bytes (5.66 MB)
2025-11-19 09:45:08,077 - hunyuan_podcast.upload_client - INFO -   Content-Length: 5935856
2025-11-19 09:45:08,077 - hunyuan_podcast.upload_client - INFO -   X-Agc-Content-Type: audio/mpeg
2025-11-19 09:45:08,079 - hunyuan_podcast.upload_client - INFO -   Headers: productId=已设置, client_id=已设置, Authorization=已设置
2025-11-19 09:45:08,079 - hunyuan_podcast.upload_client - INFO - 上传尝试 1: 连接超时=30秒, 读取超时=无限制 (文件大小: 5.66 MB)
2025-11-19 09:45:08,079 - hunyuan_podcast.upload_client - INFO - 流式上传模式（文件大小: 5.66 MB, chunk_size: 1024 KB）
2025-11-19 09:45:10,583 - hunyuan_podcast.upload_client - INFO - 上传进度: 53.0% (3.00/5.66 MB), 速度: 1.20 MB/s
2025-11-19 09:45:12,592 - hunyuan_podcast.upload_client - INFO - 上传进度: 70.7% (4.00/5.66 MB), 速度: 0.89 MB/s
2025-11-19 09:45:16,836 - hunyuan_podcast.upload_client - INFO - 上传进度: 88.3% (5.00/5.66 MB), 速度: 0.57 MB/s
2025-11-19 09:45:20,548 - hunyuan_podcast.upload_client - INFO - 上传进度: 100.0% (5.66/5.66 MB), 速度: 0.45 MB/s
2025-11-19 09:45:28,564 - hunyuan_podcast.upload_client - INFO - 上传响应: status_code=200, 耗时: 20.49秒, 速度: 0.28 MB/s
2025-11-19 09:45:28,564 - hunyuan_podcast.upload_client - INFO -   响应头: {'Date': 'Wed, 19 Nov 2025 01:45:28 GMT', 'Content-Type': 'text/plain', 'Transfer-Encoding': 'chunked', 'Connection': 'keep-alive', 'X-Agc-Trace-Id': 'c54e9243-366c-40bd-aab5-179a0df712ea', 'Server': 'elb'}
2025-11-19 09:45:28,564 - hunyuan_podcast.upload_client - INFO - 上传响应内容: {"uploadStatus":"finalize","fileInfo":{"size":5935856,"cacheControl":"no-cache, no-store, must-revalidate","updateTime":"2025-11-19T01:45:07Z","name":"music\/life\/soft-background-music-432715.mp3","bucket":"podcasters-y0qig","storageArea":"CN","storageType":"STANDARD","createTime":"2025-11-19T01:45:07Z","contentType":"audio\/mpeg"}}
2025-11-19 09:45:28,565 - hunyuan_podcast.upload_client - INFO - 上传成功！
2025-11-19 09:45:28,569 - hunyuan_podcast.upload_client - INFO - 上传到 AGC: https://ops-server-drcn.agcstorage.link/v0/podcasters-y0qig/music/life/street-urban-street-lifestyle-music-337469.mp3
2025-11-19 09:45:28,575 - hunyuan_podcast.upload_client - INFO -   文件大小: 4227239 bytes (4.03 MB)
2025-11-19 09:45:28,578 - hunyuan_podcast.upload_client - INFO -   Content-Length: 4227239
2025-11-19 09:45:28,578 - hunyuan_podcast.upload_client - INFO -   X-Agc-Content-Type: audio/mpeg
2025-11-19 09:45:28,578 - hunyuan_podcast.upload_client - INFO -   Headers: productId=已设置, client_id=已设置, Authorization=已设置
2025-11-19 09:45:28,578 - hunyuan_podcast.upload_client - INFO - 上传尝试 1: 连接超时=30秒, 读取超时=无限制 (文件大小: 4.03 MB)
2025-11-19 09:45:28,580 - hunyuan_podcast.upload_client - INFO - 流式上传模式（文件大小: 4.03 MB, chunk_size: 512 KB）
2025-11-19 09:45:30,845 - hunyuan_podcast.upload_client - INFO - 上传进度: 74.4% (3.00/4.03 MB), 速度: 1.32 MB/s
2025-11-19 09:45:33,255 - hunyuan_podcast.upload_client - INFO - 上传响应: status_code=200, 耗时: 4.68秒, 速度: 0.86 MB/s
2025-11-19 09:45:33,257 - hunyuan_podcast.upload_client - INFO -   响应头: {'Date': 'Wed, 19 Nov 2025 01:45:32 GMT', 'Content-Type': 'text/plain', 'Transfer-Encoding': 'chunked', 'Connection': 'keep-alive', 'X-Agc-Trace-Id': 'aadcadd9-ca49-41ab-a03e-dc82e998a44a', 'Server': 'elb'}
2025-11-19 09:45:33,257 - hunyuan_podcast.upload_client - INFO - 上传响应内容: {"uploadStatus":"finalize","fileInfo":{"storageArea":"CN","createTime":"2025-11-19T01:45:28Z","updateTime":"2025-11-19T01:45:28Z","contentType":"audio\/mpeg","name":"music\/life\/street-urban-street-lifestyle-music-337469.mp3","size":4227239,"cacheControl":"no-cache, no-store, must-revalidate","bucket":"podcasters-y0qig","storageType":"STANDARD"}}
2025-11-19 09:45:33,258 - hunyuan_podcast.upload_client - INFO - 上传成功！
2025-11-19 09:45:33,266 - hunyuan_podcast.upload_client - INFO - 上传到 AGC: https://ops-server-drcn.agcstorage.link/v0/podcasters-y0qig/music/life/youtube-intro-291172.mp3
2025-11-19 09:45:33,267 - hunyuan_podcast.upload_client - INFO -   文件大小: 423936 bytes (0.40 MB)
2025-11-19 09:45:33,267 - hunyuan_podcast.upload_client - INFO -   Content-Length: 423936
2025-11-19 09:45:33,267 - hunyuan_podcast.upload_client - INFO -   X-Agc-Content-Type: audio/mpeg
2025-11-19 09:45:33,267 - hunyuan_podcast.upload_client - INFO -   Headers: productId=已设置, client_id=已设置, Authorization=已设置
2025-11-19 09:45:33,267 - hunyuan_podcast.upload_client - INFO - 上传尝试 1: 连接超时=30秒, 读取超时=无限制 (文件大小: 0.40 MB)
2025-11-19 09:45:33,270 - hunyuan_podcast.upload_client - INFO - 流式上传模式（文件大小: 0.40 MB, chunk_size: 256 KB）
2025-11-19 09:45:34,543 - hunyuan_podcast.upload_client - INFO - 上传响应: status_code=200, 耗时: 1.27秒, 速度: 0.32 MB/s
2025-11-19 09:45:34,544 - hunyuan_podcast.upload_client - INFO -   响应头: {'Date': 'Wed, 19 Nov 2025 01:45:34 GMT', 'Content-Type': 'text/plain', 'Transfer-Encoding': 'chunked', 'Connection': 'keep-alive', 'X-Agc-Trace-Id': '15da097d-9320-4f80-90df-471b3733b2fa', 'Server': 'elb'}
2025-11-19 09:45:34,545 - hunyuan_podcast.upload_client - INFO - 上传响应内容: {"uploadStatus":"finalize","fileInfo":{"size":423936,"cacheControl":"no-cache, no-store, must-revalidate","updateTime":"2025-11-19T01:45:33Z","name":"music\/life\/youtube-intro-291172.mp3","bucket":"podcasters-y0qig","storageArea":"CN","storageType":"STANDARD","createTime":"2025-11-19T01:45:33Z","contentType":"audio\/mpeg"}}
2025-11-19 09:45:34,545 - hunyuan_podcast.upload_client - INFO - 上传成功！
2025-11-19 09:45:34,547 - hunyuan_podcast.upload_client - INFO - 上传到 AGC: https://ops-server-drcn.agcstorage.link/v0/podcasters-y0qig/music/news/flash-news-195940.mp3
2025-11-19 09:45:34,547 - hunyuan_podcast.upload_client - INFO -   文件大小: 1946018 bytes (1.86 MB)
2025-11-19 09:45:34,547 - hunyuan_podcast.upload_client - INFO -   Content-Length: 1946018
2025-11-19 09:45:34,547 - hunyuan_podcast.upload_client - INFO -   X-Agc-Content-Type: audio/mpeg
2025-11-19 09:45:34,547 - hunyuan_podcast.upload_client - INFO -   Headers: productId=已设置, client_id=已设置, Authorization=已设置
2025-11-19 09:45:34,547 - hunyuan_podcast.upload_client - INFO - 上传尝试 1: 连接超时=30秒, 读取超时=无限制 (文件大小: 1.86 MB)
2025-11-19 09:45:34,548 - hunyuan_podcast.upload_client - INFO - 流式上传模式（文件大小: 1.86 MB, chunk_size: 512 KB）
2025-11-19 09:45:36,089 - hunyuan_podcast.upload_client - INFO - 上传响应: status_code=200, 耗时: 1.54秒, 速度: 1.20 MB/s
2025-11-19 09:45:36,090 - hunyuan_podcast.upload_client - INFO -   响应头: {'Date': 'Wed, 19 Nov 2025 01:45:35 GMT', 'Content-Type': 'text/plain', 'Transfer-Encoding': 'chunked', 'Connection': 'keep-alive', 'X-Agc-Trace-Id': '7b676ee8-fd0c-47f3-9903-223951a9dbec', 'Server': 'elb'}
2025-11-19 09:45:36,090 - hunyuan_podcast.upload_client - INFO - 上传响应内容: {"fileInfo":{"createTime":"2025-11-19T01:45:34Z","updateTime":"2025-11-19T01:45:34Z","contentType":"audio\/mpeg","size":1946018,"bucket":"podcasters-y0qig","cacheControl":"no-cache, no-store, must-revalidate","storageType":"STANDARD","storageArea":"CN","name":"music\/news\/flash-news-195940.mp3"},"uploadStatus":"finalize"}
2025-11-19 09:45:36,090 - hunyuan_podcast.upload_client - INFO - 上传成功！
2025-11-19 09:45:36,093 - hunyuan_podcast.upload_client - INFO - 上传到 AGC: https://ops-server-drcn.agcstorage.link/v0/podcasters-y0qig/music/news/flash-news-orchestral-buildup-to-climax-version-423970.mp3
2025-11-19 09:45:36,093 - hunyuan_podcast.upload_client - INFO -   文件大小: 1936822 bytes (1.85 MB)
2025-11-19 09:45:36,093 - hunyuan_podcast.upload_client - INFO -   Content-Length: 1936822
2025-11-19 09:45:36,095 - hunyuan_podcast.upload_client - INFO -   X-Agc-Content-Type: audio/mpeg
2025-11-19 09:45:36,095 - hunyuan_podcast.upload_client - INFO -   Headers: productId=已设置, client_id=已设置, Authorization=已设置
2025-11-19 09:45:36,096 - hunyuan_podcast.upload_client - INFO - 上传尝试 1: 连接超时=30秒, 读取超时=无限制 (文件大小: 1.85 MB)
2025-11-19 09:45:36,097 - hunyuan_podcast.upload_client - INFO - 流式上传模式（文件大小: 1.85 MB, chunk_size: 512 KB）
2025-11-19 09:45:39,222 - hunyuan_podcast.upload_client - INFO - 上传响应: status_code=200, 耗时: 3.12秒, 速度: 0.59 MB/s
2025-11-19 09:45:39,224 - hunyuan_podcast.upload_client - INFO -   响应头: {'Date': 'Wed, 19 Nov 2025 01:45:38 GMT', 'Content-Type': 'text/plain', 'Transfer-Encoding': 'chunked', 'Connection': 'keep-alive', 'X-Agc-Trace-Id': '70ffa7f9-31e0-4477-b97e-4c0524e08ccd', 'Server': 'elb'}
2025-11-19 09:45:39,225 - hunyuan_podcast.upload_client - INFO - 上传响应内容: {"uploadStatus":"finalize","fileInfo":{"storageArea":"CN","createTime":"2025-11-19T01:45:36Z","updateTime":"2025-11-19T01:45:36Z","contentType":"audio\/mpeg","name":"music\/news\/flash-news-orchestral-buildup-to-climax-version-423970.mp3","size":1936822,"cacheControl":"no-cache, no-store, must-revalidate","bucket":"podcasters-y0qig","storageType":"STANDARD"}}
2025-11-19 09:45:39,226 - hunyuan_podcast.upload_client - INFO - 上传成功！
2025-11-19 09:45:39,231 - hunyuan_podcast.upload_client - INFO - 上传到 AGC: https://ops-server-drcn.agcstorage.link/v0/podcasters-y0qig/music/news/modern-news-intro-theme-with-steady-electronic-percussion-free-music-390514.mp3
2025-11-19 09:45:39,232 - hunyuan_podcast.upload_client - INFO -   文件大小: 3229440 bytes (3.08 MB)
2025-11-19 09:45:39,233 - hunyuan_podcast.upload_client - INFO -   Content-Length: 3229440
2025-11-19 09:45:39,233 - hunyuan_podcast.upload_client - INFO -   X-Agc-Content-Type: audio/mpeg
2025-11-19 09:45:39,233 - hunyuan_podcast.upload_client - INFO -   Headers: productId=已设置, client_id=已设置, Authorization=已设置
2025-11-19 09:45:39,237 - hunyuan_podcast.upload_client - INFO - 上传尝试 1: 连接超时=30秒, 读取超时=无限制 (文件大小: 3.08 MB)
2025-11-19 09:45:39,237 - hunyuan_podcast.upload_client - INFO - 流式上传模式（文件大小: 3.08 MB, chunk_size: 512 KB）
2025-11-19 09:45:43,059 - hunyuan_podcast.upload_client - INFO - 上传进度: 81.2% (2.50/3.08 MB), 速度: 0.65 MB/s
2025-11-19 09:45:46,288 - hunyuan_podcast.upload_client - INFO - 上传进度: 100.0% (3.08/3.08 MB), 速度: 0.44 MB/s
2025-11-19 09:46:11,523 - hunyuan_podcast.upload_client - INFO - 上传响应: status_code=200, 耗时: 32.29秒, 速度: 0.10 MB/s
2025-11-19 09:46:11,525 - hunyuan_podcast.upload_client - INFO -   响应头: {'Date': 'Wed, 19 Nov 2025 01:46:11 GMT', 'Content-Type': 'text/plain', 'Transfer-Encoding': 'chunked', 'Connection': 'keep-alive', 'X-Agc-Trace-Id': '57401e7f-813d-4aa5-86f2-42d1e7ec8098', 'Server': 'elb'}
2025-11-19 09:46:11,526 - hunyuan_podcast.upload_client - INFO - 上传响应内容: {"uploadStatus":"finalize","fileInfo":{"size":3229440,"cacheControl":"no-cache, no-store, must-revalidate","updateTime":"2025-11-19T01:45:39Z","name":"music\/news\/modern-news-intro-theme-with-steady-electronic-percussion-free-music-390514.mp3","bucket":"podcasters-y0qig","storageArea":"CN","storageType":"STANDARD","createTime":"2025-11-19T01:45:39Z","contentType":"audio\/mpeg"}}
2025-11-19 09:46:11,526 - hunyuan_podcast.upload_client - INFO - 上传成功！
2025-11-19 09:46:11,533 - hunyuan_podcast.upload_client - INFO - 上传到 AGC: https://ops-server-drcn.agcstorage.link/v0/podcasters-y0qig/music/news/motivation-and-success-396446.mp3
2025-11-19 09:46:11,534 - hunyuan_podcast.upload_client - INFO -   文件大小: 5666690 bytes (5.40 MB)
2025-11-19 09:46:11,535 - hunyuan_podcast.upload_client - INFO -   Content-Length: 5666690
2025-11-19 09:46:11,535 - hunyuan_podcast.upload_client - INFO -   X-Agc-Content-Type: audio/mpeg
2025-11-19 09:46:11,536 - hunyuan_podcast.upload_client - INFO -   Headers: productId=已设置, client_id=已设置, Authorization=已设置
2025-11-19 09:46:11,536 - hunyuan_podcast.upload_client - INFO - 上传尝试 1: 连接超时=30秒, 读取超时=无限制 (文件大小: 5.40 MB)
2025-11-19 09:46:11,538 - hunyuan_podcast.upload_client - INFO - 流式上传模式（文件大小: 5.40 MB, chunk_size: 1024 KB）
2025-11-19 09:46:14,314 - hunyuan_podcast.upload_client - INFO - 上传进度: 55.5% (3.00/5.40 MB), 速度: 1.08 MB/s
2025-11-19 09:46:16,851 - hunyuan_podcast.upload_client - INFO - 上传进度: 74.0% (4.00/5.40 MB), 速度: 0.75 MB/s
2025-11-19 09:46:21,879 - hunyuan_podcast.upload_client - INFO - 上传进度: 92.5% (5.00/5.40 MB), 速度: 0.48 MB/s
2025-11-19 09:46:51,883 - hunyuan_podcast.upload_client - ERROR - 上传失败 (attempt 1): ('Connection aborted.', TimeoutError('The write operation timed out'))
2025-11-19 09:46:51,888 - hunyuan_podcast.upload_client - WARNING -   检测到写入超时或连接中断，但数据可能已经成功上传，将继续重试
2025-11-19 09:46:51,893 - hunyuan_podcast.upload_client - WARNING -   0.5s 后重试（无重试次数限制，将持续重试直到成功）...
2025-11-19 09:46:52,409 - hunyuan_podcast.upload_client - INFO - 上传尝试 2: 连接超时=30秒, 读取超时=无限制 (文件大小: 5.40 MB)
2025-11-19 09:46:52,411 - hunyuan_podcast.upload_client - INFO - 流式上传模式（文件大小: 5.40 MB, chunk_size: 1024 KB）
2025-11-19 09:47:07,917 - hunyuan_podcast.upload_client - INFO - 上传进度: 55.5% (3.00/5.40 MB), 速度: 0.19 MB/s
2025-11-19 09:47:32,918 - hunyuan_podcast.upload_client - INFO - 上传进度: 74.0% (4.00/5.40 MB), 速度: 0.10 MB/s
2025-11-19 09:47:38,795 - hunyuan_podcast.upload_client - INFO - 上传进度: 92.5% (5.00/5.40 MB), 速度: 0.11 MB/s
2025-11-19 09:47:43,271 - hunyuan_podcast.upload_client - INFO - 上传进度: 100.0% (5.40/5.40 MB), 速度: 0.11 MB/s
2025-11-19 09:47:49,451 - hunyuan_podcast.upload_client - INFO - 上传响应: status_code=200, 耗时: 57.04秒, 速度: 0.09 MB/s
2025-11-19 09:47:49,481 - hunyuan_podcast.upload_client - INFO -   响应头: {'Date': 'Wed, 19 Nov 2025 01:47:48 GMT', 'Content-Type': 'text/plain', 'Transfer-Encoding': 'chunked', 'Connection': 'keep-alive', 'X-Agc-Trace-Id': '9abd8ab9-c47e-4f57-bcb1-72ba8f819ebe', 'Server': 'elb'}
2025-11-19 09:47:49,490 - hunyuan_podcast.upload_client - INFO - 上传响应内容: {"uploadStatus":"finalize","fileInfo":{"storageArea":"CN","createTime":"2025-11-19T01:46:56Z","updateTime":"2025-11-19T01:46:56Z","contentType":"audio\/mpeg","name":"music\/news\/motivation-and-success-396446.mp3","size":5666690,"cacheControl":"no-cache, no-store, must-revalidate","bucket":"podcasters-y0qig","storageType":"STANDARD"}}
2025-11-19 09:47:49,845 - hunyuan_podcast.upload_client - INFO - 上传成功！
2025-11-19 09:47:50,092 - hunyuan_podcast.upload_client - INFO - 上传到 AGC: https://ops-server-drcn.agcstorage.link/v0/podcasters-y0qig/music/news/news-149157.mp3
2025-11-19 09:47:50,092 - hunyuan_podcast.upload_client - INFO -   文件大小: 1537253 bytes (1.47 MB)
2025-11-19 09:47:50,094 - hunyuan_podcast.upload_client - INFO -   Content-Length: 1537253
2025-11-19 09:47:50,094 - hunyuan_podcast.upload_client - INFO -   X-Agc-Content-Type: audio/mpeg
2025-11-19 09:47:50,094 - hunyuan_podcast.upload_client - INFO -   Headers: productId=已设置, client_id=已设置, Authorization=已设置
2025-11-19 09:47:50,094 - hunyuan_podcast.upload_client - INFO - 上传尝试 1: 连接超时=30秒, 读取超时=无限制 (文件大小: 1.47 MB)
2025-11-19 09:47:50,095 - hunyuan_podcast.upload_client - INFO - 流式上传模式（文件大小: 1.47 MB, chunk_size: 512 KB）
2025-11-19 09:47:54,427 - hunyuan_podcast.upload_client - INFO - 上传响应: status_code=200, 耗时: 4.33秒, 速度: 0.34 MB/s
2025-11-19 09:47:54,428 - hunyuan_podcast.upload_client - INFO -   响应头: {'Date': 'Wed, 19 Nov 2025 01:47:53 GMT', 'Content-Type': 'text/plain', 'Transfer-Encoding': 'chunked', 'Connection': 'keep-alive', 'X-Agc-Trace-Id': '283bde26-f7a1-4649-8afd-38d2b77e4f97', 'Server': 'elb'}
2025-11-19 09:47:54,429 - hunyuan_podcast.upload_client - INFO - 上传响应内容: {"uploadStatus":"finalize","fileInfo":{"size":1537253,"cacheControl":"no-cache, no-store, must-revalidate","updateTime":"2025-11-19T01:47:50Z","name":"music\/news\/news-149157.mp3","bucket":"podcasters-y0qig","storageArea":"CN","storageType":"STANDARD","createTime":"2025-11-19T01:47:50Z","contentType":"audio\/mpeg"}}
2025-11-19 09:47:54,433 - hunyuan_podcast.upload_client - INFO - 上传成功！
2025-11-19 09:47:54,447 - hunyuan_podcast.upload_client - INFO - 上传到 AGC: https://ops-server-drcn.agcstorage.link/v0/podcasters-y0qig/music/news/news-flash-action-rock-report-245796.mp3
2025-11-19 09:47:54,448 - hunyuan_podcast.upload_client - INFO -   文件大小: 3097913 bytes (2.95 MB)
2025-11-19 09:47:54,448 - hunyuan_podcast.upload_client - INFO -   Content-Length: 3097913
2025-11-19 09:47:54,448 - hunyuan_podcast.upload_client - INFO -   X-Agc-Content-Type: audio/mpeg
2025-11-19 09:47:54,449 - hunyuan_podcast.upload_client - INFO -   Headers: productId=已设置, client_id=已设置, Authorization=已设置
2025-11-19 09:47:54,451 - hunyuan_podcast.upload_client - INFO - 上传尝试 1: 连接超时=30秒, 读取超时=无限制 (文件大小: 2.95 MB)
2025-11-19 09:47:54,451 - hunyuan_podcast.upload_client - INFO - 流式上传模式（文件大小: 2.95 MB, chunk_size: 512 KB）
2025-11-19 09:47:56,313 - hunyuan_podcast.upload_client - INFO - 上传响应: status_code=200, 耗时: 1.86秒, 速度: 1.59 MB/s
2025-11-19 09:47:56,322 - hunyuan_podcast.upload_client - INFO -   响应头: {'Date': 'Wed, 19 Nov 2025 01:47:55 GMT', 'Content-Type': 'text/plain', 'Transfer-Encoding': 'chunked', 'Connection': 'keep-alive', 'X-Agc-Trace-Id': '4514a4d7-2ffb-4c81-a3b3-7908aeac2157', 'Server': 'elb'}
2025-11-19 09:47:56,322 - hunyuan_podcast.upload_client - INFO - 上传响应内容: {"uploadStatus":"finalize","fileInfo":{"storageArea":"CN","createTime":"2025-11-19T01:47:54Z","updateTime":"2025-11-19T01:47:54Z","contentType":"audio\/mpeg","name":"music\/news\/news-flash-action-rock-report-245796.mp3","size":3097913,"cacheControl":"no-cache, no-store, must-revalidate","bucket":"podcasters-y0qig","storageType":"STANDARD"}}
2025-11-19 09:47:56,324 - hunyuan_podcast.upload_client - INFO - 上传成功！
2025-11-19 09:47:56,342 - hunyuan_podcast.upload_client - INFO - 上传到 AGC: https://ops-server-drcn.agcstorage.link/v0/podcasters-y0qig/music/news/podcast-interview-podcast-music-295052.mp3
2025-11-19 09:47:56,343 - hunyuan_podcast.upload_client - INFO -   文件大小: 4549903 bytes (4.34 MB)
2025-11-19 09:47:56,344 - hunyuan_podcast.upload_client - INFO -   Content-Length: 4549903
2025-11-19 09:47:56,345 - hunyuan_podcast.upload_client - INFO -   X-Agc-Content-Type: audio/mpeg
2025-11-19 09:47:56,346 - hunyuan_podcast.upload_client - INFO -   Headers: productId=已设置, client_id=已设置, Authorization=已设置
2025-11-19 09:47:56,347 - hunyuan_podcast.upload_client - INFO - 上传尝试 1: 连接超时=30秒, 读取超时=无限制 (文件大小: 4.34 MB)
2025-11-19 09:47:56,347 - hunyuan_podcast.upload_client - INFO - 流式上传模式（文件大小: 4.34 MB, chunk_size: 512 KB）
2025-11-19 09:47:58,374 - hunyuan_podcast.upload_client - INFO - 上传进度: 100.0% (4.34/4.34 MB), 速度: 2.14 MB/s
2025-11-19 09:47:59,345 - hunyuan_podcast.upload_client - INFO - 上传响应: status_code=200, 耗时: 3.00秒, 速度: 1.45 MB/s
2025-11-19 09:47:59,345 - hunyuan_podcast.upload_client - INFO -   响应头: {'Date': 'Wed, 19 Nov 2025 01:47:58 GMT', 'Content-Type': 'text/plain', 'Transfer-Encoding': 'chunked', 'Connection': 'keep-alive', 'X-Agc-Trace-Id': '30dcebd9-0d3e-42ec-a279-e6acd65f2811', 'Server': 'elb'}
2025-11-19 09:47:59,345 - hunyuan_podcast.upload_client - INFO - 上传响应内容: {"uploadStatus":"finalize","fileInfo":{"size":4549903,"cacheControl":"no-cache, no-store, must-revalidate","updateTime":"2025-11-19T01:47:56Z","name":"music\/news\/podcast-interview-podcast-music-295052.mp3","bucket":"podcasters-y0qig","storageArea":"CN","storageType":"STANDARD","createTime":"2025-11-19T01:47:56Z","contentType":"audio\/mpeg"}}
2025-11-19 09:47:59,347 - hunyuan_podcast.upload_client - INFO - 上传成功！
2025-11-19 09:47:59,350 - hunyuan_podcast.upload_client - INFO - 上传到 AGC: https://ops-server-drcn.agcstorage.link/v0/podcasters-y0qig/music/news/podcast-interview-youtube-music-413275.mp3
2025-11-19 09:47:59,351 - hunyuan_podcast.upload_client - INFO -   文件大小: 5763657 bytes (5.50 MB)
2025-11-19 09:47:59,351 - hunyuan_podcast.upload_client - INFO -   Content-Length: 5763657
2025-11-19 09:47:59,351 - hunyuan_podcast.upload_client - INFO -   X-Agc-Content-Type: audio/mpeg
2025-11-19 09:47:59,352 - hunyuan_podcast.upload_client - INFO -   Headers: productId=已设置, client_id=已设置, Authorization=已设置
2025-11-19 09:47:59,352 - hunyuan_podcast.upload_client - INFO - 上传尝试 1: 连接超时=30秒, 读取超时=无限制 (文件大小: 5.50 MB)
2025-11-19 09:47:59,353 - hunyuan_podcast.upload_client - INFO - 流式上传模式（文件大小: 5.50 MB, chunk_size: 1024 KB）
2025-11-19 09:48:01,628 - hunyuan_podcast.upload_client - INFO - 上传进度: 72.8% (4.00/5.50 MB), 速度: 1.76 MB/s
2025-11-19 09:48:05,773 - hunyuan_podcast.upload_client - INFO - 上传响应: status_code=200, 耗时: 6.42秒, 速度: 0.86 MB/s
2025-11-19 09:48:05,774 - hunyuan_podcast.upload_client - INFO -   响应头: {'Date': 'Wed, 19 Nov 2025 01:48:05 GMT', 'Content-Type': 'text/plain', 'Transfer-Encoding': 'chunked', 'Connection': 'keep-alive', 'X-Agc-Trace-Id': '61db1761-5768-44d4-8427-7ae9e0c10912', 'Server': 'elb'}
2025-11-19 09:48:05,774 - hunyuan_podcast.upload_client - INFO - 上传响应内容: {"uploadStatus":"finalize","fileInfo":{"storageArea":"CN","createTime":"2025-11-19T01:47:59Z","updateTime":"2025-11-19T01:47:59Z","contentType":"audio\/mpeg","name":"music\/news\/podcast-interview-youtube-music-413275.mp3","size":5763657,"cacheControl":"no-cache, no-store, must-revalidate","bucket":"podcasters-y0qig","storageType":"STANDARD"}}
2025-11-19 09:48:05,775 - hunyuan_podcast.upload_client - INFO - 上传成功！
2025-11-19 09:48:05,780 - hunyuan_podcast.upload_client - INFO - 上传到 AGC: https://ops-server-drcn.agcstorage.link/v0/podcasters-y0qig/music/news/positive-news-287263.mp3
2025-11-19 09:48:05,782 - hunyuan_podcast.upload_client - INFO -   文件大小: 4498912 bytes (4.29 MB)
2025-11-19 09:48:05,782 - hunyuan_podcast.upload_client - INFO -   Content-Length: 4498912
2025-11-19 09:48:05,783 - hunyuan_podcast.upload_client - INFO -   X-Agc-Content-Type: audio/mpeg
2025-11-19 09:48:05,783 - hunyuan_podcast.upload_client - INFO -   Headers: productId=已设置, client_id=已设置, Authorization=已设置
2025-11-19 09:48:05,785 - hunyuan_podcast.upload_client - INFO - 上传尝试 1: 连接超时=30秒, 读取超时=无限制 (文件大小: 4.29 MB)
2025-11-19 09:48:05,790 - hunyuan_podcast.upload_client - INFO - 流式上传模式（文件大小: 4.29 MB, chunk_size: 512 KB）
2025-11-19 09:48:07,997 - hunyuan_podcast.upload_client - INFO - 上传进度: 69.9% (3.00/4.29 MB), 速度: 1.36 MB/s
2025-11-19 09:48:11,309 - hunyuan_podcast.upload_client - INFO - 上传响应: status_code=200, 耗时: 5.52秒, 速度: 0.78 MB/s
2025-11-19 09:48:11,311 - hunyuan_podcast.upload_client - INFO -   响应头: {'Date': 'Wed, 19 Nov 2025 01:48:10 GMT', 'Content-Type': 'text/plain', 'Transfer-Encoding': 'chunked', 'Connection': 'keep-alive', 'X-Agc-Trace-Id': '14ef0fd3-9ea3-49c7-85ca-4dd9d7cc7ad7', 'Server': 'elb'}
2025-11-19 09:48:11,311 - hunyuan_podcast.upload_client - INFO - 上传响应内容: {"uploadStatus":"finalize","fileInfo":{"storageArea":"CN","createTime":"2025-11-19T01:48:05Z","updateTime":"2025-11-19T01:48:05Z","contentType":"audio\/mpeg","name":"music\/news\/positive-news-287263.mp3","size":4498912,"cacheControl":"no-cache, no-store, must-revalidate","bucket":"podcasters-y0qig","storageType":"STANDARD"}}
2025-11-19 09:48:11,312 - hunyuan_podcast.upload_client - INFO - 上传成功！
2025-11-19 09:48:11,318 - hunyuan_podcast.upload_client - INFO - 上传到 AGC: https://ops-server-drcn.agcstorage.link/v0/podcasters-y0qig/music/news/presentation-corporate-219493.mp3
2025-11-19 09:48:11,318 - hunyuan_podcast.upload_client - INFO -   文件大小: 4888320 bytes (4.66 MB)
2025-11-19 09:48:11,321 - hunyuan_podcast.upload_client - INFO -   Content-Length: 4888320
2025-11-19 09:48:11,321 - hunyuan_podcast.upload_client - INFO -   X-Agc-Content-Type: audio/mpeg
2025-11-19 09:48:11,321 - hunyuan_podcast.upload_client - INFO -   Headers: productId=已设置, client_id=已设置, Authorization=已设置
2025-11-19 09:48:11,321 - hunyuan_podcast.upload_client - INFO - 上传尝试 1: 连接超时=30秒, 读取超时=无限制 (文件大小: 4.66 MB)
2025-11-19 09:48:11,323 - hunyuan_podcast.upload_client - INFO - 流式上传模式（文件大小: 4.66 MB, chunk_size: 512 KB）
2025-11-19 09:48:13,915 - hunyuan_podcast.upload_client - INFO - 上传进度: 53.6% (2.50/4.66 MB), 速度: 0.96 MB/s
2025-11-19 09:48:17,228 - hunyuan_podcast.upload_client - INFO - 上传响应: status_code=200, 耗时: 5.90秒, 速度: 0.79 MB/s
2025-11-19 09:48:17,230 - hunyuan_podcast.upload_client - INFO -   响应头: {'Date': 'Wed, 19 Nov 2025 01:48:16 GMT', 'Content-Type': 'text/plain', 'Transfer-Encoding': 'chunked', 'Connection': 'keep-alive', 'X-Agc-Trace-Id': 'eb4800fa-e6df-497f-838a-6407b3496ad7', 'Server': 'elb'}
2025-11-19 09:48:17,230 - hunyuan_podcast.upload_client - INFO - 上传响应内容: {"uploadStatus":"finalize","fileInfo":{"storageArea":"CN","createTime":"2025-11-19T01:48:11Z","updateTime":"2025-11-19T01:48:11Z","contentType":"audio\/mpeg","name":"music\/news\/presentation-corporate-219493.mp3","size":4888320,"cacheControl":"no-cache, no-store, must-revalidate","bucket":"podcasters-y0qig","storageType":"STANDARD"}}
2025-11-19 09:48:17,230 - hunyuan_podcast.upload_client - INFO - 上传成功！
2025-11-19 09:48:17,236 - hunyuan_podcast.upload_client - INFO - 上传到 AGC: https://ops-server-drcn.agcstorage.link/v0/podcasters-y0qig/music/news/quiz-countdown-194417.mp3
2025-11-19 09:48:17,237 - hunyuan_podcast.upload_client - INFO -   文件大小: 3041071 bytes (2.90 MB)
2025-11-19 09:48:17,237 - hunyuan_podcast.upload_client - INFO -   Content-Length: 3041071
2025-11-19 09:48:17,238 - hunyuan_podcast.upload_client - INFO -   X-Agc-Content-Type: audio/mpeg
2025-11-19 09:48:17,238 - hunyuan_podcast.upload_client - INFO -   Headers: productId=已设置, client_id=已设置, Authorization=已设置
2025-11-19 09:48:17,238 - hunyuan_podcast.upload_client - INFO - 上传尝试 1: 连接超时=30秒, 读取超时=无限制 (文件大小: 2.90 MB)
2025-11-19 09:48:17,239 - hunyuan_podcast.upload_client - INFO - 流式上传模式（文件大小: 2.90 MB, chunk_size: 512 KB）
2025-11-19 09:48:19,520 - hunyuan_podcast.upload_client - INFO - 上传进度: 86.2% (2.50/2.90 MB), 速度: 1.10 MB/s
2025-11-19 09:48:22,113 - hunyuan_podcast.upload_client - INFO - 上传响应: status_code=200, 耗时: 4.87秒, 速度: 0.60 MB/s
2025-11-19 09:48:22,464 - hunyuan_podcast.upload_client - INFO -   响应头: {'Date': 'Wed, 19 Nov 2025 01:48:21 GMT', 'Content-Type': 'text/plain', 'Transfer-Encoding': 'chunked', 'Connection': 'keep-alive', 'X-Agc-Trace-Id': '41fa6a60-fb0d-4952-81ff-88ed1e0eed40', 'Server': 'elb'}
2025-11-19 09:48:22,476 - hunyuan_podcast.upload_client - INFO - 上传响应内容: {"uploadStatus":"finalize","fileInfo":{"size":3041071,"cacheControl":"no-cache, no-store, must-revalidate","updateTime":"2025-11-19T01:48:17Z","name":"music\/news\/quiz-countdown-194417.mp3","bucket":"podcasters-y0qig","storageArea":"CN","storageType":"STANDARD","createTime":"2025-11-19T01:48:17Z","contentType":"audio\/mpeg"}}
2025-11-19 09:48:22,479 - hunyuan_podcast.upload_client - INFO - 上传成功！
2025-11-19 09:48:22,898 - hunyuan_podcast.upload_client - INFO - 上传到 AGC: https://ops-server-drcn.agcstorage.link/v0/podcasters-y0qig/music/news/soft-background-music-432715.mp3
2025-11-19 09:48:22,898 - hunyuan_podcast.upload_client - INFO -   文件大小: 5935856 bytes (5.66 MB)
2025-11-19 09:48:22,899 - hunyuan_podcast.upload_client - INFO -   Content-Length: 5935856
2025-11-19 09:48:22,899 - hunyuan_podcast.upload_client - INFO -   X-Agc-Content-Type: audio/mpeg
2025-11-19 09:48:22,900 - hunyuan_podcast.upload_client - INFO -   Headers: productId=已设置, client_id=已设置, Authorization=已设置
2025-11-19 09:48:22,900 - hunyuan_podcast.upload_client - INFO - 上传尝试 1: 连接超时=30秒, 读取超时=无限制 (文件大小: 5.66 MB)
2025-11-19 09:48:22,901 - hunyuan_podcast.upload_client - INFO - 流式上传模式（文件大小: 5.66 MB, chunk_size: 1024 KB）
2025-11-19 09:48:25,996 - hunyuan_podcast.upload_client - INFO - 上传进度: 70.7% (4.00/5.66 MB), 速度: 1.29 MB/s
2025-11-19 09:48:30,748 - hunyuan_podcast.upload_client - INFO - 上传响应: status_code=200, 耗时: 7.85秒, 速度: 0.72 MB/s
2025-11-19 09:48:30,748 - hunyuan_podcast.upload_client - INFO -   响应头: {'Date': 'Wed, 19 Nov 2025 01:48:30 GMT', 'Content-Type': 'text/plain', 'Transfer-Encoding': 'chunked', 'Connection': 'keep-alive', 'X-Agc-Trace-Id': '5b7d7b83-36ec-45a8-bbf0-aafab354df33', 'Server': 'elb'}
2025-11-19 09:48:30,748 - hunyuan_podcast.upload_client - INFO - 上传响应内容: {"uploadStatus":"finalize","fileInfo":{"storageArea":"CN","createTime":"2025-11-19T01:48:22Z","updateTime":"2025-11-19T01:48:22Z","contentType":"audio\/mpeg","name":"music\/news\/soft-background-music-432715.mp3","size":5935856,"cacheControl":"no-cache, no-store, must-revalidate","bucket":"podcasters-y0qig","storageType":"STANDARD"}}
2025-11-19 09:48:30,749 - hunyuan_podcast.upload_client - INFO - 上传成功！
2025-11-19 09:48:30,822 - hunyuan_podcast.upload_client - INFO - 上传到 AGC: https://ops-server-drcn.agcstorage.link/v0/podcasters-y0qig/music/news/youtube-intro-291172.mp3
2025-11-19 09:48:31,030 - hunyuan_podcast.upload_client - INFO -   文件大小: 423936 bytes (0.40 MB)
2025-11-19 09:48:31,065 - hunyuan_podcast.upload_client - INFO -   Content-Length: 423936
2025-11-19 09:48:31,440 - hunyuan_podcast.upload_client - INFO -   X-Agc-Content-Type: audio/mpeg
2025-11-19 09:48:31,506 - hunyuan_podcast.upload_client - INFO -   Headers: productId=已设置, client_id=已设置, Authorization=已设置
2025-11-19 09:48:31,536 - hunyuan_podcast.upload_client - INFO - 上传尝试 1: 连接超时=30秒, 读取超时=无限制 (文件大小: 0.40 MB)
2025-11-19 09:48:31,560 - hunyuan_podcast.upload_client - INFO - 流式上传模式（文件大小: 0.40 MB, chunk_size: 256 KB）
2025-11-19 09:48:33,065 - hunyuan_podcast.upload_client - INFO - 上传响应: status_code=200, 耗时: 1.50秒, 速度: 0.27 MB/s
2025-11-19 09:48:33,065 - hunyuan_podcast.upload_client - INFO -   响应头: {'Date': 'Wed, 19 Nov 2025 01:48:32 GMT', 'Content-Type': 'text/plain', 'Transfer-Encoding': 'chunked', 'Connection': 'keep-alive', 'X-Agc-Trace-Id': '51513660-0184-4d07-ac57-ff635d35e779', 'Server': 'elb'}
2025-11-19 09:48:33,066 - hunyuan_podcast.upload_client - INFO - 上传响应内容: {"uploadStatus":"finalize","fileInfo":{"storageArea":"CN","createTime":"2025-11-19T01:48:31Z","updateTime":"2025-11-19T01:48:31Z","contentType":"audio\/mpeg","name":"music\/news\/youtube-intro-291172.mp3","size":423936,"cacheControl":"no-cache, no-store, must-revalidate","bucket":"podcasters-y0qig","storageType":"STANDARD"}}
2025-11-19 09:48:33,066 - hunyuan_podcast.upload_client - INFO - 上传成功！
2025-11-19 09:48:33,071 - hunyuan_podcast.upload_client - INFO - 上传到 AGC: https://ops-server-drcn.agcstorage.link/v0/podcasters-y0qig/music/news/youtube-intro-music-291175.mp3
2025-11-19 09:48:33,072 - hunyuan_podcast.upload_client - INFO -   文件大小: 479232 bytes (0.46 MB)
2025-11-19 09:48:33,072 - hunyuan_podcast.upload_client - INFO -   Content-Length: 479232
2025-11-19 09:48:33,072 - hunyuan_podcast.upload_client - INFO -   X-Agc-Content-Type: audio/mpeg
2025-11-19 09:48:33,073 - hunyuan_podcast.upload_client - INFO -   Headers: productId=已设置, client_id=已设置, Authorization=已设置
2025-11-19 09:48:33,073 - hunyuan_podcast.upload_client - INFO - 上传尝试 1: 连接超时=30秒, 读取超时=无限制 (文件大小: 0.46 MB)
2025-11-19 09:48:33,074 - hunyuan_podcast.upload_client - INFO - 流式上传模式（文件大小: 0.46 MB, chunk_size: 256 KB）
2025-11-19 09:48:34,894 - hunyuan_podcast.upload_client - INFO - 上传响应: status_code=200, 耗时: 1.82秒, 速度: 0.25 MB/s
2025-11-19 09:48:34,895 - hunyuan_podcast.upload_client - INFO -   响应头: {'Date': 'Wed, 19 Nov 2025 01:48:34 GMT', 'Content-Type': 'text/plain', 'Transfer-Encoding': 'chunked', 'Connection': 'keep-alive', 'X-Agc-Trace-Id': '7bb0e839-fe2c-469b-913b-409e48621294', 'Server': 'elb'}
2025-11-19 09:48:34,895 - hunyuan_podcast.upload_client - INFO - 上传响应内容: {"uploadStatus":"finalize","fileInfo":{"storageArea":"CN","createTime":"2025-11-19T01:48:32Z","updateTime":"2025-11-19T01:48:32Z","contentType":"audio\/mpeg","name":"music\/news\/youtube-intro-music-291175.mp3","size":479232,"cacheControl":"no-cache, no-store, must-revalidate","bucket":"podcasters-y0qig","storageType":"STANDARD"}}
2025-11-19 09:48:34,895 - hunyuan_podcast.upload_client - INFO - 上传成功！
2025-11-19 09:48:34,902 - hunyuan_podcast.upload_client - INFO - 上传到 AGC: https://ops-server-drcn.agcstorage.link/v0/podcasters-y0qig/music/parenting_family/ailawyer-1512-276326.mp3
2025-11-19 09:48:34,908 - hunyuan_podcast.upload_client - INFO -   文件大小: 5123343 bytes (4.89 MB)
2025-11-19 09:48:34,910 - hunyuan_podcast.upload_client - INFO -   Content-Length: 5123343
2025-11-19 09:48:34,910 - hunyuan_podcast.upload_client - INFO -   X-Agc-Content-Type: audio/mpeg
2025-11-19 09:48:34,911 - hunyuan_podcast.upload_client - INFO -   Headers: productId=已设置, client_id=已设置, Authorization=已设置
2025-11-19 09:48:34,912 - hunyuan_podcast.upload_client - INFO - 上传尝试 1: 连接超时=30秒, 读取超时=无限制 (文件大小: 4.89 MB)
2025-11-19 09:48:34,912 - hunyuan_podcast.upload_client - INFO - 流式上传模式（文件大小: 4.89 MB, chunk_size: 512 KB）
2025-11-19 09:48:37,315 - hunyuan_podcast.upload_client - INFO - 上传进度: 51.2% (2.50/4.89 MB), 速度: 1.04 MB/s
2025-11-19 09:48:43,348 - hunyuan_podcast.upload_client - INFO - 上传进度: 71.6% (3.50/4.89 MB), 速度: 0.41 MB/s
2025-11-19 09:48:46,069 - hunyuan_podcast.upload_client - INFO - 上传进度: 92.1% (4.50/4.89 MB), 速度: 0.40 MB/s
2025-11-19 09:48:49,989 - hunyuan_podcast.upload_client - INFO - 上传响应: status_code=200, 耗时: 15.08秒, 速度: 0.32 MB/s
2025-11-19 09:48:50,365 - hunyuan_podcast.upload_client - INFO -   响应头: {'Date': 'Wed, 19 Nov 2025 01:48:49 GMT', 'Content-Type': 'text/plain', 'Transfer-Encoding': 'chunked', 'Connection': 'keep-alive', 'X-Agc-Trace-Id': '9c17077c-9406-43d6-9107-351c81886c52', 'Server': 'elb'}
2025-11-19 09:48:50,575 - hunyuan_podcast.upload_client - INFO - 上传响应内容: {"fileInfo":{"createTime":"2025-11-19T01:48:34Z","updateTime":"2025-11-19T01:48:34Z","contentType":"audio\/mpeg","size":5123343,"bucket":"podcasters-y0qig","cacheControl":"no-cache, no-store, must-revalidate","storageType":"STANDARD","storageArea":"CN","name":"music\/parenting_family\/ailawyer-1512-276326.mp3"},"uploadStatus":"finalize"}
2025-11-19 09:48:50,622 - hunyuan_podcast.upload_client - INFO - 上传成功！
2025-11-19 09:48:50,756 - hunyuan_podcast.upload_client - INFO - 上传到 AGC: https://ops-server-drcn.agcstorage.link/v0/podcasters-y0qig/music/parenting_family/podcast-interview-background-music-407026.mp3
2025-11-19 09:48:50,763 - hunyuan_podcast.upload_client - INFO -   文件大小: 1206230 bytes (1.15 MB)
2025-11-19 09:48:50,770 - hunyuan_podcast.upload_client - INFO -   Content-Length: 1206230
2025-11-19 09:48:50,777 - hunyuan_podcast.upload_client - INFO -   X-Agc-Content-Type: audio/mpeg
2025-11-19 09:48:50,789 - hunyuan_podcast.upload_client - INFO -   Headers: productId=已设置, client_id=已设置, Authorization=已设置
2025-11-19 09:48:50,801 - hunyuan_podcast.upload_client - INFO - 上传尝试 1: 连接超时=30秒, 读取超时=无限制 (文件大小: 1.15 MB)
2025-11-19 09:48:50,808 - hunyuan_podcast.upload_client - INFO - 流式上传模式（文件大小: 1.15 MB, chunk_size: 512 KB）
2025-11-19 09:48:52,404 - hunyuan_podcast.upload_client - INFO - 上传响应: status_code=200, 耗时: 1.60秒, 速度: 0.72 MB/s
2025-11-19 09:48:52,405 - hunyuan_podcast.upload_client - INFO -   响应头: {'Date': 'Wed, 19 Nov 2025 01:48:51 GMT', 'Content-Type': 'text/plain', 'Transfer-Encoding': 'chunked', 'Connection': 'keep-alive', 'X-Agc-Trace-Id': '9ef277fc-380f-42fb-be53-23c88bd22d19', 'Server': 'elb'}
2025-11-19 09:48:52,408 - hunyuan_podcast.upload_client - INFO - 上传响应内容: {"uploadStatus":"finalize","fileInfo":{"storageArea":"CN","createTime":"2025-11-19T01:48:50Z","updateTime":"2025-11-19T01:48:50Z","contentType":"audio\/mpeg","name":"music\/parenting_family\/podcast-interview-background-music-407026.mp3","size":1206230,"cacheControl":"no-cache, no-store, must-revalidate","bucket":"podcasters-y0qig","storageType":"STANDARD"}}
2025-11-19 09:48:52,411 - hunyuan_podcast.upload_client - INFO - 上传成功！
2025-11-19 09:48:53,867 - hunyuan_podcast.upload_client - INFO - 上传到 AGC: https://ops-server-drcn.agcstorage.link/v0/podcasters-y0qig/music/parenting_family/podcast-interview-music-2-424600.mp3
2025-11-19 09:48:53,867 - hunyuan_podcast.upload_client - INFO -   文件大小: 3964760 bytes (3.78 MB)
2025-11-19 09:48:53,867 - hunyuan_podcast.upload_client - INFO -   Content-Length: 3964760
2025-11-19 09:48:53,868 - hunyuan_podcast.upload_client - INFO -   X-Agc-Content-Type: audio/mpeg
2025-11-19 09:48:53,877 - hunyuan_podcast.upload_client - INFO -   Headers: productId=已设置, client_id=已设置, Authorization=已设置
2025-11-19 09:48:53,877 - hunyuan_podcast.upload_client - INFO - 上传尝试 1: 连接超时=30秒, 读取超时=无限制 (文件大小: 3.78 MB)
2025-11-19 09:48:53,877 - hunyuan_podcast.upload_client - INFO - 流式上传模式（文件大小: 3.78 MB, chunk_size: 512 KB）
2025-11-19 09:48:56,488 - hunyuan_podcast.upload_client - INFO - 上传进度: 66.1% (2.50/3.78 MB), 速度: 0.96 MB/s
2025-11-19 09:48:59,147 - hunyuan_podcast.upload_client - INFO - 上传响应: status_code=200, 耗时: 5.27秒, 速度: 0.72 MB/s
2025-11-19 09:48:59,148 - hunyuan_podcast.upload_client - INFO -   响应头: {'Date': 'Wed, 19 Nov 2025 01:48:58 GMT', 'Content-Type': 'text/plain', 'Transfer-Encoding': 'chunked', 'Connection': 'keep-alive', 'X-Agc-Trace-Id': '2602eda2-2a1f-4554-aa53-d44beb7068fb', 'Server': 'elb'}
2025-11-19 09:48:59,151 - hunyuan_podcast.upload_client - INFO - 上传响应内容: {"uploadStatus":"finalize","fileInfo":{"size":3964760,"cacheControl":"no-cache, no-store, must-revalidate","updateTime":"2025-11-19T01:48:54Z","name":"music\/parenting_family\/podcast-interview-music-2-424600.mp3","bucket":"podcasters-y0qig","storageArea":"CN","storageType":"STANDARD","createTime":"2025-11-19T01:48:54Z","contentType":"audio\/mpeg"}}
2025-11-19 09:48:59,154 - hunyuan_podcast.upload_client - INFO - 上传成功！
2025-11-19 09:48:59,673 - hunyuan_podcast.upload_client - INFO - 上传到 AGC: https://ops-server-drcn.agcstorage.link/v0/podcasters-y0qig/music/parenting_family/podcast-interview-music-254186.mp3
2025-11-19 09:48:59,674 - hunyuan_podcast.upload_client - INFO -   文件大小: 4380212 bytes (4.18 MB)
2025-11-19 09:48:59,674 - hunyuan_podcast.upload_client - INFO -   Content-Length: 4380212
2025-11-19 09:48:59,675 - hunyuan_podcast.upload_client - INFO -   X-Agc-Content-Type: audio/mpeg
2025-11-19 09:48:59,677 - hunyuan_podcast.upload_client - INFO -   Headers: productId=已设置, client_id=已设置, Authorization=已设置
2025-11-19 09:48:59,680 - hunyuan_podcast.upload_client - INFO - 上传尝试 1: 连接超时=30秒, 读取超时=无限制 (文件大小: 4.18 MB)
2025-11-19 09:48:59,681 - hunyuan_podcast.upload_client - INFO - 流式上传模式（文件大小: 4.18 MB, chunk_size: 512 KB）
2025-11-19 09:49:31,253 - hunyuan_podcast.upload_client - ERROR - 上传失败 (attempt 1): ('Connection aborted.', TimeoutError('The write operation timed out'))
2025-11-19 09:49:31,257 - hunyuan_podcast.upload_client - WARNING -   检测到写入超时或连接中断，但数据可能已经成功上传，将继续重试
2025-11-19 09:49:31,257 - hunyuan_podcast.upload_client - WARNING -   0.5s 后重试（无重试次数限制，将持续重试直到成功）...
2025-11-19 09:49:31,767 - hunyuan_podcast.upload_client - INFO - 上传尝试 2: 连接超时=30秒, 读取超时=无限制 (文件大小: 4.18 MB)
2025-11-19 09:49:31,772 - hunyuan_podcast.upload_client - INFO - 流式上传模式（文件大小: 4.18 MB, chunk_size: 512 KB）
2025-11-19 09:49:31,780 - hunyuan_podcast.upload_client - ERROR - 上传失败 (attempt 2): HTTPSConnectionPool(host='ops-server-drcn.agcstorage.link', port=443): Max retries exceeded with url: /v0/podcasters-y0qig/music/parenting_family/podcast-interview-music-254186.mp3 (Caused by NameResolutionError("<urllib3.connection.HTTPSConnection object at 0x000002396308C160>: Failed to resolve 'ops-server-drcn.agcstorage.link' ([Errno 11001] getaddrinfo failed)"))
2025-11-19 09:49:31,781 - hunyuan_podcast.upload_client - WARNING -   1.0s 后重试（无重试次数限制，将持续重试直到成功）...
2025-11-19 09:49:33,307 - hunyuan_podcast.upload_client - INFO - 上传尝试 3: 连接超时=30秒, 读取超时=无限制 (文件大小: 4.18 MB)
2025-11-19 09:49:33,875 - hunyuan_podcast.upload_client - INFO - 流式上传模式（文件大小: 4.18 MB, chunk_size: 512 KB）
2025-11-19 09:49:34,175 - hunyuan_podcast.upload_client - ERROR - 上传失败 (attempt 3): HTTPSConnectionPool(host='ops-server-drcn.agcstorage.link', port=443): Max retries exceeded with url: /v0/podcasters-y0qig/music/parenting_family/podcast-interview-music-254186.mp3 (Caused by NameResolutionError("<urllib3.connection.HTTPSConnection object at 0x0000023962FD58D0>: Failed to resolve 'ops-server-drcn.agcstorage.link' ([Errno 11001] getaddrinfo failed)"))
2025-11-19 09:49:34,201 - hunyuan_podcast.upload_client - WARNING -   2.0s 后重试（无重试次数限制，将持续重试直到成功）...
2025-11-19 09:49:36,283 - hunyuan_podcast.upload_client - INFO - 上传尝试 4: 连接超时=30秒, 读取超时=无限制 (文件大小: 4.18 MB)
2025-11-19 09:49:36,365 - hunyuan_podcast.upload_client - INFO - 流式上传模式（文件大小: 4.18 MB, chunk_size: 512 KB）
2025-11-19 09:49:36,400 - hunyuan_podcast.upload_client - ERROR - 上传失败 (attempt 4): HTTPSConnectionPool(host='ops-server-drcn.agcstorage.link', port=443): Max retries exceeded with url: /v0/podcasters-y0qig/music/parenting_family/podcast-interview-music-254186.mp3 (Caused by NameResolutionError("<urllib3.connection.HTTPSConnection object at 0x000002396308D000>: Failed to resolve 'ops-server-drcn.agcstorage.link' ([Errno 11001] getaddrinfo failed)"))
2025-11-19 09:49:36,403 - hunyuan_podcast.upload_client - WARNING -   4.0s 后重试（无重试次数限制，将持续重试直到成功）...
2025-11-19 09:49:40,431 - hunyuan_podcast.upload_client - INFO - 上传尝试 5: 连接超时=30秒, 读取超时=无限制 (文件大小: 4.18 MB)
2025-11-19 09:49:40,442 - hunyuan_podcast.upload_client - INFO - 流式上传模式（文件大小: 4.18 MB, chunk_size: 512 KB）
2025-11-19 09:49:40,490 - hunyuan_podcast.upload_client - ERROR - 上传失败 (attempt 5): HTTPSConnectionPool(host='ops-server-drcn.agcstorage.link', port=443): Max retries exceeded with url: /v0/podcasters-y0qig/music/parenting_family/podcast-interview-music-254186.mp3 (Caused by NameResolutionError("<urllib3.connection.HTTPSConnection object at 0x000002396308D990>: Failed to resolve 'ops-server-drcn.agcstorage.link' ([Errno 11001] getaddrinfo failed)"))
2025-11-19 09:49:40,492 - hunyuan_podcast.upload_client - WARNING -   8.0s 后重试（无重试次数限制，将持续重试直到成功）...
2025-11-19 09:49:48,513 - hunyuan_podcast.upload_client - INFO - 上传尝试 6: 连接超时=30秒, 读取超时=无限制 (文件大小: 4.18 MB)
2025-11-19 09:49:48,515 - hunyuan_podcast.upload_client - INFO - 流式上传模式（文件大小: 4.18 MB, chunk_size: 512 KB）
2025-11-19 09:49:48,518 - hunyuan_podcast.upload_client - ERROR - 上传失败 (attempt 6): HTTPSConnectionPool(host='ops-server-drcn.agcstorage.link', port=443): Max retries exceeded with url: /v0/podcasters-y0qig/music/parenting_family/podcast-interview-music-254186.mp3 (Caused by NameResolutionError("<urllib3.connection.HTTPSConnection object at 0x000002396308E140>: Failed to resolve 'ops-server-drcn.agcstorage.link' ([Errno 11001] getaddrinfo failed)"))
2025-11-19 09:49:48,518 - hunyuan_podcast.upload_client - WARNING -   16.0s 后重试（无重试次数限制，将持续重试直到成功）...
2025-11-19 09:50:04,521 - hunyuan_podcast.upload_client - INFO - 上传尝试 7: 连接超时=30秒, 读取超时=无限制 (文件大小: 4.18 MB)
2025-11-19 09:50:04,521 - hunyuan_podcast.upload_client - INFO - 流式上传模式（文件大小: 4.18 MB, chunk_size: 512 KB）
2025-11-19 09:50:06,570 - hunyuan_podcast.upload_client - ERROR - 上传失败 (attempt 7): HTTPSConnectionPool(host='ops-server-drcn.agcstorage.link', port=443): Max retries exceeded with url: /v0/podcasters-y0qig/music/parenting_family/podcast-interview-music-254186.mp3 (Caused by ProxyError('Unable to connect to proxy', NewConnectionError('<urllib3.connection.HTTPSConnection object at 0x0000023962FD7DC0>: Failed to establish a new connection: [WinError 10061] 由于目标计算机积极拒绝，无法连接。')))
2025-11-19 09:50:06,572 - hunyuan_podcast.upload_client - WARNING -   32.0s 后重试（无重试次数限制，将持续重试直到成功）...
2025-11-19 09:50:38,579 - hunyuan_podcast.upload_client - INFO - 上传尝试 8: 连接超时=30秒, 读取超时=无限制 (文件大小: 4.18 MB)
2025-11-19 09:50:38,582 - hunyuan_podcast.upload_client - INFO - 流式上传模式（文件大小: 4.18 MB, chunk_size: 512 KB）
2025-11-19 09:50:40,608 - hunyuan_podcast.upload_client - ERROR - 上传失败 (attempt 8): HTTPSConnectionPool(host='ops-server-drcn.agcstorage.link', port=443): Max retries exceeded with url: /v0/podcasters-y0qig/music/parenting_family/podcast-interview-music-254186.mp3 (Caused by ProxyError('Unable to connect to proxy', NewConnectionError('<urllib3.connection.HTTPSConnection object at 0x000002396308C730>: Failed to establish a new connection: [WinError 10061] 由于目标计算机积极拒绝，无法连接。')))
2025-11-19 09:50:40,610 - hunyuan_podcast.upload_client - WARNING -   60.0s 后重试（无重试次数限制，将持续重试直到成功）...
2025-11-19 09:55:57,563 - root - INFO - 日志系统已配置，日志文件: D:\Develop\hunyuan\logs\upload_client.log
2025-11-19 09:55:57,563 - root - INFO -   日志级别: INFO
2025-11-19 09:55:57,564 - root - INFO -   最大文件大小: 10.0 MB
2025-11-19 09:55:57,564 - root - INFO -   保留备份数量: 5
2025-11-19 09:56:50,635 - hunyuan_podcast.upload_client - INFO - 请求 AGC token (attempt 1): https://connect-api.cloud.huawei.com/api/oauth2/v1/token
2025-11-19 09:56:50,636 - hunyuan_podcast.upload_client - INFO -   Payload: grant_type=client_credentials, client_id=已设置
2025-11-19 09:56:51,070 - hunyuan_podcast.upload_client - INFO - Token 响应: status_code=200
2025-11-19 09:56:51,071 - hunyuan_podcast.upload_client - INFO - Token 获取成功，有效期: 172799秒
2025-11-19 09:56:51,109 - hunyuan_podcast.upload_client - INFO - 上传到 AGC: https://ops-server-drcn.agcstorage.link/v0/podcasters-y0qig/music/academic/close-study-relax-chillhop-calm-study-lofi-123089.mp3
2025-11-19 09:56:51,110 - hunyuan_podcast.upload_client - INFO -   文件大小: 4308323 bytes (4.11 MB)
2025-11-19 09:56:51,111 - hunyuan_podcast.upload_client - INFO -   Content-Length: 4308323
2025-11-19 09:56:51,112 - hunyuan_podcast.upload_client - INFO -   X-Agc-Content-Type: audio/mpeg
2025-11-19 09:56:51,112 - hunyuan_podcast.upload_client - INFO -   Headers: productId=已设置, client_id=已设置, Authorization=已设置
2025-11-19 09:56:51,113 - hunyuan_podcast.upload_client - INFO - 上传尝试 1: 连接超时=30秒, 读取超时=无限制 (文件大小: 4.11 MB)
2025-11-19 09:56:51,113 - hunyuan_podcast.upload_client - INFO - 流式上传模式（文件大小: 4.11 MB, chunk_size: 512 KB）
2025-11-19 09:56:53,139 - hunyuan_podcast.upload_client - INFO - 上传进度: 100.0% (4.11/4.11 MB), 速度: 2.03 MB/s
2025-11-19 09:56:53,567 - hunyuan_podcast.upload_client - INFO - 上传响应: status_code=200, 耗时: 2.45秒, 速度: 1.67 MB/s
2025-11-19 09:56:53,593 - hunyuan_podcast.upload_client - INFO -   响应头: {'Date': 'Wed, 19 Nov 2025 01:56:53 GMT', 'Content-Type': 'text/plain', 'Transfer-Encoding': 'chunked', 'Connection': 'keep-alive', 'X-Agc-Trace-Id': '70d6102d-2caf-42ee-a9ae-d0dc5f46e653', 'Server': 'elb'}
2025-11-19 09:56:53,594 - hunyuan_podcast.upload_client - INFO - 上传响应内容: {"uploadStatus":"finalize","fileInfo":{"size":4308323,"cacheControl":"no-cache, no-store, must-revalidate","updateTime":"2025-11-19T01:56:51Z","name":"music\/academic\/close-study-relax-chillhop-calm-study-lofi-123089.mp3","bucket":"podcasters-y0qig","storageArea":"CN","storageType":"STANDARD","createTime":"2025-11-19T01:56:51Z","contentType":"audio\/mpeg"}}
2025-11-19 09:56:53,594 - hunyuan_podcast.upload_client - INFO - 上传成功！
2025-11-19 09:56:53,597 - hunyuan_podcast.upload_client - INFO - 上传到 AGC: https://ops-server-drcn.agcstorage.link/v0/podcasters-y0qig/music/academic/corporate-inspiring-motivational-healthcare-410903.mp3
2025-11-19 09:56:53,597 - hunyuan_podcast.upload_client - INFO -   文件大小: 3711477 bytes (3.54 MB)
2025-11-19 09:56:53,599 - hunyuan_podcast.upload_client - INFO -   Content-Length: 3711477
2025-11-19 09:56:53,600 - hunyuan_podcast.upload_client - INFO -   X-Agc-Content-Type: audio/mpeg
2025-11-19 09:56:53,600 - hunyuan_podcast.upload_client - INFO -   Headers: productId=已设置, client_id=已设置, Authorization=已设置
2025-11-19 09:56:53,600 - hunyuan_podcast.upload_client - INFO - 上传尝试 1: 连接超时=30秒, 读取超时=无限制 (文件大小: 3.54 MB)
2025-11-19 09:56:53,600 - hunyuan_podcast.upload_client - INFO - 流式上传模式（文件大小: 3.54 MB, chunk_size: 512 KB）
2025-11-19 09:56:55,718 - hunyuan_podcast.upload_client - INFO - 上传响应: status_code=200, 耗时: 2.12秒, 速度: 1.67 MB/s
2025-11-19 09:56:55,719 - hunyuan_podcast.upload_client - INFO -   响应头: {'Date': 'Wed, 19 Nov 2025 01:56:55 GMT', 'Content-Type': 'text/plain', 'Transfer-Encoding': 'chunked', 'Connection': 'keep-alive', 'X-Agc-Trace-Id': 'db6400e4-c29c-4918-8538-002c4a4b496d', 'Server': 'elb'}
2025-11-19 09:56:55,720 - hunyuan_podcast.upload_client - INFO - 上传响应内容: {"uploadStatus":"finalize","fileInfo":{"storageArea":"CN","createTime":"2025-11-19T01:56:53Z","updateTime":"2025-11-19T01:56:53Z","contentType":"audio\/mpeg","name":"music\/academic\/corporate-inspiring-motivational-healthcare-410903.mp3","size":3711477,"cacheControl":"no-cache, no-store, must-revalidate","bucket":"podcasters-y0qig","storageType":"STANDARD"}}
2025-11-19 09:56:55,720 - hunyuan_podcast.upload_client - INFO - 上传成功！
2025-11-19 09:56:55,723 - hunyuan_podcast.upload_client - INFO - 上传到 AGC: https://ops-server-drcn.agcstorage.link/v0/podcasters-y0qig/music/academic/corporate-upbeat-uplifting-motivational-success-400871.mp3
2025-11-19 09:56:55,723 - hunyuan_podcast.upload_client - INFO -   文件大小: 4917707 bytes (4.69 MB)
2025-11-19 09:56:55,727 - hunyuan_podcast.upload_client - INFO -   Content-Length: 4917707
2025-11-19 09:56:55,729 - hunyuan_podcast.upload_client - INFO -   X-Agc-Content-Type: audio/mpeg
2025-11-19 09:56:55,731 - hunyuan_podcast.upload_client - INFO -   Headers: productId=已设置, client_id=已设置, Authorization=已设置
2025-11-19 09:56:55,731 - hunyuan_podcast.upload_client - INFO - 上传尝试 1: 连接超时=30秒, 读取超时=无限制 (文件大小: 4.69 MB)
2025-11-19 09:56:55,731 - hunyuan_podcast.upload_client - INFO - 流式上传模式（文件大小: 4.69 MB, chunk_size: 512 KB）
2025-11-19 09:56:57,948 - hunyuan_podcast.upload_client - INFO - 上传响应: status_code=200, 耗时: 2.22秒, 速度: 2.12 MB/s
2025-11-19 09:56:57,949 - hunyuan_podcast.upload_client - INFO -   响应头: {'Date': 'Wed, 19 Nov 2025 01:56:57 GMT', 'Content-Type': 'text/plain', 'Transfer-Encoding': 'chunked', 'Connection': 'keep-alive', 'X-Agc-Trace-Id': 'fdb33c95-9aae-4647-932c-a564b4f740fc', 'Server': 'elb'}
2025-11-19 09:56:57,949 - hunyuan_podcast.upload_client - INFO - 上传响应内容: {"uploadStatus":"finalize","fileInfo":{"storageArea":"CN","createTime":"2025-11-19T01:56:55Z","updateTime":"2025-11-19T01:56:55Z","contentType":"audio\/mpeg","name":"music\/academic\/corporate-upbeat-uplifting-motivational-success-400871.mp3","size":4917707,"cacheControl":"no-cache, no-store, must-revalidate","bucket":"podcasters-y0qig","storageType":"STANDARD"}}
2025-11-19 09:56:57,949 - hunyuan_podcast.upload_client - INFO - 上传成功！
2025-11-19 09:56:57,951 - hunyuan_podcast.upload_client - INFO - 上传到 AGC: https://ops-server-drcn.agcstorage.link/v0/podcasters-y0qig/music/academic/educational-educational-learning-study-music-301376.mp3
2025-11-19 09:56:57,951 - hunyuan_podcast.upload_client - INFO -   文件大小: 4072594 bytes (3.88 MB)
2025-11-19 09:56:57,951 - hunyuan_podcast.upload_client - INFO -   Content-Length: 4072594
2025-11-19 09:56:57,952 - hunyuan_podcast.upload_client - INFO -   X-Agc-Content-Type: audio/mpeg
2025-11-19 09:56:57,952 - hunyuan_podcast.upload_client - INFO -   Headers: productId=已设置, client_id=已设置, Authorization=已设置
2025-11-19 09:56:57,952 - hunyuan_podcast.upload_client - INFO - 上传尝试 1: 连接超时=30秒, 读取超时=无限制 (文件大小: 3.88 MB)
2025-11-19 09:56:57,952 - hunyuan_podcast.upload_client - INFO - 流式上传模式（文件大小: 3.88 MB, chunk_size: 512 KB）
2025-11-19 09:57:00,062 - hunyuan_podcast.upload_client - INFO - 上传响应: status_code=200, 耗时: 2.11秒, 速度: 1.84 MB/s
2025-11-19 09:57:00,062 - hunyuan_podcast.upload_client - INFO -   响应头: {'Date': 'Wed, 19 Nov 2025 01:56:59 GMT', 'Content-Type': 'text/plain', 'Transfer-Encoding': 'chunked', 'Connection': 'keep-alive', 'X-Agc-Trace-Id': '0ee83b48-d026-4bf7-b213-4834cd2bcccc', 'Server': 'elb'}
2025-11-19 09:57:00,063 - hunyuan_podcast.upload_client - INFO - 上传响应内容: {"uploadStatus":"finalize","fileInfo":{"storageArea":"CN","createTime":"2025-11-19T01:56:57Z","updateTime":"2025-11-19T01:56:57Z","contentType":"audio\/mpeg","name":"music\/academic\/educational-educational-learning-study-music-301376.mp3","size":4072594,"cacheControl":"no-cache, no-store, must-revalidate","bucket":"podcasters-y0qig","storageType":"STANDARD"}}
2025-11-19 09:57:00,063 - hunyuan_podcast.upload_client - INFO - 上传成功！
2025-11-19 09:57:00,064 - hunyuan_podcast.upload_client - INFO - 上传到 AGC: https://ops-server-drcn.agcstorage.link/v0/podcasters-y0qig/music/academic/educational-learning-study-music-419322.mp3
2025-11-19 09:57:00,064 - hunyuan_podcast.upload_client - INFO -   文件大小: 5081547 bytes (4.85 MB)
2025-11-19 09:57:00,064 - hunyuan_podcast.upload_client - INFO -   Content-Length: 5081547
2025-11-19 09:57:00,065 - hunyuan_podcast.upload_client - INFO -   X-Agc-Content-Type: audio/mpeg
2025-11-19 09:57:00,065 - hunyuan_podcast.upload_client - INFO -   Headers: productId=已设置, client_id=已设置, Authorization=已设置
2025-11-19 09:57:00,065 - hunyuan_podcast.upload_client - INFO - 上传尝试 1: 连接超时=30秒, 读取超时=无限制 (文件大小: 4.85 MB)
2025-11-19 09:57:00,066 - hunyuan_podcast.upload_client - INFO - 流式上传模式（文件大小: 4.85 MB, chunk_size: 512 KB）
2025-11-19 09:57:02,208 - hunyuan_podcast.upload_client - INFO - 上传响应: status_code=200, 耗时: 2.14秒, 速度: 2.26 MB/s
2025-11-19 09:57:02,209 - hunyuan_podcast.upload_client - INFO -   响应头: {'Date': 'Wed, 19 Nov 2025 01:57:01 GMT', 'Content-Type': 'text/plain', 'Transfer-Encoding': 'chunked', 'Connection': 'keep-alive', 'X-Agc-Trace-Id': 'be31d370-d40b-4f2e-b55e-08f7c92ae8fa', 'Server': 'elb'}
2025-11-19 09:57:02,209 - hunyuan_podcast.upload_client - INFO - 上传响应内容: {"uploadStatus":"finalize","fileInfo":{"size":5081547,"cacheControl":"no-cache, no-store, must-revalidate","updateTime":"2025-11-19T01:57:00Z","name":"music\/academic\/educational-learning-study-music-419322.mp3","bucket":"podcasters-y0qig","storageArea":"CN","storageType":"STANDARD","createTime":"2025-11-19T01:57:00Z","contentType":"audio\/mpeg"}}
2025-11-19 09:57:02,209 - hunyuan_podcast.upload_client - INFO - 上传成功！
2025-11-19 09:57:02,212 - hunyuan_podcast.upload_client - INFO - 上传到 AGC: https://ops-server-drcn.agcstorage.link/v0/podcasters-y0qig/music/academic/morning-garden-acoustic-chill-15013.mp3
2025-11-19 09:57:02,212 - hunyuan_podcast.upload_client - INFO -   文件大小: 7458063 bytes (7.11 MB)
2025-11-19 09:57:02,212 - hunyuan_podcast.upload_client - INFO -   Content-Length: 7458063
2025-11-19 09:57:02,212 - hunyuan_podcast.upload_client - INFO -   X-Agc-Content-Type: audio/mpeg
2025-11-19 09:57:02,213 - hunyuan_podcast.upload_client - INFO -   Headers: productId=已设置, client_id=已设置, Authorization=已设置
2025-11-19 09:57:02,213 - hunyuan_podcast.upload_client - INFO - 上传尝试 1: 连接超时=30秒, 读取超时=无限制 (文件大小: 7.11 MB)
2025-11-19 09:57:02,213 - hunyuan_podcast.upload_client - INFO - 流式上传模式（文件大小: 7.11 MB, chunk_size: 1024 KB）
2025-11-19 09:57:04,355 - hunyuan_podcast.upload_client - INFO - 上传进度: 100.0% (7.11/7.11 MB), 速度: 3.32 MB/s
2025-11-19 09:57:04,754 - hunyuan_podcast.upload_client - INFO - 上传响应: status_code=200, 耗时: 2.54秒, 速度: 2.80 MB/s
2025-11-19 09:57:04,755 - hunyuan_podcast.upload_client - INFO -   响应头: {'Date': 'Wed, 19 Nov 2025 01:57:04 GMT', 'Content-Type': 'text/plain', 'Transfer-Encoding': 'chunked', 'Connection': 'keep-alive', 'X-Agc-Trace-Id': '80330d5e-cdad-4d30-aa31-9f0f8487762c', 'Server': 'elb'}
2025-11-19 09:57:04,756 - hunyuan_podcast.upload_client - INFO - 上传响应内容: {"uploadStatus":"finalize","fileInfo":{"storageArea":"CN","createTime":"2025-11-19T01:57:02Z","updateTime":"2025-11-19T01:57:02Z","contentType":"audio\/mpeg","name":"music\/academic\/morning-garden-acoustic-chill-15013.mp3","size":7458063,"cacheControl":"no-cache, no-store, must-revalidate","bucket":"podcasters-y0qig","storageType":"STANDARD"}}
2025-11-19 09:57:04,756 - hunyuan_podcast.upload_client - INFO - 上传成功！
2025-11-19 09:57:04,759 - hunyuan_podcast.upload_client - INFO - 上传到 AGC: https://ops-server-drcn.agcstorage.link/v0/podcasters-y0qig/music/academic/podcast-interview-intro-music-397245.mp3
2025-11-19 09:57:04,764 - hunyuan_podcast.upload_client - INFO -   文件大小: 3343673 bytes (3.19 MB)
2025-11-19 09:57:04,765 - hunyuan_podcast.upload_client - INFO -   Content-Length: 3343673
2025-11-19 09:57:04,765 - hunyuan_podcast.upload_client - INFO -   X-Agc-Content-Type: audio/mpeg
2025-11-19 09:57:04,765 - hunyuan_podcast.upload_client - INFO -   Headers: productId=已设置, client_id=已设置, Authorization=已设置
2025-11-19 09:57:04,768 - hunyuan_podcast.upload_client - INFO - 上传尝试 1: 连接超时=30秒, 读取超时=无限制 (文件大小: 3.19 MB)
2025-11-19 09:57:04,768 - hunyuan_podcast.upload_client - INFO - 流式上传模式（文件大小: 3.19 MB, chunk_size: 512 KB）
2025-11-19 09:57:06,318 - hunyuan_podcast.upload_client - INFO - 上传响应: status_code=200, 耗时: 1.55秒, 速度: 2.06 MB/s
2025-11-19 09:57:06,320 - hunyuan_podcast.upload_client - INFO -   响应头: {'Date': 'Wed, 19 Nov 2025 01:57:05 GMT', 'Content-Type': 'text/plain', 'Transfer-Encoding': 'chunked', 'Connection': 'keep-alive', 'X-Agc-Trace-Id': 'f54f502d-1d07-4ec4-a097-02edb52e1fb9', 'Server': 'elb'}
2025-11-19 09:57:06,320 - hunyuan_podcast.upload_client - INFO - 上传响应内容: {"uploadStatus":"finalize","fileInfo":{"size":3343673,"cacheControl":"no-cache, no-store, must-revalidate","updateTime":"2025-11-19T01:57:04Z","name":"music\/academic\/podcast-interview-intro-music-397245.mp3","bucket":"podcasters-y0qig","storageArea":"CN","storageType":"STANDARD","createTime":"2025-11-19T01:57:04Z","contentType":"audio\/mpeg"}}
2025-11-19 09:57:06,320 - hunyuan_podcast.upload_client - INFO - 上传成功！
2025-11-19 09:57:06,322 - hunyuan_podcast.upload_client - INFO - 上传到 AGC: https://ops-server-drcn.agcstorage.link/v0/podcasters-y0qig/music/academic/podcast-interview-music-2-424600.mp3
2025-11-19 09:57:06,323 - hunyuan_podcast.upload_client - INFO -   文件大小: 3964760 bytes (3.78 MB)
2025-11-19 09:57:06,323 - hunyuan_podcast.upload_client - INFO -   Content-Length: 3964760
2025-11-19 09:57:06,324 - hunyuan_podcast.upload_client - INFO -   X-Agc-Content-Type: audio/mpeg
2025-11-19 09:57:06,327 - hunyuan_podcast.upload_client - INFO -   Headers: productId=已设置, client_id=已设置, Authorization=已设置
2025-11-19 09:57:06,329 - hunyuan_podcast.upload_client - INFO - 上传尝试 1: 连接超时=30秒, 读取超时=无限制 (文件大小: 3.78 MB)
2025-11-19 09:57:06,329 - hunyuan_podcast.upload_client - INFO - 流式上传模式（文件大小: 3.78 MB, chunk_size: 512 KB）
2025-11-19 09:57:08,990 - hunyuan_podcast.upload_client - INFO - 上传响应: status_code=200, 耗时: 2.66秒, 速度: 1.42 MB/s
2025-11-19 09:57:08,991 - hunyuan_podcast.upload_client - INFO -   响应头: {'Date': 'Wed, 19 Nov 2025 01:57:08 GMT', 'Content-Type': 'text/plain', 'Transfer-Encoding': 'chunked', 'Connection': 'keep-alive', 'X-Agc-Trace-Id': '774399ba-54a9-4a48-8184-ce07975cdbf5', 'Server': 'elb'}
2025-11-19 09:57:08,991 - hunyuan_podcast.upload_client - INFO - 上传响应内容: {"uploadStatus":"finalize","fileInfo":{"storageArea":"CN","createTime":"2025-11-19T01:57:06Z","updateTime":"2025-11-19T01:57:06Z","contentType":"audio\/mpeg","name":"music\/academic\/podcast-interview-music-2-424600.mp3","size":3964760,"cacheControl":"no-cache, no-store, must-revalidate","bucket":"podcasters-y0qig","storageType":"STANDARD"}}
2025-11-19 09:57:08,992 - hunyuan_podcast.upload_client - INFO - 上传成功！
2025-11-19 09:57:08,993 - hunyuan_podcast.upload_client - INFO - 上传到 AGC: https://ops-server-drcn.agcstorage.link/v0/podcasters-y0qig/music/academic/relaxing-jazz-podcast-coffee-shop-music-192283.mp3
2025-11-19 09:57:08,995 - hunyuan_podcast.upload_client - INFO -   文件大小: 18722899 bytes (17.86 MB)
2025-11-19 09:57:08,997 - hunyuan_podcast.upload_client - INFO -   Content-Length: 18722899
2025-11-19 09:57:08,997 - hunyuan_podcast.upload_client - INFO -   X-Agc-Content-Type: audio/mpeg
2025-11-19 09:57:08,997 - hunyuan_podcast.upload_client - INFO -   Headers: productId=已设置, client_id=已设置, Authorization=已设置
2025-11-19 09:57:09,000 - hunyuan_podcast.upload_client - INFO - 上传尝试 1: 连接超时=30秒, 读取超时=无限制 (文件大小: 17.86 MB)
2025-11-19 09:57:09,002 - hunyuan_podcast.upload_client - INFO - 流式上传模式（文件大小: 17.86 MB, chunk_size: 1024 KB）
2025-11-19 09:57:11,491 - hunyuan_podcast.upload_client - INFO - 上传进度: 33.6% (6.00/17.86 MB), 速度: 2.41 MB/s
2025-11-19 09:57:13,910 - hunyuan_podcast.upload_client - INFO - 上传进度: 50.4% (9.00/17.86 MB), 速度: 1.83 MB/s
2025-11-19 09:57:16,242 - hunyuan_podcast.upload_client - INFO - 上传进度: 67.2% (12.00/17.86 MB), 速度: 1.66 MB/s
2025-11-19 09:57:18,982 - hunyuan_podcast.upload_client - INFO - 上传进度: 78.4% (14.00/17.86 MB), 速度: 1.40 MB/s
2025-11-19 09:57:21,085 - hunyuan_podcast.upload_client - INFO - 上传进度: 84.0% (15.00/17.86 MB), 速度: 1.24 MB/s
2025-11-19 09:57:23,975 - hunyuan_podcast.upload_client - INFO - 上传进度: 95.2% (17.00/17.86 MB), 速度: 1.14 MB/s
2025-11-19 09:57:29,816 - hunyuan_podcast.upload_client - INFO - 上传响应: status_code=200, 耗时: 20.81秒, 速度: 0.86 MB/s
2025-11-19 09:57:29,816 - hunyuan_podcast.upload_client - INFO -   响应头: {'Date': 'Wed, 19 Nov 2025 01:57:29 GMT', 'Content-Type': 'text/plain', 'Transfer-Encoding': 'chunked', 'Connection': 'keep-alive', 'X-Agc-Trace-Id': '4bd82107-b0a6-40e2-a75a-4492a13d306f', 'Server': 'elb'}
2025-11-19 09:57:29,817 - hunyuan_podcast.upload_client - INFO - 上传响应内容: {"uploadStatus":"finalize","fileInfo":{"storageArea":"CN","createTime":"2025-11-19T01:57:08Z","updateTime":"2025-11-19T01:57:08Z","contentType":"audio\/mpeg","name":"music\/academic\/relaxing-jazz-podcast-coffee-shop-music-192283.mp3","size":18722899,"cacheControl":"no-cache, no-store, must-revalidate","bucket":"podcasters-y0qig","storageType":"STANDARD"}}
2025-11-19 09:57:29,817 - hunyuan_podcast.upload_client - INFO - 上传成功！
2025-11-19 09:57:29,821 - hunyuan_podcast.upload_client - INFO - 上传到 AGC: https://ops-server-drcn.agcstorage.link/v0/podcasters-y0qig/music/art/little-white-flowers-full-version-111327.mp3
2025-11-19 09:57:29,821 - hunyuan_podcast.upload_client - INFO -   文件大小: 5440992 bytes (5.19 MB)
2025-11-19 09:57:29,821 - hunyuan_podcast.upload_client - INFO -   Content-Length: 5440992
2025-11-19 09:57:29,822 - hunyuan_podcast.upload_client - INFO -   X-Agc-Content-Type: audio/mpeg
2025-11-19 09:57:29,822 - hunyuan_podcast.upload_client - INFO -   Headers: productId=已设置, client_id=已设置, Authorization=已设置
2025-11-19 09:57:29,822 - hunyuan_podcast.upload_client - INFO - 上传尝试 1: 连接超时=30秒, 读取超时=无限制 (文件大小: 5.19 MB)
2025-11-19 09:57:29,823 - hunyuan_podcast.upload_client - INFO - 流式上传模式（文件大小: 5.19 MB, chunk_size: 1024 KB）
2025-11-19 09:57:32,071 - hunyuan_podcast.upload_client - INFO - 上传响应: status_code=200, 耗时: 2.25秒, 速度: 2.31 MB/s
2025-11-19 09:57:32,073 - hunyuan_podcast.upload_client - INFO -   响应头: {'Date': 'Wed, 19 Nov 2025 01:57:31 GMT', 'Content-Type': 'text/plain', 'Transfer-Encoding': 'chunked', 'Connection': 'keep-alive', 'X-Agc-Trace-Id': '5beff0b0-ab4a-4c10-ab44-1aa84cec5637', 'Server': 'elb'}
2025-11-19 09:57:32,073 - hunyuan_podcast.upload_client - INFO - 上传响应内容: {"uploadStatus":"finalize","fileInfo":{"storageArea":"CN","createTime":"2025-11-19T01:57:29Z","updateTime":"2025-11-19T01:57:29Z","contentType":"audio\/mpeg","name":"music\/art\/little-white-flowers-full-version-111327.mp3","size":5440992,"cacheControl":"no-cache, no-store, must-revalidate","bucket":"podcasters-y0qig","storageType":"STANDARD"}}
2025-11-19 09:57:32,073 - hunyuan_podcast.upload_client - INFO - 上传成功！
2025-11-19 09:57:32,077 - hunyuan_podcast.upload_client - INFO - 上传到 AGC: https://ops-server-drcn.agcstorage.link/v0/podcasters-y0qig/music/art/peaceful-relaxing-piano-music-271857.mp3
2025-11-19 09:57:32,089 - hunyuan_podcast.upload_client - INFO -   文件大小: 7805952 bytes (7.44 MB)
2025-11-19 09:57:32,090 - hunyuan_podcast.upload_client - INFO -   Content-Length: 7805952
2025-11-19 09:57:32,091 - hunyuan_podcast.upload_client - INFO -   X-Agc-Content-Type: audio/mpeg
2025-11-19 09:57:32,091 - hunyuan_podcast.upload_client - INFO -   Headers: productId=已设置, client_id=已设置, Authorization=已设置
2025-11-19 09:57:32,092 - hunyuan_podcast.upload_client - INFO - 上传尝试 1: 连接超时=30秒, 读取超时=无限制 (文件大小: 7.44 MB)
2025-11-19 09:57:32,093 - hunyuan_podcast.upload_client - INFO - 流式上传模式（文件大小: 7.44 MB, chunk_size: 1024 KB）
2025-11-19 09:57:34,087 - hunyuan_podcast.upload_client - INFO - 上传响应: status_code=200, 耗时: 2.00秒, 速度: 3.73 MB/s
2025-11-19 09:57:34,091 - hunyuan_podcast.upload_client - INFO -   响应头: {'Date': 'Wed, 19 Nov 2025 01:57:33 GMT', 'Content-Type': 'text/plain', 'Transfer-Encoding': 'chunked', 'Connection': 'keep-alive', 'X-Agc-Trace-Id': 'dd291324-a3f8-4815-a9f6-a380547a78c6', 'Server': 'elb'}
2025-11-19 09:57:34,092 - hunyuan_podcast.upload_client - INFO - 上传响应内容: {"uploadStatus":"finalize","fileInfo":{"size":7805952,"cacheControl":"no-cache, no-store, must-revalidate","updateTime":"2025-11-19T01:57:31Z","name":"music\/art\/peaceful-relaxing-piano-music-271857.mp3","bucket":"podcasters-y0qig","storageArea":"CN","storageType":"STANDARD","createTime":"2025-11-19T01:57:31Z","contentType":"audio\/mpeg"}}
2025-11-19 09:57:34,092 - hunyuan_podcast.upload_client - INFO - 上传成功！
2025-11-19 09:57:34,098 - hunyuan_podcast.upload_client - INFO - 上传到 AGC: https://ops-server-drcn.agcstorage.link/v0/podcasters-y0qig/music/books/relaxing-piano-music-259727.mp3
2025-11-19 09:57:34,099 - hunyuan_podcast.upload_client - INFO -   文件大小: 3241728 bytes (3.09 MB)
2025-11-19 09:57:34,100 - hunyuan_podcast.upload_client - INFO -   Content-Length: 3241728
2025-11-19 09:57:34,107 - hunyuan_podcast.upload_client - INFO -   X-Agc-Content-Type: audio/mpeg
2025-11-19 09:57:34,112 - hunyuan_podcast.upload_client - INFO -   Headers: productId=已设置, client_id=已设置, Authorization=已设置
2025-11-19 09:57:34,116 - hunyuan_podcast.upload_client - INFO - 上传尝试 1: 连接超时=30秒, 读取超时=无限制 (文件大小: 3.09 MB)
2025-11-19 09:57:34,118 - hunyuan_podcast.upload_client - INFO - 流式上传模式（文件大小: 3.09 MB, chunk_size: 512 KB）
2025-11-19 09:57:35,768 - hunyuan_podcast.upload_client - INFO - 上传响应: status_code=200, 耗时: 1.65秒, 速度: 1.87 MB/s
2025-11-19 09:57:35,770 - hunyuan_podcast.upload_client - INFO -   响应头: {'Date': 'Wed, 19 Nov 2025 01:57:35 GMT', 'Content-Type': 'text/plain', 'Transfer-Encoding': 'chunked', 'Connection': 'keep-alive', 'X-Agc-Trace-Id': 'cee18eba-8db8-4c58-8130-5762454b073b', 'Server': 'elb'}
2025-11-19 09:57:35,773 - hunyuan_podcast.upload_client - INFO - 上传响应内容: {"uploadStatus":"finalize","fileInfo":{"storageArea":"CN","createTime":"2025-11-19T01:57:34Z","updateTime":"2025-11-19T01:57:34Z","contentType":"audio\/mpeg","name":"music\/books\/relaxing-piano-music-259727.mp3","size":3241728,"cacheControl":"no-cache, no-store, must-revalidate","bucket":"podcasters-y0qig","storageType":"STANDARD"}}
2025-11-19 09:57:35,775 - hunyuan_podcast.upload_client - INFO - 上传成功！
2025-11-19 09:57:35,802 - hunyuan_podcast.upload_client - INFO - 上传到 AGC: https://ops-server-drcn.agcstorage.link/v0/podcasters-y0qig/music/books/relaxing-piano-music-275681.mp3
2025-11-19 09:57:35,803 - hunyuan_podcast.upload_client - INFO -   文件大小: 4936704 bytes (4.71 MB)
2025-11-19 09:57:35,803 - hunyuan_podcast.upload_client - INFO -   Content-Length: 4936704
2025-11-19 09:57:35,803 - hunyuan_podcast.upload_client - INFO -   X-Agc-Content-Type: audio/mpeg
2025-11-19 09:57:35,803 - hunyuan_podcast.upload_client - INFO -   Headers: productId=已设置, client_id=已设置, Authorization=已设置
2025-11-19 09:57:35,805 - hunyuan_podcast.upload_client - INFO - 上传尝试 1: 连接超时=30秒, 读取超时=无限制 (文件大小: 4.71 MB)
2025-11-19 09:57:35,805 - hunyuan_podcast.upload_client - INFO - 流式上传模式（文件大小: 4.71 MB, chunk_size: 512 KB）
2025-11-19 09:57:37,764 - hunyuan_podcast.upload_client - INFO - 上传响应: status_code=200, 耗时: 1.96秒, 速度: 2.40 MB/s
2025-11-19 09:57:37,764 - hunyuan_podcast.upload_client - INFO -   响应头: {'Date': 'Wed, 19 Nov 2025 01:57:37 GMT', 'Content-Type': 'text/plain', 'Transfer-Encoding': 'chunked', 'Connection': 'keep-alive', 'X-Agc-Trace-Id': '05392399-a956-453a-87f3-167bb40e04e7', 'Server': 'elb'}
2025-11-19 09:57:37,765 - hunyuan_podcast.upload_client - INFO - 上传响应内容: {"uploadStatus":"finalize","fileInfo":{"storageArea":"CN","createTime":"2025-11-19T01:57:35Z","updateTime":"2025-11-19T01:57:35Z","contentType":"audio\/mpeg","name":"music\/books\/relaxing-piano-music-275681.mp3","size":4936704,"cacheControl":"no-cache, no-store, must-revalidate","bucket":"podcasters-y0qig","storageType":"STANDARD"}}
2025-11-19 09:57:37,765 - hunyuan_podcast.upload_client - INFO - 上传成功！
2025-11-19 09:57:37,769 - hunyuan_podcast.upload_client - INFO - 上传到 AGC: https://ops-server-drcn.agcstorage.link/v0/podcasters-y0qig/music/books/relaxing-piano-music-351844.mp3
2025-11-19 09:57:37,770 - hunyuan_podcast.upload_client - INFO -   文件大小: 1942272 bytes (1.85 MB)
2025-11-19 09:57:37,770 - hunyuan_podcast.upload_client - INFO -   Content-Length: 1942272
2025-11-19 09:57:37,770 - hunyuan_podcast.upload_client - INFO -   X-Agc-Content-Type: audio/mpeg
2025-11-19 09:57:37,771 - hunyuan_podcast.upload_client - INFO -   Headers: productId=已设置, client_id=已设置, Authorization=已设置
2025-11-19 09:57:37,771 - hunyuan_podcast.upload_client - INFO - 上传尝试 1: 连接超时=30秒, 读取超时=无限制 (文件大小: 1.85 MB)
2025-11-19 09:57:37,771 - hunyuan_podcast.upload_client - INFO - 流式上传模式（文件大小: 1.85 MB, chunk_size: 512 KB）
2025-11-19 09:57:39,062 - hunyuan_podcast.upload_client - INFO - 上传响应: status_code=200, 耗时: 1.29秒, 速度: 1.43 MB/s
2025-11-19 09:57:39,063 - hunyuan_podcast.upload_client - INFO -   响应头: {'Date': 'Wed, 19 Nov 2025 01:57:38 GMT', 'Content-Type': 'text/plain', 'Transfer-Encoding': 'chunked', 'Connection': 'keep-alive', 'X-Agc-Trace-Id': '5157dbcb-8e53-4709-af77-fbad506ba296', 'Server': 'elb'}
2025-11-19 09:57:39,064 - hunyuan_podcast.upload_client - INFO - 上传响应内容: {"uploadStatus":"finalize","fileInfo":{"size":1942272,"cacheControl":"no-cache, no-store, must-revalidate","updateTime":"2025-11-19T01:57:37Z","name":"music\/books\/relaxing-piano-music-351844.mp3","bucket":"podcasters-y0qig","storageArea":"CN","storageType":"STANDARD","createTime":"2025-11-19T01:57:37Z","contentType":"audio\/mpeg"}}
2025-11-19 09:57:39,064 - hunyuan_podcast.upload_client - INFO - 上传成功！
2025-11-19 09:57:39,070 - hunyuan_podcast.upload_client - INFO - 上传到 AGC: https://ops-server-drcn.agcstorage.link/v0/podcasters-y0qig/music/books/tender-breeze-loop-111523.mp3
2025-11-19 09:57:39,070 - hunyuan_podcast.upload_client - INFO -   文件大小: 2881410 bytes (2.75 MB)
2025-11-19 09:57:39,072 - hunyuan_podcast.upload_client - INFO -   Content-Length: 2881410
2025-11-19 09:57:39,074 - hunyuan_podcast.upload_client - INFO -   X-Agc-Content-Type: audio/mpeg
2025-11-19 09:57:39,075 - hunyuan_podcast.upload_client - INFO -   Headers: productId=已设置, client_id=已设置, Authorization=已设置
2025-11-19 09:57:39,076 - hunyuan_podcast.upload_client - INFO - 上传尝试 1: 连接超时=30秒, 读取超时=无限制 (文件大小: 2.75 MB)
2025-11-19 09:57:39,077 - hunyuan_podcast.upload_client - INFO - 流式上传模式（文件大小: 2.75 MB, chunk_size: 512 KB）
2025-11-19 09:57:40,877 - hunyuan_podcast.upload_client - INFO - 上传响应: status_code=200, 耗时: 1.80秒, 速度: 1.53 MB/s
2025-11-19 09:57:40,926 - hunyuan_podcast.upload_client - INFO -   响应头: {'Date': 'Wed, 19 Nov 2025 01:57:40 GMT', 'Content-Type': 'text/plain', 'Transfer-Encoding': 'chunked', 'Connection': 'keep-alive', 'X-Agc-Trace-Id': '9f032da2-848a-4f0c-af77-4ec86b8c9598', 'Server': 'elb'}
2025-11-19 09:57:40,926 - hunyuan_podcast.upload_client - INFO - 上传响应内容: {"uploadStatus":"finalize","fileInfo":{"size":2881410,"cacheControl":"no-cache, no-store, must-revalidate","updateTime":"2025-11-19T01:57:39Z","name":"music\/books\/tender-breeze-loop-111523.mp3","bucket":"podcasters-y0qig","storageArea":"CN","storageType":"STANDARD","createTime":"2025-11-19T01:57:39Z","contentType":"audio\/mpeg"}}
2025-11-19 09:57:40,926 - hunyuan_podcast.upload_client - INFO - 上传成功！
2025-11-19 09:57:40,935 - hunyuan_podcast.upload_client - INFO - 上传到 AGC: https://ops-server-drcn.agcstorage.link/v0/podcasters-y0qig/music/business_finance/corporate-inspiring-motivational-healthcare-410903.mp3
2025-11-19 09:57:40,936 - hunyuan_podcast.upload_client - INFO -   文件大小: 3711477 bytes (3.54 MB)
2025-11-19 09:57:40,936 - hunyuan_podcast.upload_client - INFO -   Content-Length: 3711477
2025-11-19 09:57:40,936 - hunyuan_podcast.upload_client - INFO -   X-Agc-Content-Type: audio/mpeg
2025-11-19 09:57:40,937 - hunyuan_podcast.upload_client - INFO -   Headers: productId=已设置, client_id=已设置, Authorization=已设置
2025-11-19 09:57:40,937 - hunyuan_podcast.upload_client - INFO - 上传尝试 1: 连接超时=30秒, 读取超时=无限制 (文件大小: 3.54 MB)
2025-11-19 09:57:40,937 - hunyuan_podcast.upload_client - INFO - 流式上传模式（文件大小: 3.54 MB, chunk_size: 512 KB）
2025-11-19 09:57:43,233 - hunyuan_podcast.upload_client - INFO - 上传进度: 100.0% (3.54/3.54 MB), 速度: 1.54 MB/s
2025-11-19 09:57:44,211 - hunyuan_podcast.upload_client - INFO - 上传响应: status_code=200, 耗时: 3.27秒, 速度: 1.08 MB/s
2025-11-19 09:57:44,213 - hunyuan_podcast.upload_client - INFO -   响应头: {'Date': 'Wed, 19 Nov 2025 01:57:43 GMT', 'Content-Type': 'text/plain', 'Transfer-Encoding': 'chunked', 'Connection': 'keep-alive', 'X-Agc-Trace-Id': '6956b59d-cb9f-4fd0-ad5e-39d188a1071c', 'Server': 'elb'}
2025-11-19 09:57:44,213 - hunyuan_podcast.upload_client - INFO - 上传响应内容: {"fileInfo":{"storageArea":"CN","bucket":"podcasters-y0qig","createTime":"2025-11-19T01:57:40Z","updateTime":"2025-11-19T01:57:40Z","contentType":"audio\/mpeg","name":"music\/business_finance\/corporate-inspiring-motivational-healthcare-410903.mp3","cacheControl":"no-cache, no-store, must-revalidate","storageType":"STANDARD","size":3711477},"uploadStatus":"finalize"}
2025-11-19 09:57:44,214 - hunyuan_podcast.upload_client - INFO - 上传成功！
2025-11-19 09:57:44,231 - hunyuan_podcast.upload_client - INFO - 上传到 AGC: https://ops-server-drcn.agcstorage.link/v0/podcasters-y0qig/music/business_finance/corporate-upbeat-uplifting-motivational-success-400871.mp3
2025-11-19 09:57:44,233 - hunyuan_podcast.upload_client - INFO -   文件大小: 4917707 bytes (4.69 MB)
2025-11-19 09:57:44,233 - hunyuan_podcast.upload_client - INFO -   Content-Length: 4917707
2025-11-19 09:57:44,233 - hunyuan_podcast.upload_client - INFO -   X-Agc-Content-Type: audio/mpeg
2025-11-19 09:57:44,235 - hunyuan_podcast.upload_client - INFO -   Headers: productId=已设置, client_id=已设置, Authorization=已设置
2025-11-19 09:57:44,235 - hunyuan_podcast.upload_client - INFO - 上传尝试 1: 连接超时=30秒, 读取超时=无限制 (文件大小: 4.69 MB)
2025-11-19 09:57:44,236 - hunyuan_podcast.upload_client - INFO - 流式上传模式（文件大小: 4.69 MB, chunk_size: 512 KB）
2025-11-19 09:57:46,369 - hunyuan_podcast.upload_client - INFO - 上传响应: status_code=200, 耗时: 2.13秒, 速度: 2.20 MB/s
2025-11-19 09:57:46,369 - hunyuan_podcast.upload_client - INFO -   响应头: {'Date': 'Wed, 19 Nov 2025 01:57:45 GMT', 'Content-Type': 'text/plain', 'Transfer-Encoding': 'chunked', 'Connection': 'keep-alive', 'X-Agc-Trace-Id': '65010ee9-d035-4d2f-b4f4-cf316e2dc6a5', 'Server': 'elb'}
2025-11-19 09:57:46,371 - hunyuan_podcast.upload_client - INFO - 上传响应内容: {"uploadStatus":"finalize","fileInfo":{"storageArea":"CN","createTime":"2025-11-19T01:57:44Z","updateTime":"2025-11-19T01:57:44Z","contentType":"audio\/mpeg","name":"music\/business_finance\/corporate-upbeat-uplifting-motivational-success-400871.mp3","size":4917707,"cacheControl":"no-cache, no-store, must-revalidate","bucket":"podcasters-y0qig","storageType":"STANDARD"}}
2025-11-19 09:57:46,371 - hunyuan_podcast.upload_client - INFO - 上传成功！
2025-11-19 09:57:46,374 - hunyuan_podcast.upload_client - INFO - 上传到 AGC: https://ops-server-drcn.agcstorage.link/v0/podcasters-y0qig/music/business_finance/emotional-piano-music-256262.mp3
2025-11-19 09:57:46,375 - hunyuan_podcast.upload_client - INFO -   文件大小: 4279902 bytes (4.08 MB)
2025-11-19 09:57:46,375 - hunyuan_podcast.upload_client - INFO -   Content-Length: 4279902
2025-11-19 09:57:46,375 - hunyuan_podcast.upload_client - INFO -   X-Agc-Content-Type: audio/mpeg
2025-11-19 09:57:46,375 - hunyuan_podcast.upload_client - INFO -   Headers: productId=已设置, client_id=已设置, Authorization=已设置
2025-11-19 09:57:46,375 - hunyuan_podcast.upload_client - INFO - 上传尝试 1: 连接超时=30秒, 读取超时=无限制 (文件大小: 4.08 MB)
2025-11-19 09:57:46,376 - hunyuan_podcast.upload_client - INFO - 流式上传模式（文件大小: 4.08 MB, chunk_size: 512 KB）
2025-11-19 09:57:48,470 - hunyuan_podcast.upload_client - INFO - 上传进度: 73.5% (3.00/4.08 MB), 速度: 1.43 MB/s
2025-11-19 09:57:50,755 - hunyuan_podcast.upload_client - INFO - 上传响应: status_code=200, 耗时: 4.38秒, 速度: 0.93 MB/s
2025-11-19 09:57:50,755 - hunyuan_podcast.upload_client - INFO -   响应头: {'Date': 'Wed, 19 Nov 2025 01:57:50 GMT', 'Content-Type': 'text/plain', 'Transfer-Encoding': 'chunked', 'Connection': 'keep-alive', 'X-Agc-Trace-Id': 'd2dc01cc-2d29-4cb2-b261-4c0c93e1c47a', 'Server': 'elb'}
2025-11-19 09:57:50,756 - hunyuan_podcast.upload_client - INFO - 上传响应内容: {"uploadStatus":"finalize","fileInfo":{"size":4279902,"cacheControl":"no-cache, no-store, must-revalidate","updateTime":"2025-11-19T01:57:46Z","name":"music\/business_finance\/emotional-piano-music-256262.mp3","bucket":"podcasters-y0qig","storageArea":"CN","storageType":"STANDARD","createTime":"2025-11-19T01:57:46Z","contentType":"audio\/mpeg"}}
2025-11-19 09:57:50,759 - hunyuan_podcast.upload_client - INFO - 上传成功！
2025-11-19 09:57:50,764 - hunyuan_podcast.upload_client - INFO - 上传到 AGC: https://ops-server-drcn.agcstorage.link/v0/podcasters-y0qig/music/business_finance/podcast-interview-intro-music-397245.mp3
2025-11-19 09:57:50,765 - hunyuan_podcast.upload_client - INFO -   文件大小: 3343673 bytes (3.19 MB)
2025-11-19 09:57:50,765 - hunyuan_podcast.upload_client - INFO -   Content-Length: 3343673
2025-11-19 09:57:50,765 - hunyuan_podcast.upload_client - INFO -   X-Agc-Content-Type: audio/mpeg
2025-11-19 09:57:50,765 - hunyuan_podcast.upload_client - INFO -   Headers: productId=已设置, client_id=已设置, Authorization=已设置
2025-11-19 09:57:50,765 - hunyuan_podcast.upload_client - INFO - 上传尝试 1: 连接超时=30秒, 读取超时=无限制 (文件大小: 3.19 MB)
2025-11-19 09:57:50,766 - hunyuan_podcast.upload_client - INFO - 流式上传模式（文件大小: 3.19 MB, chunk_size: 512 KB）
2025-11-19 09:57:52,773 - hunyuan_podcast.upload_client - INFO - 上传进度: 100.0% (3.19/3.19 MB), 速度: 1.59 MB/s
2025-11-19 09:57:54,296 - hunyuan_podcast.upload_client - INFO - 上传响应: status_code=200, 耗时: 3.53秒, 速度: 0.90 MB/s
2025-11-19 09:57:54,299 - hunyuan_podcast.upload_client - INFO -   响应头: {'Date': 'Wed, 19 Nov 2025 01:57:53 GMT', 'Content-Type': 'text/plain', 'Transfer-Encoding': 'chunked', 'Connection': 'keep-alive', 'X-Agc-Trace-Id': 'a145a47b-9ee9-4bc4-b3f2-992150fe78af', 'Server': 'elb'}
2025-11-19 09:57:54,301 - hunyuan_podcast.upload_client - INFO - 上传响应内容: {"uploadStatus":"finalize","fileInfo":{"size":3343673,"cacheControl":"no-cache, no-store, must-revalidate","updateTime":"2025-11-19T01:57:50Z","name":"music\/business_finance\/podcast-interview-intro-music-397245.mp3","bucket":"podcasters-y0qig","storageArea":"CN","storageType":"STANDARD","createTime":"2025-11-19T01:57:50Z","contentType":"audio\/mpeg"}}
2025-11-19 09:57:54,303 - hunyuan_podcast.upload_client - INFO - 上传成功！
2025-11-19 09:57:54,315 - hunyuan_podcast.upload_client - INFO - 上传到 AGC: https://ops-server-drcn.agcstorage.link/v0/podcasters-y0qig/music/business_finance/podcast-interview-music-2-424600.mp3
2025-11-19 09:57:54,318 - hunyuan_podcast.upload_client - INFO -   文件大小: 3964760 bytes (3.78 MB)
2025-11-19 09:57:54,320 - hunyuan_podcast.upload_client - INFO -   Content-Length: 3964760
2025-11-19 09:57:54,320 - hunyuan_podcast.upload_client - INFO -   X-Agc-Content-Type: audio/mpeg
2025-11-19 09:57:54,321 - hunyuan_podcast.upload_client - INFO -   Headers: productId=已设置, client_id=已设置, Authorization=已设置
2025-11-19 09:57:54,321 - hunyuan_podcast.upload_client - INFO - 上传尝试 1: 连接超时=30秒, 读取超时=无限制 (文件大小: 3.78 MB)
2025-11-19 09:57:54,321 - hunyuan_podcast.upload_client - INFO - 流式上传模式（文件大小: 3.78 MB, chunk_size: 512 KB）
2025-11-19 09:57:56,803 - hunyuan_podcast.upload_client - INFO - 上传响应: status_code=200, 耗时: 2.48秒, 速度: 1.52 MB/s
2025-11-19 09:57:56,803 - hunyuan_podcast.upload_client - INFO -   响应头: {'Date': 'Wed, 19 Nov 2025 01:57:56 GMT', 'Content-Type': 'text/plain', 'Transfer-Encoding': 'chunked', 'Connection': 'keep-alive', 'X-Agc-Trace-Id': '84b0be2e-8d30-4ee6-9cf7-f03e1978e95e', 'Server': 'elb'}
2025-11-19 09:57:56,804 - hunyuan_podcast.upload_client - INFO - 上传响应内容: {"uploadStatus":"finalize","fileInfo":{"size":3964760,"cacheControl":"no-cache, no-store, must-revalidate","updateTime":"2025-11-19T01:57:54Z","name":"music\/business_finance\/podcast-interview-music-2-424600.mp3","bucket":"podcasters-y0qig","storageArea":"CN","storageType":"STANDARD","createTime":"2025-11-19T01:57:54Z","contentType":"audio\/mpeg"}}
2025-11-19 09:57:56,804 - hunyuan_podcast.upload_client - INFO - 上传成功！
2025-11-19 09:57:56,808 - hunyuan_podcast.upload_client - INFO - 上传到 AGC: https://ops-server-drcn.agcstorage.link/v0/podcasters-y0qig/music/business_finance/podcast-interview-music-254186.mp3
2025-11-19 09:57:56,809 - hunyuan_podcast.upload_client - INFO -   文件大小: 4380212 bytes (4.18 MB)
2025-11-19 09:57:56,811 - hunyuan_podcast.upload_client - INFO -   Content-Length: 4380212
2025-11-19 09:57:56,811 - hunyuan_podcast.upload_client - INFO -   X-Agc-Content-Type: audio/mpeg
2025-11-19 09:57:56,811 - hunyuan_podcast.upload_client - INFO -   Headers: productId=已设置, client_id=已设置, Authorization=已设置
2025-11-19 09:57:56,813 - hunyuan_podcast.upload_client - INFO - 上传尝试 1: 连接超时=30秒, 读取超时=无限制 (文件大小: 4.18 MB)
2025-11-19 09:57:56,814 - hunyuan_podcast.upload_client - INFO - 流式上传模式（文件大小: 4.18 MB, chunk_size: 512 KB）
2025-11-19 09:57:59,585 - hunyuan_podcast.upload_client - INFO - 上传进度: 59.8% (2.50/4.18 MB), 速度: 0.90 MB/s
2025-11-19 09:58:07,741 - hunyuan_podcast.upload_client - INFO - 上传进度: 83.8% (3.50/4.18 MB), 速度: 0.32 MB/s
2025-11-19 09:58:10,206 - hunyuan_podcast.upload_client - INFO - 上传进度: 95.8% (4.00/4.18 MB), 速度: 0.30 MB/s
2025-11-19 09:58:16,041 - hunyuan_podcast.upload_client - INFO - 上传响应: status_code=200, 耗时: 19.23秒, 速度: 0.22 MB/s
2025-11-19 09:58:16,043 - hunyuan_podcast.upload_client - INFO -   响应头: {'Date': 'Wed, 19 Nov 2025 01:58:15 GMT', 'Content-Type': 'text/plain', 'Transfer-Encoding': 'chunked', 'Connection': 'keep-alive', 'X-Agc-Trace-Id': '554aea40-b468-4698-90d9-b2bf22e6cdb0', 'Server': 'elb'}
2025-11-19 09:58:16,045 - hunyuan_podcast.upload_client - INFO - 上传响应内容: {"uploadStatus":"finalize","fileInfo":{"storageArea":"CN","createTime":"2025-11-19T01:57:56Z","updateTime":"2025-11-19T01:57:56Z","contentType":"audio\/mpeg","name":"music\/business_finance\/podcast-interview-music-254186.mp3","size":4380212,"cacheControl":"no-cache, no-store, must-revalidate","bucket":"podcasters-y0qig","storageType":"STANDARD"}}
2025-11-19 09:58:16,045 - hunyuan_podcast.upload_client - INFO - 上传成功！
2025-11-19 09:58:16,055 - hunyuan_podcast.upload_client - INFO - 上传到 AGC: https://ops-server-drcn.agcstorage.link/v0/podcasters-y0qig/music/business_finance/podcast-interview-music-278389.mp3
2025-11-19 09:58:16,058 - hunyuan_podcast.upload_client - INFO -   文件大小: 5145077 bytes (4.91 MB)
2025-11-19 09:58:16,060 - hunyuan_podcast.upload_client - INFO -   Content-Length: 5145077
2025-11-19 09:58:16,061 - hunyuan_podcast.upload_client - INFO -   X-Agc-Content-Type: audio/mpeg
2025-11-19 09:58:16,061 - hunyuan_podcast.upload_client - INFO -   Headers: productId=已设置, client_id=已设置, Authorization=已设置
2025-11-19 09:58:16,065 - hunyuan_podcast.upload_client - INFO - 上传尝试 1: 连接超时=30秒, 读取超时=无限制 (文件大小: 4.91 MB)
2025-11-19 09:58:16,066 - hunyuan_podcast.upload_client - INFO - 流式上传模式（文件大小: 4.91 MB, chunk_size: 512 KB）
2025-11-19 09:58:18,083 - hunyuan_podcast.upload_client - INFO - 上传进度: 81.5% (4.00/4.91 MB), 速度: 1.98 MB/s
2025-11-19 09:58:19,391 - hunyuan_podcast.upload_client - INFO - 上传响应: status_code=200, 耗时: 3.32秒, 速度: 1.48 MB/s
2025-11-19 09:58:19,394 - hunyuan_podcast.upload_client - INFO -   响应头: {'Date': 'Wed, 19 Nov 2025 01:58:18 GMT', 'Content-Type': 'text/plain', 'Transfer-Encoding': 'chunked', 'Connection': 'keep-alive', 'X-Agc-Trace-Id': '947ae9ba-8244-42ca-930a-7454d86778d4', 'Server': 'elb'}
2025-11-19 09:58:19,394 - hunyuan_podcast.upload_client - INFO - 上传响应内容: {"uploadStatus":"finalize","fileInfo":{"storageArea":"CN","createTime":"2025-11-19T01:58:15Z","updateTime":"2025-11-19T01:58:15Z","contentType":"audio\/mpeg","name":"music\/business_finance\/podcast-interview-music-278389.mp3","size":5145077,"cacheControl":"no-cache, no-store, must-revalidate","bucket":"podcasters-y0qig","storageType":"STANDARD"}}
2025-11-19 09:58:19,395 - hunyuan_podcast.upload_client - INFO - 上传成功！
2025-11-19 09:58:19,419 - hunyuan_podcast.upload_client - INFO - 上传到 AGC: https://ops-server-drcn.agcstorage.link/v0/podcasters-y0qig/music/business_finance/podcast-interview-music-413273.mp3
2025-11-19 09:58:19,419 - hunyuan_podcast.upload_client - INFO -   文件大小: 3716493 bytes (3.54 MB)
2025-11-19 09:58:19,419 - hunyuan_podcast.upload_client - INFO -   Content-Length: 3716493
2025-11-19 09:58:19,419 - hunyuan_podcast.upload_client - INFO -   X-Agc-Content-Type: audio/mpeg
2025-11-19 09:58:19,419 - hunyuan_podcast.upload_client - INFO -   Headers: productId=已设置, client_id=已设置, Authorization=已设置
2025-11-19 09:58:19,420 - hunyuan_podcast.upload_client - INFO - 上传尝试 1: 连接超时=30秒, 读取超时=无限制 (文件大小: 3.54 MB)
2025-11-19 09:58:19,420 - hunyuan_podcast.upload_client - INFO - 流式上传模式（文件大小: 3.54 MB, chunk_size: 512 KB）
2025-11-19 09:58:23,297 - hunyuan_podcast.upload_client - INFO - 上传进度: 56.4% (2.00/3.54 MB), 速度: 0.52 MB/s
2025-11-19 09:58:25,341 - hunyuan_podcast.upload_client - INFO - 上传进度: 70.5% (2.50/3.54 MB), 速度: 0.42 MB/s
2025-11-19 09:58:29,612 - hunyuan_podcast.upload_client - INFO - 上传进度: 98.7% (3.50/3.54 MB), 速度: 0.34 MB/s
2025-11-19 09:58:34,205 - hunyuan_podcast.upload_client - INFO - 上传进度: 100.0% (3.54/3.54 MB), 速度: 0.24 MB/s
2025-11-19 09:58:38,424 - hunyuan_podcast.upload_client - INFO - 上传响应: status_code=200, 耗时: 19.00秒, 速度: 0.19 MB/s
2025-11-19 09:58:38,424 - hunyuan_podcast.upload_client - INFO -   响应头: {'Date': 'Wed, 19 Nov 2025 01:58:37 GMT', 'Content-Type': 'text/plain', 'Transfer-Encoding': 'chunked', 'Connection': 'keep-alive', 'X-Agc-Trace-Id': 'acd40406-1b07-40b1-b411-94b16d4d7c59', 'Server': 'elb'}
2025-11-19 09:58:38,425 - hunyuan_podcast.upload_client - INFO - 上传响应内容: {"uploadStatus":"finalize","fileInfo":{"size":3716493,"cacheControl":"no-cache, no-store, must-revalidate","updateTime":"2025-11-19T01:58:19Z","name":"music\/business_finance\/podcast-interview-music-413273.mp3","bucket":"podcasters-y0qig","storageArea":"CN","storageType":"STANDARD","createTime":"2025-11-19T01:58:19Z","contentType":"audio\/mpeg"}}
2025-11-19 09:58:38,425 - hunyuan_podcast.upload_client - INFO - 上传成功！
2025-11-19 09:58:38,430 - hunyuan_podcast.upload_client - INFO - 上传到 AGC: https://ops-server-drcn.agcstorage.link/v0/podcasters-y0qig/music/business_finance/podcast-interview-podcast-music-295052.mp3
2025-11-19 09:58:38,432 - hunyuan_podcast.upload_client - INFO -   文件大小: 4549903 bytes (4.34 MB)
2025-11-19 09:58:38,432 - hunyuan_podcast.upload_client - INFO -   Content-Length: 4549903
2025-11-19 09:58:38,432 - hunyuan_podcast.upload_client - INFO -   X-Agc-Content-Type: audio/mpeg
2025-11-19 09:58:38,434 - hunyuan_podcast.upload_client - INFO -   Headers: productId=已设置, client_id=已设置, Authorization=已设置
2025-11-19 09:58:38,434 - hunyuan_podcast.upload_client - INFO - 上传尝试 1: 连接超时=30秒, 读取超时=无限制 (文件大小: 4.34 MB)
2025-11-19 09:58:38,435 - hunyuan_podcast.upload_client - INFO - 流式上传模式（文件大小: 4.34 MB, chunk_size: 512 KB）
2025-11-19 09:58:40,998 - hunyuan_podcast.upload_client - INFO - 上传响应: status_code=200, 耗时: 2.56秒, 速度: 1.69 MB/s
2025-11-19 09:58:40,999 - hunyuan_podcast.upload_client - INFO -   响应头: {'Date': 'Wed, 19 Nov 2025 01:58:40 GMT', 'Content-Type': 'text/plain', 'Transfer-Encoding': 'chunked', 'Connection': 'keep-alive', 'X-Agc-Trace-Id': 'ec7d78b9-27d4-4fff-ad24-656b60c5e839', 'Server': 'elb'}
2025-11-19 09:58:40,999 - hunyuan_podcast.upload_client - INFO - 上传响应内容: {"uploadStatus":"finalize","fileInfo":{"storageArea":"CN","createTime":"2025-11-19T01:58:38Z","updateTime":"2025-11-19T01:58:38Z","contentType":"audio\/mpeg","name":"music\/business_finance\/podcast-interview-podcast-music-295052.mp3","size":4549903,"cacheControl":"no-cache, no-store, must-revalidate","bucket":"podcasters-y0qig","storageType":"STANDARD"}}
2025-11-19 09:58:41,000 - hunyuan_podcast.upload_client - INFO - 上传成功！
2025-11-19 09:58:41,004 - hunyuan_podcast.upload_client - INFO - 上传到 AGC: https://ops-server-drcn.agcstorage.link/v0/podcasters-y0qig/music/business_finance/podcast-interview-youtube-music-413275.mp3
2025-11-19 09:58:41,004 - hunyuan_podcast.upload_client - INFO -   文件大小: 5763657 bytes (5.50 MB)
2025-11-19 09:58:41,004 - hunyuan_podcast.upload_client - INFO -   Content-Length: 5763657
2025-11-19 09:58:41,005 - hunyuan_podcast.upload_client - INFO -   X-Agc-Content-Type: audio/mpeg
2025-11-19 09:58:41,005 - hunyuan_podcast.upload_client - INFO -   Headers: productId=已设置, client_id=已设置, Authorization=已设置
2025-11-19 09:58:41,005 - hunyuan_podcast.upload_client - INFO - 上传尝试 1: 连接超时=30秒, 读取超时=无限制 (文件大小: 5.50 MB)
2025-11-19 09:58:41,006 - hunyuan_podcast.upload_client - INFO - 流式上传模式（文件大小: 5.50 MB, chunk_size: 1024 KB）
2025-11-19 09:58:43,100 - hunyuan_podcast.upload_client - INFO - 上传进度: 72.8% (4.00/5.50 MB), 速度: 1.91 MB/s
2025-11-19 09:58:46,991 - hunyuan_podcast.upload_client - INFO - 上传响应: status_code=200, 耗时: 5.98秒, 速度: 0.92 MB/s
2025-11-19 09:58:46,992 - hunyuan_podcast.upload_client - INFO -   响应头: {'Date': 'Wed, 19 Nov 2025 01:58:46 GMT', 'Content-Type': 'text/plain', 'Transfer-Encoding': 'chunked', 'Connection': 'keep-alive', 'X-Agc-Trace-Id': '070e9d89-75d8-4095-bf77-f3ad4b0cc604', 'Server': 'elb'}
2025-11-19 09:58:46,994 - hunyuan_podcast.upload_client - INFO - 上传响应内容: {"uploadStatus":"finalize","fileInfo":{"storageArea":"CN","createTime":"2025-11-19T01:58:40Z","updateTime":"2025-11-19T01:58:40Z","contentType":"audio\/mpeg","name":"music\/business_finance\/podcast-interview-youtube-music-413275.mp3","size":5763657,"cacheControl":"no-cache, no-store, must-revalidate","bucket":"podcasters-y0qig","storageType":"STANDARD"}}
2025-11-19 09:58:46,997 - hunyuan_podcast.upload_client - INFO - 上传成功！
2025-11-19 09:58:47,075 - hunyuan_podcast.upload_client - INFO - 上传到 AGC: https://ops-server-drcn.agcstorage.link/v0/podcasters-y0qig/music/business_finance/presentation-corporate-219493.mp3
2025-11-19 09:58:47,082 - hunyuan_podcast.upload_client - INFO -   文件大小: 4888320 bytes (4.66 MB)
2025-11-19 09:58:47,084 - hunyuan_podcast.upload_client - INFO -   Content-Length: 4888320
2025-11-19 09:58:47,085 - hunyuan_podcast.upload_client - INFO -   X-Agc-Content-Type: audio/mpeg
2025-11-19 09:58:47,088 - hunyuan_podcast.upload_client - INFO -   Headers: productId=已设置, client_id=已设置, Authorization=已设置
2025-11-19 09:58:47,092 - hunyuan_podcast.upload_client - INFO - 上传尝试 1: 连接超时=30秒, 读取超时=无限制 (文件大小: 4.66 MB)
2025-11-19 09:58:47,094 - hunyuan_podcast.upload_client - INFO - 流式上传模式（文件大小: 4.66 MB, chunk_size: 512 KB）
2025-11-19 09:58:49,185 - hunyuan_podcast.upload_client - INFO - 上传响应: status_code=200, 耗时: 2.09秒, 速度: 2.23 MB/s
2025-11-19 09:58:49,195 - hunyuan_podcast.upload_client - INFO -   响应头: {'Date': 'Wed, 19 Nov 2025 01:58:48 GMT', 'Content-Type': 'text/plain', 'Transfer-Encoding': 'chunked', 'Connection': 'keep-alive', 'X-Agc-Trace-Id': 'a37e8cc5-c9dd-4c5a-b8e1-b9b877e98aa3', 'Server': 'elb'}
2025-11-19 09:58:49,201 - hunyuan_podcast.upload_client - INFO - 上传响应内容: {"uploadStatus":"finalize","fileInfo":{"storageArea":"CN","createTime":"2025-11-19T01:58:46Z","updateTime":"2025-11-19T01:58:46Z","contentType":"audio\/mpeg","name":"music\/business_finance\/presentation-corporate-219493.mp3","size":4888320,"cacheControl":"no-cache, no-store, must-revalidate","bucket":"podcasters-y0qig","storageType":"STANDARD"}}
2025-11-19 09:58:49,209 - hunyuan_podcast.upload_client - INFO - 上传成功！
2025-11-19 09:58:49,221 - hunyuan_podcast.upload_client - INFO - 上传到 AGC: https://ops-server-drcn.agcstorage.link/v0/podcasters-y0qig/music/business_finance/soft-background-music-432715.mp3
2025-11-19 09:58:49,223 - hunyuan_podcast.upload_client - INFO -   文件大小: 5935856 bytes (5.66 MB)
2025-11-19 09:58:49,226 - hunyuan_podcast.upload_client - INFO -   Content-Length: 5935856
2025-11-19 09:58:49,227 - hunyuan_podcast.upload_client - INFO -   X-Agc-Content-Type: audio/mpeg
2025-11-19 09:58:49,227 - hunyuan_podcast.upload_client - INFO -   Headers: productId=已设置, client_id=已设置, Authorization=已设置
2025-11-19 09:58:49,228 - hunyuan_podcast.upload_client - INFO - 上传尝试 1: 连接超时=30秒, 读取超时=无限制 (文件大小: 5.66 MB)
2025-11-19 09:58:49,237 - hunyuan_podcast.upload_client - INFO - 流式上传模式（文件大小: 5.66 MB, chunk_size: 1024 KB）
2025-11-19 09:58:51,360 - hunyuan_podcast.upload_client - INFO - 上传响应: status_code=200, 耗时: 2.12秒, 速度: 2.67 MB/s
2025-11-19 09:58:51,361 - hunyuan_podcast.upload_client - INFO -   响应头: {'Date': 'Wed, 19 Nov 2025 01:58:50 GMT', 'Content-Type': 'text/plain', 'Transfer-Encoding': 'chunked', 'Connection': 'keep-alive', 'X-Agc-Trace-Id': '44f788f7-5fb4-4cb4-b5f9-d57e9e328433', 'Server': 'elb'}
2025-11-19 09:58:51,364 - hunyuan_podcast.upload_client - INFO - 上传响应内容: {"uploadStatus":"finalize","fileInfo":{"storageArea":"CN","createTime":"2025-11-19T01:58:49Z","updateTime":"2025-11-19T01:58:49Z","contentType":"audio\/mpeg","name":"music\/business_finance\/soft-background-music-432715.mp3","size":5935856,"cacheControl":"no-cache, no-store, must-revalidate","bucket":"podcasters-y0qig","storageType":"STANDARD"}}
2025-11-19 09:58:51,365 - hunyuan_podcast.upload_client - INFO - 上传成功！
2025-11-19 09:58:51,370 - hunyuan_podcast.upload_client - INFO - 上传到 AGC: https://ops-server-drcn.agcstorage.link/v0/podcasters-y0qig/music/business_finance/youtube-intro-291172.mp3
2025-11-19 09:58:51,372 - hunyuan_podcast.upload_client - INFO -   文件大小: 423936 bytes (0.40 MB)
2025-11-19 09:58:51,372 - hunyuan_podcast.upload_client - INFO -   Content-Length: 423936
2025-11-19 09:58:51,374 - hunyuan_podcast.upload_client - INFO -   X-Agc-Content-Type: audio/mpeg
2025-11-19 09:58:51,375 - hunyuan_podcast.upload_client - INFO -   Headers: productId=已设置, client_id=已设置, Authorization=已设置
2025-11-19 09:58:51,378 - hunyuan_podcast.upload_client - INFO - 上传尝试 1: 连接超时=30秒, 读取超时=无限制 (文件大小: 0.40 MB)
2025-11-19 09:58:51,388 - hunyuan_podcast.upload_client - INFO - 流式上传模式（文件大小: 0.40 MB, chunk_size: 256 KB）
2025-11-19 09:58:52,424 - hunyuan_podcast.upload_client - INFO - 上传响应: status_code=200, 耗时: 1.04秒, 速度: 0.39 MB/s
2025-11-19 09:58:52,435 - hunyuan_podcast.upload_client - INFO -   响应头: {'Date': 'Wed, 19 Nov 2025 01:58:51 GMT', 'Content-Type': 'text/plain', 'Transfer-Encoding': 'chunked', 'Connection': 'keep-alive', 'X-Agc-Trace-Id': '2641c0b1-5783-4458-ae90-057e4efa990d', 'Server': 'elb'}
2025-11-19 09:58:52,444 - hunyuan_podcast.upload_client - INFO - 上传响应内容: {"uploadStatus":"finalize","fileInfo":{"size":423936,"cacheControl":"no-cache, no-store, must-revalidate","updateTime":"2025-11-19T01:58:51Z","name":"music\/business_finance\/youtube-intro-291172.mp3","bucket":"podcasters-y0qig","storageArea":"CN","storageType":"STANDARD","createTime":"2025-11-19T01:58:51Z","contentType":"audio\/mpeg"}}
2025-11-19 09:58:52,455 - hunyuan_podcast.upload_client - INFO - 上传成功！
2025-11-19 09:58:52,472 - hunyuan_podcast.upload_client - INFO - 上传到 AGC: https://ops-server-drcn.agcstorage.link/v0/podcasters-y0qig/music/career/background-royalty-free-music-emotional-piano-305670.mp3
2025-11-19 09:58:52,473 - hunyuan_podcast.upload_client - INFO -   文件大小: 5823843 bytes (5.55 MB)
2025-11-19 09:58:52,474 - hunyuan_podcast.upload_client - INFO -   Content-Length: 5823843
2025-11-19 09:58:52,474 - hunyuan_podcast.upload_client - INFO -   X-Agc-Content-Type: audio/mpeg
2025-11-19 09:58:52,475 - hunyuan_podcast.upload_client - INFO -   Headers: productId=已设置, client_id=已设置, Authorization=已设置
2025-11-19 09:58:52,475 - hunyuan_podcast.upload_client - INFO - 上传尝试 1: 连接超时=30秒, 读取超时=无限制 (文件大小: 5.55 MB)
2025-11-19 09:58:52,477 - hunyuan_podcast.upload_client - INFO - 流式上传模式（文件大小: 5.55 MB, chunk_size: 1024 KB）
2025-11-19 09:58:54,535 - hunyuan_podcast.upload_client - INFO - 上传进度: 90.0% (5.00/5.55 MB), 速度: 2.43 MB/s
2025-11-19 09:58:56,345 - hunyuan_podcast.upload_client - INFO - 上传响应: status_code=200, 耗时: 3.87秒, 速度: 1.44 MB/s
2025-11-19 09:58:56,346 - hunyuan_podcast.upload_client - INFO -   响应头: {'Date': 'Wed, 19 Nov 2025 01:58:55 GMT', 'Content-Type': 'text/plain', 'Transfer-Encoding': 'chunked', 'Connection': 'keep-alive', 'X-Agc-Trace-Id': '0b97809f-dac4-4212-9fc3-09ba77750612', 'Server': 'elb'}
2025-11-19 09:58:56,346 - hunyuan_podcast.upload_client - INFO - 上传响应内容: {"uploadStatus":"finalize","fileInfo":{"storageArea":"CN","createTime":"2025-11-19T01:58:52Z","updateTime":"2025-11-19T01:58:52Z","contentType":"audio\/mpeg","name":"music\/career\/background-royalty-free-music-emotional-piano-305670.mp3","size":5823843,"cacheControl":"no-cache, no-store, must-revalidate","bucket":"podcasters-y0qig","storageType":"STANDARD"}}
2025-11-19 09:58:56,346 - hunyuan_podcast.upload_client - INFO - 上传成功！
2025-11-19 09:58:56,351 - hunyuan_podcast.upload_client - INFO - 上传到 AGC: https://ops-server-drcn.agcstorage.link/v0/podcasters-y0qig/music/career/lofi-lofi-music-podcast-interview-432221.mp3
2025-11-19 09:58:56,351 - hunyuan_podcast.upload_client - INFO -   文件大小: 6064587 bytes (5.78 MB)
2025-11-19 09:58:56,351 - hunyuan_podcast.upload_client - INFO -   Content-Length: 6064587
2025-11-19 09:58:56,351 - hunyuan_podcast.upload_client - INFO -   X-Agc-Content-Type: audio/mpeg
2025-11-19 09:58:56,352 - hunyuan_podcast.upload_client - INFO -   Headers: productId=已设置, client_id=已设置, Authorization=已设置
2025-11-19 09:58:56,352 - hunyuan_podcast.upload_client - INFO - 上传尝试 1: 连接超时=30秒, 读取超时=无限制 (文件大小: 5.78 MB)
2025-11-19 09:58:56,352 - hunyuan_podcast.upload_client - INFO - 流式上传模式（文件大小: 5.78 MB, chunk_size: 1024 KB）
2025-11-19 09:58:58,850 - hunyuan_podcast.upload_client - INFO - 上传进度: 69.2% (4.00/5.78 MB), 速度: 1.60 MB/s
2025-11-19 09:59:01,281 - hunyuan_podcast.upload_client - INFO - 上传进度: 100.0% (5.78/5.78 MB), 速度: 1.17 MB/s
2025-11-19 09:59:04,108 - hunyuan_podcast.upload_client - INFO - 上传响应: status_code=200, 耗时: 7.76秒, 速度: 0.75 MB/s
2025-11-19 09:59:04,109 - hunyuan_podcast.upload_client - INFO -   响应头: {'Date': 'Wed, 19 Nov 2025 01:59:03 GMT', 'Content-Type': 'text/plain', 'Transfer-Encoding': 'chunked', 'Connection': 'keep-alive', 'X-Agc-Trace-Id': 'b1275092-d4d8-4ac2-a917-eb008ab5884b', 'Server': 'elb'}
2025-11-19 09:59:04,109 - hunyuan_podcast.upload_client - INFO - 上传响应内容: {"uploadStatus":"finalize","fileInfo":{"size":6064587,"cacheControl":"no-cache, no-store, must-revalidate","updateTime":"2025-11-19T01:58:56Z","name":"music\/career\/lofi-lofi-music-podcast-interview-432221.mp3","bucket":"podcasters-y0qig","storageArea":"CN","storageType":"STANDARD","createTime":"2025-11-19T01:58:56Z","contentType":"audio\/mpeg"}}
2025-11-19 09:59:04,110 - hunyuan_podcast.upload_client - INFO - 上传成功！
2025-11-19 09:59:04,115 - hunyuan_podcast.upload_client - INFO - 上传到 AGC: https://ops-server-drcn.agcstorage.link/v0/podcasters-y0qig/music/career/penguinmusic-modern-chillout-future-calm-12641.mp3
2025-11-19 09:59:04,116 - hunyuan_podcast.upload_client - INFO -   文件大小: 2133263 bytes (2.03 MB)
2025-11-19 09:59:04,116 - hunyuan_podcast.upload_client - INFO -   Content-Length: 2133263
2025-11-19 09:59:04,116 - hunyuan_podcast.upload_client - INFO -   X-Agc-Content-Type: audio/mpeg
2025-11-19 09:59:04,116 - hunyuan_podcast.upload_client - INFO -   Headers: productId=已设置, client_id=已设置, Authorization=已设置
2025-11-19 09:59:04,116 - hunyuan_podcast.upload_client - INFO - 上传尝试 1: 连接超时=30秒, 读取超时=无限制 (文件大小: 2.03 MB)
2025-11-19 09:59:04,118 - hunyuan_podcast.upload_client - INFO - 流式上传模式（文件大小: 2.03 MB, chunk_size: 512 KB）
2025-11-19 09:59:05,708 - hunyuan_podcast.upload_client - INFO - 上传响应: status_code=200, 耗时: 1.59秒, 速度: 1.28 MB/s
2025-11-19 09:59:05,708 - hunyuan_podcast.upload_client - INFO -   响应头: {'Date': 'Wed, 19 Nov 2025 01:59:05 GMT', 'Content-Type': 'text/plain', 'Transfer-Encoding': 'chunked', 'Connection': 'keep-alive', 'X-Agc-Trace-Id': '95022fcc-0ff0-424f-be7d-f5e615ea5c7a', 'Server': 'elb'}
2025-11-19 09:59:05,708 - hunyuan_podcast.upload_client - INFO - 上传响应内容: {"uploadStatus":"finalize","fileInfo":{"size":2133263,"cacheControl":"no-cache, no-store, must-revalidate","updateTime":"2025-11-19T01:59:04Z","name":"music\/career\/penguinmusic-modern-chillout-future-calm-12641.mp3","bucket":"podcasters-y0qig","storageArea":"CN","storageType":"STANDARD","createTime":"2025-11-19T01:59:04Z","contentType":"audio\/mpeg"}}
2025-11-19 09:59:05,709 - hunyuan_podcast.upload_client - INFO - 上传成功！
2025-11-19 09:59:05,713 - hunyuan_podcast.upload_client - INFO - 上传到 AGC: https://ops-server-drcn.agcstorage.link/v0/podcasters-y0qig/music/career/plea-for-forgiveness-stevekaldes-piano-art-ayla-heefner-401168.mp3
2025-11-19 09:59:05,714 - hunyuan_podcast.upload_client - INFO -   文件大小: 6426624 bytes (6.13 MB)
2025-11-19 09:59:05,714 - hunyuan_podcast.upload_client - INFO -   Content-Length: 6426624
2025-11-19 09:59:05,715 - hunyuan_podcast.upload_client - INFO -   X-Agc-Content-Type: audio/mpeg
2025-11-19 09:59:05,716 - hunyuan_podcast.upload_client - INFO -   Headers: productId=已设置, client_id=已设置, Authorization=已设置
2025-11-19 09:59:05,716 - hunyuan_podcast.upload_client - INFO - 上传尝试 1: 连接超时=30秒, 读取超时=无限制 (文件大小: 6.13 MB)
2025-11-19 09:59:05,717 - hunyuan_podcast.upload_client - INFO - 流式上传模式（文件大小: 6.13 MB, chunk_size: 1024 KB）
2025-11-19 09:59:08,040 - hunyuan_podcast.upload_client - INFO - 上传进度: 100.0% (6.13/6.13 MB), 速度: 2.64 MB/s
2025-11-19 09:59:08,632 - hunyuan_podcast.upload_client - INFO - 上传响应: status_code=200, 耗时: 2.92秒, 速度: 2.10 MB/s
2025-11-19 09:59:08,633 - hunyuan_podcast.upload_client - INFO -   响应头: {'Date': 'Wed, 19 Nov 2025 01:59:08 GMT', 'Content-Type': 'text/plain', 'Transfer-Encoding': 'chunked', 'Connection': 'keep-alive', 'X-Agc-Trace-Id': '3a1bfd53-db69-44f7-8c15-46f599917fa3', 'Server': 'elb'}
2025-11-19 09:59:08,633 - hunyuan_podcast.upload_client - INFO - 上传响应内容: {"uploadStatus":"finalize","fileInfo":{"storageArea":"CN","createTime":"2025-11-19T01:59:05Z","updateTime":"2025-11-19T01:59:05Z","contentType":"audio\/mpeg","name":"music\/career\/plea-for-forgiveness-stevekaldes-piano-art-ayla-heefner-401168.mp3","size":6426624,"cacheControl":"no-cache, no-store, must-revalidate","bucket":"podcasters-y0qig","storageType":"STANDARD"}}
2025-11-19 09:59:08,634 - hunyuan_podcast.upload_client - INFO - 上传成功！
2025-11-19 09:59:08,639 - hunyuan_podcast.upload_client - INFO - 上传到 AGC: https://ops-server-drcn.agcstorage.link/v0/podcasters-y0qig/music/career/podcast-smooth-jazz-fashion-stylish-music-249305.mp3
2025-11-19 09:59:08,640 - hunyuan_podcast.upload_client - INFO -   文件大小: 10460682 bytes (9.98 MB)
2025-11-19 09:59:08,640 - hunyuan_podcast.upload_client - INFO -   Content-Length: 10460682
2025-11-19 09:59:08,641 - hunyuan_podcast.upload_client - INFO -   X-Agc-Content-Type: audio/mpeg
2025-11-19 09:59:08,641 - hunyuan_podcast.upload_client - INFO -   Headers: productId=已设置, client_id=已设置, Authorization=已设置
2025-11-19 09:59:08,641 - hunyuan_podcast.upload_client - INFO - 上传尝试 1: 连接超时=30秒, 读取超时=无限制 (文件大小: 9.98 MB)
2025-11-19 09:59:08,643 - hunyuan_podcast.upload_client - INFO - 流式上传模式（文件大小: 9.98 MB, chunk_size: 1024 KB）
2025-11-19 09:59:10,861 - hunyuan_podcast.upload_client - INFO - 上传进度: 50.1% (5.00/9.98 MB), 速度: 2.25 MB/s
2025-11-19 09:59:13,275 - hunyuan_podcast.upload_client - INFO - 上传进度: 100.0% (9.98/9.98 MB), 速度: 2.15 MB/s
2025-11-19 09:59:14,430 - hunyuan_podcast.upload_client - INFO - 上传响应: status_code=200, 耗时: 5.79秒, 速度: 1.72 MB/s
2025-11-19 09:59:14,432 - hunyuan_podcast.upload_client - INFO -   响应头: {'Date': 'Wed, 19 Nov 2025 01:59:13 GMT', 'Content-Type': 'text/plain', 'Transfer-Encoding': 'chunked', 'Connection': 'keep-alive', 'X-Agc-Trace-Id': '2bbd00f4-46b3-4c81-a26a-4c3eef0ca9fd', 'Server': 'elb'}
2025-11-19 09:59:14,435 - hunyuan_podcast.upload_client - INFO - 上传响应内容: {"uploadStatus":"finalize","fileInfo":{"storageArea":"CN","createTime":"2025-11-19T01:59:08Z","updateTime":"2025-11-19T01:59:08Z","contentType":"audio\/mpeg","name":"music\/career\/podcast-smooth-jazz-fashion-stylish-music-249305.mp3","size":10460682,"cacheControl":"no-cache, no-store, must-revalidate","bucket":"podcasters-y0qig","storageType":"STANDARD"}}
2025-11-19 09:59:14,435 - hunyuan_podcast.upload_client - INFO - 上传成功！
2025-11-19 09:59:14,454 - hunyuan_podcast.upload_client - INFO - 上传到 AGC: https://ops-server-drcn.agcstorage.link/v0/podcasters-y0qig/music/career/storytelling-podcast-vibe-118024.mp3
2025-11-19 09:59:14,455 - hunyuan_podcast.upload_client - INFO -   文件大小: 4280738 bytes (4.08 MB)
2025-11-19 09:59:14,455 - hunyuan_podcast.upload_client - INFO -   Content-Length: 4280738
2025-11-19 09:59:14,456 - hunyuan_podcast.upload_client - INFO -   X-Agc-Content-Type: audio/mpeg
2025-11-19 09:59:14,456 - hunyuan_podcast.upload_client - INFO -   Headers: productId=已设置, client_id=已设置, Authorization=已设置
2025-11-19 09:59:14,457 - hunyuan_podcast.upload_client - INFO - 上传尝试 1: 连接超时=30秒, 读取超时=无限制 (文件大小: 4.08 MB)
2025-11-19 09:59:14,459 - hunyuan_podcast.upload_client - INFO - 流式上传模式（文件大小: 4.08 MB, chunk_size: 512 KB）
2025-11-19 09:59:16,619 - hunyuan_podcast.upload_client - INFO - 上传进度: 100.0% (4.08/4.08 MB), 速度: 1.89 MB/s
2025-11-19 09:59:17,541 - hunyuan_podcast.upload_client - INFO - 上传响应: status_code=200, 耗时: 3.08秒, 速度: 1.32 MB/s
2025-11-19 09:59:17,542 - hunyuan_podcast.upload_client - INFO -   响应头: {'Date': 'Wed, 19 Nov 2025 01:59:17 GMT', 'Content-Type': 'text/plain', 'Transfer-Encoding': 'chunked', 'Connection': 'keep-alive', 'X-Agc-Trace-Id': 'bd51fea5-b07c-44b7-bf59-1c0e71bc53aa', 'Server': 'elb'}
2025-11-19 09:59:17,542 - hunyuan_podcast.upload_client - INFO - 上传响应内容: {"uploadStatus":"finalize","fileInfo":{"storageArea":"CN","createTime":"2025-11-19T01:59:14Z","updateTime":"2025-11-19T01:59:14Z","contentType":"audio\/mpeg","name":"music\/career\/storytelling-podcast-vibe-118024.mp3","size":4280738,"cacheControl":"no-cache, no-store, must-revalidate","bucket":"podcasters-y0qig","storageType":"STANDARD"}}
2025-11-19 09:59:17,546 - hunyuan_podcast.upload_client - INFO - 上传成功！
2025-11-19 09:59:17,564 - hunyuan_podcast.upload_client - INFO - 上传到 AGC: https://ops-server-drcn.agcstorage.link/v0/podcasters-y0qig/music/comedy/american-cartoon-418307.mp3
2025-11-19 09:59:17,567 - hunyuan_podcast.upload_client - INFO -   文件大小: 665856 bytes (0.64 MB)
2025-11-19 09:59:17,567 - hunyuan_podcast.upload_client - INFO -   Content-Length: 665856
2025-11-19 09:59:17,568 - hunyuan_podcast.upload_client - INFO -   X-Agc-Content-Type: audio/mpeg
2025-11-19 09:59:17,568 - hunyuan_podcast.upload_client - INFO -   Headers: productId=已设置, client_id=已设置, Authorization=已设置
2025-11-19 09:59:17,568 - hunyuan_podcast.upload_client - INFO - 上传尝试 1: 连接超时=30秒, 读取超时=无限制 (文件大小: 0.64 MB)
2025-11-19 09:59:17,569 - hunyuan_podcast.upload_client - INFO - 流式上传模式（文件大小: 0.64 MB, chunk_size: 256 KB）
2025-11-19 09:59:18,928 - hunyuan_podcast.upload_client - INFO - 上传响应: status_code=200, 耗时: 1.36秒, 速度: 0.47 MB/s
2025-11-19 09:59:18,930 - hunyuan_podcast.upload_client - INFO -   响应头: {'Date': 'Wed, 19 Nov 2025 01:59:18 GMT', 'Content-Type': 'text/plain', 'Transfer-Encoding': 'chunked', 'Connection': 'keep-alive', 'X-Agc-Trace-Id': 'baa486d3-c01b-4c2b-86d7-af1d28a4d3d0', 'Server': 'elb'}
2025-11-19 09:59:18,931 - hunyuan_podcast.upload_client - INFO - 上传响应内容: {"uploadStatus":"finalize","fileInfo":{"size":665856,"cacheControl":"no-cache, no-store, must-revalidate","updateTime":"2025-11-19T01:59:17Z","name":"music\/comedy\/american-cartoon-418307.mp3","bucket":"podcasters-y0qig","storageArea":"CN","storageType":"STANDARD","createTime":"2025-11-19T01:59:17Z","contentType":"audio\/mpeg"}}
2025-11-19 09:59:18,931 - hunyuan_podcast.upload_client - INFO - 上传成功！
2025-11-19 09:59:18,935 - hunyuan_podcast.upload_client - INFO - 上传到 AGC: https://ops-server-drcn.agcstorage.link/v0/podcasters-y0qig/music/comedy/comedy-funny-background-music-284429.mp3
2025-11-19 09:59:18,936 - hunyuan_podcast.upload_client - INFO -   文件大小: 3177325 bytes (3.03 MB)
2025-11-19 09:59:18,937 - hunyuan_podcast.upload_client - INFO -   Content-Length: 3177325
2025-11-19 09:59:18,937 - hunyuan_podcast.upload_client - INFO -   X-Agc-Content-Type: audio/mpeg
2025-11-19 09:59:18,938 - hunyuan_podcast.upload_client - INFO -   Headers: productId=已设置, client_id=已设置, Authorization=已设置
2025-11-19 09:59:18,939 - hunyuan_podcast.upload_client - INFO - 上传尝试 1: 连接超时=30秒, 读取超时=无限制 (文件大小: 3.03 MB)
2025-11-19 09:59:18,941 - hunyuan_podcast.upload_client - INFO - 流式上传模式（文件大小: 3.03 MB, chunk_size: 512 KB）
2025-11-19 09:59:21,542 - hunyuan_podcast.upload_client - INFO - 上传响应: status_code=200, 耗时: 2.60秒, 速度: 1.16 MB/s
2025-11-19 09:59:21,545 - hunyuan_podcast.upload_client - INFO -   响应头: {'Date': 'Wed, 19 Nov 2025 01:59:20 GMT', 'Content-Type': 'text/plain', 'Transfer-Encoding': 'chunked', 'Connection': 'keep-alive', 'X-Agc-Trace-Id': '87cd7bfb-9701-471b-972e-3dbc0b64885c', 'Server': 'elb'}
2025-11-19 09:59:21,549 - hunyuan_podcast.upload_client - INFO - 上传响应内容: {"uploadStatus":"finalize","fileInfo":{"storageArea":"CN","createTime":"2025-11-19T01:59:19Z","updateTime":"2025-11-19T01:59:19Z","contentType":"audio\/mpeg","name":"music\/comedy\/comedy-funny-background-music-284429.mp3","size":3177325,"cacheControl":"no-cache, no-store, must-revalidate","bucket":"podcasters-y0qig","storageType":"STANDARD"}}
2025-11-19 09:59:21,549 - hunyuan_podcast.upload_client - INFO - 上传成功！
2025-11-19 09:59:21,554 - hunyuan_podcast.upload_client - INFO - 上传到 AGC: https://ops-server-drcn.agcstorage.link/v0/podcasters-y0qig/music/emotion/emotional-141472.mp3
2025-11-19 09:59:21,555 - hunyuan_podcast.upload_client - INFO -   文件大小: 5281332 bytes (5.04 MB)
2025-11-19 09:59:21,559 - hunyuan_podcast.upload_client - INFO -   Content-Length: 5281332
2025-11-19 09:59:21,560 - hunyuan_podcast.upload_client - INFO -   X-Agc-Content-Type: audio/mpeg
2025-11-19 09:59:21,561 - hunyuan_podcast.upload_client - INFO -   Headers: productId=已设置, client_id=已设置, Authorization=已设置
2025-11-19 09:59:21,561 - hunyuan_podcast.upload_client - INFO - 上传尝试 1: 连接超时=30秒, 读取超时=无限制 (文件大小: 5.04 MB)
2025-11-19 09:59:21,564 - hunyuan_podcast.upload_client - INFO - 流式上传模式（文件大小: 5.04 MB, chunk_size: 1024 KB）
2025-11-19 09:59:23,434 - hunyuan_podcast.upload_client - INFO - 上传响应: status_code=200, 耗时: 1.87秒, 速度: 2.69 MB/s
2025-11-19 09:59:23,434 - hunyuan_podcast.upload_client - INFO -   响应头: {'Date': 'Wed, 19 Nov 2025 01:59:22 GMT', 'Content-Type': 'text/plain', 'Transfer-Encoding': 'chunked', 'Connection': 'keep-alive', 'X-Agc-Trace-Id': 'ceddfc62-e06d-44a7-b9a2-1f7fff96405d', 'Server': 'elb'}
2025-11-19 09:59:23,435 - hunyuan_podcast.upload_client - INFO - 上传响应内容: {"uploadStatus":"finalize","fileInfo":{"storageArea":"CN","createTime":"2025-11-19T01:59:21Z","updateTime":"2025-11-19T01:59:21Z","contentType":"audio\/mpeg","name":"music\/emotion\/emotional-141472.mp3","size":5281332,"cacheControl":"no-cache, no-store, must-revalidate","bucket":"podcasters-y0qig","storageType":"STANDARD"}}
2025-11-19 09:59:23,436 - hunyuan_podcast.upload_client - INFO - 上传成功！
2025-11-19 09:59:23,443 - hunyuan_podcast.upload_client - INFO - 上传到 AGC: https://ops-server-drcn.agcstorage.link/v0/podcasters-y0qig/music/emotion/emotional-emotional-inspiring-piano-music-340311.mp3
2025-11-19 09:59:23,444 - hunyuan_podcast.upload_client - INFO -   文件大小: 10785854 bytes (10.29 MB)
2025-11-19 09:59:23,445 - hunyuan_podcast.upload_client - INFO -   Content-Length: 10785854
2025-11-19 09:59:23,446 - hunyuan_podcast.upload_client - INFO -   X-Agc-Content-Type: audio/mpeg
2025-11-19 09:59:23,446 - hunyuan_podcast.upload_client - INFO -   Headers: productId=已设置, client_id=已设置, Authorization=已设置
2025-11-19 09:59:23,446 - hunyuan_podcast.upload_client - INFO - 上传尝试 1: 连接超时=30秒, 读取超时=无限制 (文件大小: 10.29 MB)
2025-11-19 09:59:23,447 - hunyuan_podcast.upload_client - INFO - 流式上传模式（文件大小: 10.29 MB, chunk_size: 1024 KB）
2025-11-19 09:59:26,080 - hunyuan_podcast.upload_client - INFO - 上传进度: 29.2% (3.00/10.29 MB), 速度: 1.14 MB/s
2025-11-19 09:59:28,797 - hunyuan_podcast.upload_client - INFO - 上传进度: 48.6% (5.00/10.29 MB), 速度: 0.93 MB/s
2025-11-19 09:59:34,013 - hunyuan_podcast.upload_client - INFO - 上传进度: 68.1% (7.00/10.29 MB), 速度: 0.66 MB/s
2025-11-19 09:59:37,316 - hunyuan_podcast.upload_client - INFO - 上传进度: 77.8% (8.00/10.29 MB), 速度: 0.58 MB/s
2025-11-19 09:59:40,016 - hunyuan_podcast.upload_client - INFO - 上传进度: 87.5% (9.00/10.29 MB), 速度: 0.54 MB/s
2025-11-19 09:59:42,457 - hunyuan_podcast.upload_client - INFO - 上传进度: 97.2% (10.00/10.29 MB), 速度: 0.53 MB/s
2025-11-19 09:59:48,012 - hunyuan_podcast.upload_client - INFO - 上传响应: status_code=200, 耗时: 24.57秒, 速度: 0.42 MB/s
2025-11-19 09:59:48,017 - hunyuan_podcast.upload_client - INFO -   响应头: {'Date': 'Wed, 19 Nov 2025 01:59:47 GMT', 'Content-Type': 'text/plain', 'Transfer-Encoding': 'chunked', 'Connection': 'keep-alive', 'X-Agc-Trace-Id': 'a5290283-f4ef-4c7e-be80-35cf336e53f8', 'Server': 'elb'}
2025-11-19 09:59:48,018 - hunyuan_podcast.upload_client - INFO - 上传响应内容: {"uploadStatus":"finalize","fileInfo":{"size":10785854,"cacheControl":"no-cache, no-store, must-revalidate","updateTime":"2025-11-19T01:59:23Z","name":"music\/emotion\/emotional-emotional-inspiring-piano-music-340311.mp3","bucket":"podcasters-y0qig","storageArea":"CN","storageType":"STANDARD","createTime":"2025-11-19T01:59:23Z","contentType":"audio\/mpeg"}}
2025-11-19 09:59:48,018 - hunyuan_podcast.upload_client - INFO - 上传成功！
2025-11-19 09:59:48,024 - hunyuan_podcast.upload_client - INFO - 上传到 AGC: https://ops-server-drcn.agcstorage.link/v0/podcasters-y0qig/music/emotion/emotional-piano-347304.mp3
2025-11-19 09:59:48,025 - hunyuan_podcast.upload_client - INFO -   文件大小: 4206341 bytes (4.01 MB)
2025-11-19 09:59:48,026 - hunyuan_podcast.upload_client - INFO -   Content-Length: 4206341
2025-11-19 09:59:48,026 - hunyuan_podcast.upload_client - INFO -   X-Agc-Content-Type: audio/mpeg
2025-11-19 09:59:48,026 - hunyuan_podcast.upload_client - INFO -   Headers: productId=已设置, client_id=已设置, Authorization=已设置
2025-11-19 09:59:48,031 - hunyuan_podcast.upload_client - INFO - 上传尝试 1: 连接超时=30秒, 读取超时=无限制 (文件大小: 4.01 MB)
2025-11-19 09:59:48,034 - hunyuan_podcast.upload_client - INFO - 流式上传模式（文件大小: 4.01 MB, chunk_size: 512 KB）
2025-11-19 09:59:50,322 - hunyuan_podcast.upload_client - INFO - 上传进度: 49.9% (2.00/4.01 MB), 速度: 0.87 MB/s
2025-11-19 09:59:53,050 - hunyuan_podcast.upload_client - INFO - 上传进度: 87.2% (3.50/4.01 MB), 速度: 0.70 MB/s
2025-11-19 09:59:55,827 - hunyuan_podcast.upload_client - INFO - 上传响应: status_code=200, 耗时: 7.79秒, 速度: 0.51 MB/s
2025-11-19 09:59:55,827 - hunyuan_podcast.upload_client - INFO -   响应头: {'Date': 'Wed, 19 Nov 2025 01:59:55 GMT', 'Content-Type': 'text/plain', 'Transfer-Encoding': 'chunked', 'Connection': 'keep-alive', 'X-Agc-Trace-Id': 'a5c02502-8e12-43dc-9d47-07669ce97568', 'Server': 'elb'}
2025-11-19 09:59:55,827 - hunyuan_podcast.upload_client - INFO - 上传响应内容: {"uploadStatus":"finalize","fileInfo":{"storageArea":"CN","createTime":"2025-11-19T01:59:47Z","updateTime":"2025-11-19T01:59:47Z","contentType":"audio\/mpeg","name":"music\/emotion\/emotional-piano-347304.mp3","size":4206341,"cacheControl":"no-cache, no-store, must-revalidate","bucket":"podcasters-y0qig","storageType":"STANDARD"}}
2025-11-19 09:59:55,828 - hunyuan_podcast.upload_client - INFO - 上传成功！
2025-11-19 09:59:55,830 - hunyuan_podcast.upload_client - INFO - 上传到 AGC: https://ops-server-drcn.agcstorage.link/v0/podcasters-y0qig/music/emotion/emotional-solo-piano-166032.mp3
2025-11-19 09:59:55,830 - hunyuan_podcast.upload_client - INFO -   文件大小: 4063399 bytes (3.88 MB)
2025-11-19 09:59:55,830 - hunyuan_podcast.upload_client - INFO -   Content-Length: 4063399
2025-11-19 09:59:55,830 - hunyuan_podcast.upload_client - INFO -   X-Agc-Content-Type: audio/mpeg
2025-11-19 09:59:55,830 - hunyuan_podcast.upload_client - INFO -   Headers: productId=已设置, client_id=已设置, Authorization=已设置
2025-11-19 09:59:55,831 - hunyuan_podcast.upload_client - INFO - 上传尝试 1: 连接超时=30秒, 读取超时=无限制 (文件大小: 3.88 MB)
2025-11-19 09:59:55,831 - hunyuan_podcast.upload_client - INFO - 流式上传模式（文件大小: 3.88 MB, chunk_size: 512 KB）
2025-11-19 09:59:57,891 - hunyuan_podcast.upload_client - INFO - 上传响应: status_code=200, 耗时: 2.06秒, 速度: 1.88 MB/s
2025-11-19 09:59:57,892 - hunyuan_podcast.upload_client - INFO -   响应头: {'Date': 'Wed, 19 Nov 2025 01:59:57 GMT', 'Content-Type': 'text/plain', 'Transfer-Encoding': 'chunked', 'Connection': 'keep-alive', 'X-Agc-Trace-Id': 'e56569be-e33f-4bd5-9d48-09da59e0fc1b', 'Server': 'elb'}
2025-11-19 09:59:57,892 - hunyuan_podcast.upload_client - INFO - 上传响应内容: {"uploadStatus":"finalize","fileInfo":{"storageArea":"CN","createTime":"2025-11-19T01:59:55Z","updateTime":"2025-11-19T01:59:55Z","contentType":"audio\/mpeg","name":"music\/emotion\/emotional-solo-piano-166032.mp3","size":4063399,"cacheControl":"no-cache, no-store, must-revalidate","bucket":"podcasters-y0qig","storageType":"STANDARD"}}
2025-11-19 09:59:57,893 - hunyuan_podcast.upload_client - INFO - 上传成功！
2025-11-19 09:59:57,895 - hunyuan_podcast.upload_client - INFO - 上传到 AGC: https://ops-server-drcn.agcstorage.link/v0/podcasters-y0qig/music/emotion/podcast-interview-music-409220.mp3
2025-11-19 09:59:57,896 - hunyuan_podcast.upload_client - INFO -   文件大小: 5607340 bytes (5.35 MB)
2025-11-19 09:59:57,896 - hunyuan_podcast.upload_client - INFO -   Content-Length: 5607340
2025-11-19 09:59:57,896 - hunyuan_podcast.upload_client - INFO -   X-Agc-Content-Type: audio/mpeg
2025-11-19 09:59:57,896 - hunyuan_podcast.upload_client - INFO -   Headers: productId=已设置, client_id=已设置, Authorization=已设置
2025-11-19 09:59:57,896 - hunyuan_podcast.upload_client - INFO - 上传尝试 1: 连接超时=30秒, 读取超时=无限制 (文件大小: 5.35 MB)
2025-11-19 09:59:57,897 - hunyuan_podcast.upload_client - INFO - 流式上传模式（文件大小: 5.35 MB, chunk_size: 1024 KB）
2025-11-19 10:00:00,179 - hunyuan_podcast.upload_client - INFO - 上传响应: status_code=200, 耗时: 2.28秒, 速度: 2.34 MB/s
2025-11-19 10:00:00,179 - hunyuan_podcast.upload_client - INFO -   响应头: {'Date': 'Wed, 19 Nov 2025 01:59:59 GMT', 'Content-Type': 'text/plain', 'Transfer-Encoding': 'chunked', 'Connection': 'keep-alive', 'X-Agc-Trace-Id': '3ce973ab-91a3-45f8-b48a-8eb890a4dc0a', 'Server': 'elb'}
2025-11-19 10:00:00,179 - hunyuan_podcast.upload_client - INFO - 上传响应内容: {"uploadStatus":"finalize","fileInfo":{"storageArea":"CN","createTime":"2025-11-19T01:59:57Z","updateTime":"2025-11-19T01:59:57Z","contentType":"audio\/mpeg","name":"music\/emotion\/podcast-interview-music-409220.mp3","size":5607340,"cacheControl":"no-cache, no-store, must-revalidate","bucket":"podcasters-y0qig","storageType":"STANDARD"}}
2025-11-19 10:00:00,179 - hunyuan_podcast.upload_client - INFO - 上传成功！
2025-11-19 10:00:00,183 - hunyuan_podcast.upload_client - INFO - 上传到 AGC: https://ops-server-drcn.agcstorage.link/v0/podcasters-y0qig/music/emotion/podcast-interview-youtube-music-413275.mp3
2025-11-19 10:00:00,183 - hunyuan_podcast.upload_client - INFO -   文件大小: 5763657 bytes (5.50 MB)
2025-11-19 10:00:00,183 - hunyuan_podcast.upload_client - INFO -   Content-Length: 5763657
2025-11-19 10:00:00,183 - hunyuan_podcast.upload_client - INFO -   X-Agc-Content-Type: audio/mpeg
2025-11-19 10:00:00,183 - hunyuan_podcast.upload_client - INFO -   Headers: productId=已设置, client_id=已设置, Authorization=已设置
2025-11-19 10:00:00,183 - hunyuan_podcast.upload_client - INFO - 上传尝试 1: 连接超时=30秒, 读取超时=无限制 (文件大小: 5.50 MB)
2025-11-19 10:00:00,184 - hunyuan_podcast.upload_client - INFO - 流式上传模式（文件大小: 5.50 MB, chunk_size: 1024 KB）
2025-11-19 10:00:02,475 - hunyuan_podcast.upload_client - INFO - 上传响应: status_code=200, 耗时: 2.29秒, 速度: 2.40 MB/s
2025-11-19 10:00:02,475 - hunyuan_podcast.upload_client - INFO -   响应头: {'Date': 'Wed, 19 Nov 2025 02:00:02 GMT', 'Content-Type': 'text/plain', 'Transfer-Encoding': 'chunked', 'Connection': 'keep-alive', 'X-Agc-Trace-Id': '308ff60f-0326-4bdf-b66e-fd73b605758f', 'Server': 'elb'}
2025-11-19 10:00:02,475 - hunyuan_podcast.upload_client - INFO - 上传响应内容: {"uploadStatus":"finalize","fileInfo":{"size":5763657,"cacheControl":"no-cache, no-store, must-revalidate","updateTime":"2025-11-19T02:00:00Z","name":"music\/emotion\/podcast-interview-youtube-music-413275.mp3","bucket":"podcasters-y0qig","storageArea":"CN","storageType":"STANDARD","createTime":"2025-11-19T02:00:00Z","contentType":"audio\/mpeg"}}
2025-11-19 10:00:02,475 - hunyuan_podcast.upload_client - INFO - 上传成功！
2025-11-19 10:00:02,477 - hunyuan_podcast.upload_client - INFO - 上传到 AGC: https://ops-server-drcn.agcstorage.link/v0/podcasters-y0qig/music/fashion_beauty/forever-226243.mp3
2025-11-19 10:00:02,479 - hunyuan_podcast.upload_client - INFO -   文件大小: 5875968 bytes (5.60 MB)
2025-11-19 10:00:02,479 - hunyuan_podcast.upload_client - INFO -   Content-Length: 5875968
2025-11-19 10:00:02,479 - hunyuan_podcast.upload_client - INFO -   X-Agc-Content-Type: audio/mpeg
2025-11-19 10:00:02,479 - hunyuan_podcast.upload_client - INFO -   Headers: productId=已设置, client_id=已设置, Authorization=已设置
2025-11-19 10:00:02,479 - hunyuan_podcast.upload_client - INFO - 上传尝试 1: 连接超时=30秒, 读取超时=无限制 (文件大小: 5.60 MB)
2025-11-19 10:00:02,479 - hunyuan_podcast.upload_client - INFO - 流式上传模式（文件大小: 5.60 MB, chunk_size: 1024 KB）
2025-11-19 10:00:04,810 - hunyuan_podcast.upload_client - INFO - 上传进度: 71.4% (4.00/5.60 MB), 速度: 1.72 MB/s
2025-11-19 10:00:08,489 - hunyuan_podcast.upload_client - INFO - 上传响应: status_code=200, 耗时: 6.01秒, 速度: 0.93 MB/s
2025-11-19 10:00:08,490 - hunyuan_podcast.upload_client - INFO -   响应头: {'Date': 'Wed, 19 Nov 2025 02:00:08 GMT', 'Content-Type': 'text/plain', 'Transfer-Encoding': 'chunked', 'Connection': 'keep-alive', 'X-Agc-Trace-Id': '433e95de-909f-4970-869d-0f2164c67c94', 'Server': 'elb'}
2025-11-19 10:00:08,490 - hunyuan_podcast.upload_client - INFO - 上传响应内容: {"uploadStatus":"finalize","fileInfo":{"size":5875968,"cacheControl":"no-cache, no-store, must-revalidate","updateTime":"2025-11-19T02:00:02Z","name":"music\/fashion_beauty\/forever-226243.mp3","bucket":"podcasters-y0qig","storageArea":"CN","storageType":"STANDARD","createTime":"2025-11-19T02:00:02Z","contentType":"audio\/mpeg"}}
2025-11-19 10:00:08,490 - hunyuan_podcast.upload_client - INFO - 上传成功！
2025-11-19 10:00:08,494 - hunyuan_podcast.upload_client - INFO - 上传到 AGC: https://ops-server-drcn.agcstorage.link/v0/podcasters-y0qig/music/fashion_beauty/youx27re-beautiful_long-197078.mp3
2025-11-19 10:00:08,494 - hunyuan_podcast.upload_client - INFO -   文件大小: 5071516 bytes (4.84 MB)
2025-11-19 10:00:08,494 - hunyuan_podcast.upload_client - INFO -   Content-Length: 5071516
2025-11-19 10:00:08,495 - hunyuan_podcast.upload_client - INFO -   X-Agc-Content-Type: audio/mpeg
2025-11-19 10:00:08,495 - hunyuan_podcast.upload_client - INFO -   Headers: productId=已设置, client_id=已设置, Authorization=已设置
2025-11-19 10:00:08,496 - hunyuan_podcast.upload_client - INFO - 上传尝试 1: 连接超时=30秒, 读取超时=无限制 (文件大小: 4.84 MB)
2025-11-19 10:00:08,496 - hunyuan_podcast.upload_client - INFO - 流式上传模式（文件大小: 4.84 MB, chunk_size: 512 KB）
2025-11-19 10:00:10,659 - hunyuan_podcast.upload_client - INFO - 上传进度: 62.0% (3.00/4.84 MB), 速度: 1.39 MB/s
2025-11-19 10:00:13,342 - hunyuan_podcast.upload_client - INFO - 上传进度: 100.0% (4.84/4.84 MB), 速度: 1.00 MB/s
2025-11-19 10:00:15,878 - hunyuan_podcast.upload_client - INFO - 上传响应: status_code=200, 耗时: 7.38秒, 速度: 0.66 MB/s
2025-11-19 10:00:15,879 - hunyuan_podcast.upload_client - INFO -   响应头: {'Date': 'Wed, 19 Nov 2025 02:00:15 GMT', 'Content-Type': 'text/plain', 'Transfer-Encoding': 'chunked', 'Connection': 'keep-alive', 'X-Agc-Trace-Id': '83f5c8b3-5ddd-4957-8618-012f4625b0f5', 'Server': 'elb'}
2025-11-19 10:00:15,880 - hunyuan_podcast.upload_client - INFO - 上传响应内容: {"uploadStatus":"finalize","fileInfo":{"size":5071516,"cacheControl":"no-cache, no-store, must-revalidate","updateTime":"2025-11-19T02:00:08Z","name":"music\/fashion_beauty\/youx27re-beautiful_long-197078.mp3","bucket":"podcasters-y0qig","storageArea":"CN","storageType":"STANDARD","createTime":"2025-11-19T02:00:08Z","contentType":"audio\/mpeg"}}
2025-11-19 10:00:15,880 - hunyuan_podcast.upload_client - INFO - 上传成功！
2025-11-19 10:00:15,882 - hunyuan_podcast.upload_client - INFO - 上传到 AGC: https://ops-server-drcn.agcstorage.link/v0/podcasters-y0qig/music/film/emotional-cinematic_medium-2-186760.mp3
2025-11-19 10:00:15,883 - hunyuan_podcast.upload_client - INFO -   文件大小: 3031875 bytes (2.89 MB)
2025-11-19 10:00:15,883 - hunyuan_podcast.upload_client - INFO -   Content-Length: 3031875
2025-11-19 10:00:15,883 - hunyuan_podcast.upload_client - INFO -   X-Agc-Content-Type: audio/mpeg
2025-11-19 10:00:15,883 - hunyuan_podcast.upload_client - INFO -   Headers: productId=已设置, client_id=已设置, Authorization=已设置
2025-11-19 10:00:15,883 - hunyuan_podcast.upload_client - INFO - 上传尝试 1: 连接超时=30秒, 读取超时=无限制 (文件大小: 2.89 MB)
2025-11-19 10:00:15,884 - hunyuan_podcast.upload_client - INFO - 流式上传模式（文件大小: 2.89 MB, chunk_size: 512 KB）
2025-11-19 10:00:18,016 - hunyuan_podcast.upload_client - INFO - 上传进度: 100.0% (2.89/2.89 MB), 速度: 1.36 MB/s
2025-11-19 10:00:20,415 - hunyuan_podcast.upload_client - INFO - 上传响应: status_code=200, 耗时: 4.53秒, 速度: 0.64 MB/s
2025-11-19 10:00:20,416 - hunyuan_podcast.upload_client - INFO -   响应头: {'Date': 'Wed, 19 Nov 2025 02:00:19 GMT', 'Content-Type': 'text/plain', 'Transfer-Encoding': 'chunked', 'Connection': 'keep-alive', 'X-Agc-Trace-Id': '5deebb87-c98d-4d28-8d77-ef2470babcbb', 'Server': 'elb'}
2025-11-19 10:00:20,416 - hunyuan_podcast.upload_client - INFO - 上传响应内容: {"uploadStatus":"finalize","fileInfo":{"storageArea":"CN","createTime":"2025-11-19T02:00:15Z","updateTime":"2025-11-19T02:00:15Z","contentType":"audio\/mpeg","name":"music\/film\/emotional-cinematic_medium-2-186760.mp3","size":3031875,"cacheControl":"no-cache, no-store, must-revalidate","bucket":"podcasters-y0qig","storageType":"STANDARD"}}
2025-11-19 10:00:20,416 - hunyuan_podcast.upload_client - INFO - 上传成功！
2025-11-19 10:00:20,419 - hunyuan_podcast.upload_client - INFO - 上传到 AGC: https://ops-server-drcn.agcstorage.link/v0/podcasters-y0qig/music/film/grows-rebellion-423514.mp3
2025-11-19 10:00:20,419 - hunyuan_podcast.upload_client - INFO -   文件大小: 3421413 bytes (3.26 MB)
2025-11-19 10:00:20,419 - hunyuan_podcast.upload_client - INFO -   Content-Length: 3421413
2025-11-19 10:00:20,419 - hunyuan_podcast.upload_client - INFO -   X-Agc-Content-Type: audio/mpeg
2025-11-19 10:00:20,420 - hunyuan_podcast.upload_client - INFO -   Headers: productId=已设置, client_id=已设置, Authorization=已设置
2025-11-19 10:00:20,420 - hunyuan_podcast.upload_client - INFO - 上传尝试 1: 连接超时=30秒, 读取超时=无限制 (文件大小: 3.26 MB)
2025-11-19 10:00:20,420 - hunyuan_podcast.upload_client - INFO - 流式上传模式（文件大小: 3.26 MB, chunk_size: 512 KB）
2025-11-19 10:00:22,391 - hunyuan_podcast.upload_client - INFO - 上传响应: status_code=200, 耗时: 1.97秒, 速度: 1.66 MB/s
2025-11-19 10:00:22,391 - hunyuan_podcast.upload_client - INFO -   响应头: {'Date': 'Wed, 19 Nov 2025 02:00:21 GMT', 'Content-Type': 'text/plain', 'Transfer-Encoding': 'chunked', 'Connection': 'keep-alive', 'X-Agc-Trace-Id': 'ee613e80-10c6-4f1d-914a-0596f3bb192e', 'Server': 'elb'}
2025-11-19 10:00:22,391 - hunyuan_podcast.upload_client - INFO - 上传响应内容: {"uploadStatus":"finalize","fileInfo":{"size":3421413,"cacheControl":"no-cache, no-store, must-revalidate","updateTime":"2025-11-19T02:00:20Z","name":"music\/film\/grows-rebellion-423514.mp3","bucket":"podcasters-y0qig","storageArea":"CN","storageType":"STANDARD","createTime":"2025-11-19T02:00:20Z","contentType":"audio\/mpeg"}}
2025-11-19 10:00:22,392 - hunyuan_podcast.upload_client - INFO - 上传成功！
2025-11-19 10:00:22,393 - hunyuan_podcast.upload_client - INFO - 上传到 AGC: https://ops-server-drcn.agcstorage.link/v0/podcasters-y0qig/music/film/the-walk-235251.mp3
2025-11-19 10:00:22,393 - hunyuan_podcast.upload_client - INFO -   文件大小: 2778592 bytes (2.65 MB)
2025-11-19 10:00:22,394 - hunyuan_podcast.upload_client - INFO -   Content-Length: 2778592
2025-11-19 10:00:22,394 - hunyuan_podcast.upload_client - INFO -   X-Agc-Content-Type: audio/mpeg
2025-11-19 10:00:22,394 - hunyuan_podcast.upload_client - INFO -   Headers: productId=已设置, client_id=已设置, Authorization=已设置
2025-11-19 10:00:22,394 - hunyuan_podcast.upload_client - INFO - 上传尝试 1: 连接超时=30秒, 读取超时=无限制 (文件大小: 2.65 MB)
2025-11-19 10:00:22,394 - hunyuan_podcast.upload_client - INFO - 流式上传模式（文件大小: 2.65 MB, chunk_size: 512 KB）
2025-11-19 10:00:24,147 - hunyuan_podcast.upload_client - INFO - 上传响应: status_code=200, 耗时: 1.75秒, 速度: 1.51 MB/s
2025-11-19 10:00:24,148 - hunyuan_podcast.upload_client - INFO -   响应头: {'Date': 'Wed, 19 Nov 2025 02:00:23 GMT', 'Content-Type': 'text/plain', 'Transfer-Encoding': 'chunked', 'Connection': 'keep-alive', 'X-Agc-Trace-Id': 'ad635f6a-3bf7-4db8-8c2c-a56f60eb335a', 'Server': 'elb'}
2025-11-19 10:00:24,148 - hunyuan_podcast.upload_client - INFO - 上传响应内容: {"fileInfo":{"storageArea":"CN","bucket":"podcasters-y0qig","createTime":"2025-11-19T02:00:22Z","updateTime":"2025-11-19T02:00:22Z","contentType":"audio\/mpeg","name":"music\/film\/the-walk-235251.mp3","cacheControl":"no-cache, no-store, must-revalidate","storageType":"STANDARD","size":2778592},"uploadStatus":"finalize"}
2025-11-19 10:00:24,148 - hunyuan_podcast.upload_client - INFO - 上传成功！
2025-11-19 10:00:24,151 - hunyuan_podcast.upload_client - INFO - 上传到 AGC: https://ops-server-drcn.agcstorage.link/v0/podcasters-y0qig/music/health_fitness/innovate-corporate-comercial-403520.mp3
2025-11-19 10:00:24,151 - hunyuan_podcast.upload_client - INFO -   文件大小: 4803187 bytes (4.58 MB)
2025-11-19 10:00:24,152 - hunyuan_podcast.upload_client - INFO -   Content-Length: 4803187
2025-11-19 10:00:24,152 - hunyuan_podcast.upload_client - INFO -   X-Agc-Content-Type: audio/mpeg
2025-11-19 10:00:24,153 - hunyuan_podcast.upload_client - INFO -   Headers: productId=已设置, client_id=已设置, Authorization=已设置
2025-11-19 10:00:24,153 - hunyuan_podcast.upload_client - INFO - 上传尝试 1: 连接超时=30秒, 读取超时=无限制 (文件大小: 4.58 MB)
2025-11-19 10:00:24,153 - hunyuan_podcast.upload_client - INFO - 流式上传模式（文件大小: 4.58 MB, chunk_size: 512 KB）
2025-11-19 10:00:26,254 - hunyuan_podcast.upload_client - INFO - 上传进度: 98.2% (4.50/4.58 MB), 速度: 2.14 MB/s
2025-11-19 10:00:27,216 - hunyuan_podcast.upload_client - INFO - 上传响应: status_code=200, 耗时: 3.06秒, 速度: 1.50 MB/s
2025-11-19 10:00:27,216 - hunyuan_podcast.upload_client - INFO -   响应头: {'Date': 'Wed, 19 Nov 2025 02:00:26 GMT', 'Content-Type': 'text/plain', 'Transfer-Encoding': 'chunked', 'Connection': 'keep-alive', 'X-Agc-Trace-Id': '0532589f-56ec-402a-bfc3-a46d9b5351cb', 'Server': 'elb'}
2025-11-19 10:00:27,217 - hunyuan_podcast.upload_client - INFO - 上传响应内容: {"uploadStatus":"finalize","fileInfo":{"storageArea":"CN","createTime":"2025-11-19T02:00:24Z","updateTime":"2025-11-19T02:00:24Z","contentType":"audio\/mpeg","name":"music\/health_fitness\/innovate-corporate-comercial-403520.mp3","size":4803187,"cacheControl":"no-cache, no-store, must-revalidate","bucket":"podcasters-y0qig","storageType":"STANDARD"}}
2025-11-19 10:00:27,217 - hunyuan_podcast.upload_client - INFO - 上传成功！
2025-11-19 10:00:27,219 - hunyuan_podcast.upload_client - INFO - 上传到 AGC: https://ops-server-drcn.agcstorage.link/v0/podcasters-y0qig/music/health_fitness/kiss-of-autumn-instrumental-background-music-for-video-vlog-60-sec-407610.mp3
2025-11-19 10:00:27,219 - hunyuan_podcast.upload_client - INFO -   文件大小: 2006204 bytes (1.91 MB)
2025-11-19 10:00:27,219 - hunyuan_podcast.upload_client - INFO -   Content-Length: 2006204
2025-11-19 10:00:27,219 - hunyuan_podcast.upload_client - INFO -   X-Agc-Content-Type: audio/mpeg
2025-11-19 10:00:27,219 - hunyuan_podcast.upload_client - INFO -   Headers: productId=已设置, client_id=已设置, Authorization=已设置
2025-11-19 10:00:27,221 - hunyuan_podcast.upload_client - INFO - 上传尝试 1: 连接超时=30秒, 读取超时=无限制 (文件大小: 1.91 MB)
2025-11-19 10:00:27,221 - hunyuan_podcast.upload_client - INFO - 流式上传模式（文件大小: 1.91 MB, chunk_size: 512 KB）
2025-11-19 10:00:33,280 - hunyuan_podcast.upload_client - INFO - 上传响应: status_code=200, 耗时: 6.06秒, 速度: 0.32 MB/s
2025-11-19 10:00:33,281 - hunyuan_podcast.upload_client - INFO -   响应头: {'Date': 'Wed, 19 Nov 2025 02:00:32 GMT', 'Content-Type': 'text/plain', 'Transfer-Encoding': 'chunked', 'Connection': 'keep-alive', 'X-Agc-Trace-Id': '4b6c8daf-d3ee-43f1-855e-a24868b20575', 'Server': 'elb'}
2025-11-19 10:00:33,282 - hunyuan_podcast.upload_client - INFO - 上传响应内容: {"uploadStatus":"finalize","fileInfo":{"size":2006204,"cacheControl":"no-cache, no-store, must-revalidate","updateTime":"2025-11-19T02:00:27Z","name":"music\/health_fitness\/kiss-of-autumn-instrumental-background-music-for-video-vlog-60-sec-407610.mp3","bucket":"podcasters-y0qig","storageArea":"CN","storageType":"STANDARD","createTime":"2025-11-19T02:00:27Z","contentType":"audio\/mpeg"}}
2025-11-19 10:00:33,282 - hunyuan_podcast.upload_client - INFO - 上传成功！
2025-11-19 10:00:33,285 - hunyuan_podcast.upload_client - INFO - 上传到 AGC: https://ops-server-drcn.agcstorage.link/v0/podcasters-y0qig/music/health_fitness/motivation-and-success-396446.mp3
2025-11-19 10:00:33,285 - hunyuan_podcast.upload_client - INFO -   文件大小: 5666690 bytes (5.40 MB)
2025-11-19 10:00:33,285 - hunyuan_podcast.upload_client - INFO -   Content-Length: 5666690
2025-11-19 10:00:33,285 - hunyuan_podcast.upload_client - INFO -   X-Agc-Content-Type: audio/mpeg
2025-11-19 10:00:33,285 - hunyuan_podcast.upload_client - INFO -   Headers: productId=已设置, client_id=已设置, Authorization=已设置
2025-11-19 10:00:33,285 - hunyuan_podcast.upload_client - INFO - 上传尝试 1: 连接超时=30秒, 读取超时=无限制 (文件大小: 5.40 MB)
2025-11-19 10:00:33,286 - hunyuan_podcast.upload_client - INFO - 流式上传模式（文件大小: 5.40 MB, chunk_size: 1024 KB）
2025-11-19 10:00:35,619 - hunyuan_podcast.upload_client - INFO - 上传进度: 100.0% (5.40/5.40 MB), 速度: 2.32 MB/s
2025-11-19 10:00:36,364 - hunyuan_podcast.upload_client - INFO - 上传响应: status_code=200, 耗时: 3.08秒, 速度: 1.76 MB/s
2025-11-19 10:00:36,364 - hunyuan_podcast.upload_client - INFO -   响应头: {'Date': 'Wed, 19 Nov 2025 02:00:35 GMT', 'Content-Type': 'text/plain', 'Transfer-Encoding': 'chunked', 'Connection': 'keep-alive', 'X-Agc-Trace-Id': 'fa88b730-5a9f-4aa3-8685-589c25b35831', 'Server': 'elb'}
2025-11-19 10:00:36,364 - hunyuan_podcast.upload_client - INFO - 上传响应内容: {"uploadStatus":"finalize","fileInfo":{"size":5666690,"cacheControl":"no-cache, no-store, must-revalidate","updateTime":"2025-11-19T02:00:33Z","name":"music\/health_fitness\/motivation-and-success-396446.mp3","bucket":"podcasters-y0qig","storageArea":"CN","storageType":"STANDARD","createTime":"2025-11-19T02:00:33Z","contentType":"audio\/mpeg"}}
2025-11-19 10:00:36,365 - hunyuan_podcast.upload_client - INFO - 上传成功！
2025-11-19 10:00:36,367 - hunyuan_podcast.upload_client - INFO - 上传到 AGC: https://ops-server-drcn.agcstorage.link/v0/podcasters-y0qig/music/life/echo-ai-194740.mp3
2025-11-19 10:00:36,368 - hunyuan_podcast.upload_client - INFO -   文件大小: 2562816 bytes (2.44 MB)
2025-11-19 10:00:36,368 - hunyuan_podcast.upload_client - INFO -   Content-Length: 2562816
2025-11-19 10:00:36,368 - hunyuan_podcast.upload_client - INFO -   X-Agc-Content-Type: audio/mpeg
2025-11-19 10:00:36,368 - hunyuan_podcast.upload_client - INFO -   Headers: productId=已设置, client_id=已设置, Authorization=已设置
2025-11-19 10:00:36,369 - hunyuan_podcast.upload_client - INFO - 上传尝试 1: 连接超时=30秒, 读取超时=无限制 (文件大小: 2.44 MB)
2025-11-19 10:00:36,369 - hunyuan_podcast.upload_client - INFO - 流式上传模式（文件大小: 2.44 MB, chunk_size: 512 KB）
2025-11-19 10:00:38,258 - hunyuan_podcast.upload_client - INFO - 上传响应: status_code=200, 耗时: 1.89秒, 速度: 1.29 MB/s
2025-11-19 10:00:38,259 - hunyuan_podcast.upload_client - INFO -   响应头: {'Date': 'Wed, 19 Nov 2025 02:00:37 GMT', 'Content-Type': 'text/plain', 'Transfer-Encoding': 'chunked', 'Connection': 'keep-alive', 'X-Agc-Trace-Id': '2bc38dfe-1777-49b4-9c56-5c2af955ad12', 'Server': 'elb'}
2025-11-19 10:00:38,259 - hunyuan_podcast.upload_client - INFO - 上传响应内容: {"uploadStatus":"finalize","fileInfo":{"storageArea":"CN","createTime":"2025-11-19T02:00:36Z","updateTime":"2025-11-19T02:00:36Z","contentType":"audio\/mpeg","name":"music\/life\/echo-ai-194740.mp3","size":2562816,"cacheControl":"no-cache, no-store, must-revalidate","bucket":"podcasters-y0qig","storageType":"STANDARD"}}
2025-11-19 10:00:38,259 - hunyuan_podcast.upload_client - INFO - 上传成功！
2025-11-19 10:00:38,262 - hunyuan_podcast.upload_client - INFO - 上传到 AGC: https://ops-server-drcn.agcstorage.link/v0/podcasters-y0qig/music/life/podcast-interview-music-413273.mp3
2025-11-19 10:00:38,262 - hunyuan_podcast.upload_client - INFO -   文件大小: 3716493 bytes (3.54 MB)
2025-11-19 10:00:38,262 - hunyuan_podcast.upload_client - INFO -   Content-Length: 3716493
2025-11-19 10:00:38,264 - hunyuan_podcast.upload_client - INFO -   X-Agc-Content-Type: audio/mpeg
2025-11-19 10:00:38,264 - hunyuan_podcast.upload_client - INFO -   Headers: productId=已设置, client_id=已设置, Authorization=已设置
2025-11-19 10:00:38,264 - hunyuan_podcast.upload_client - INFO - 上传尝试 1: 连接超时=30秒, 读取超时=无限制 (文件大小: 3.54 MB)
2025-11-19 10:00:38,264 - hunyuan_podcast.upload_client - INFO - 流式上传模式（文件大小: 3.54 MB, chunk_size: 512 KB）
2025-11-19 10:00:40,645 - hunyuan_podcast.upload_client - INFO - 上传响应: status_code=200, 耗时: 2.38秒, 速度: 1.49 MB/s
2025-11-19 10:00:40,646 - hunyuan_podcast.upload_client - INFO -   响应头: {'Date': 'Wed, 19 Nov 2025 02:00:40 GMT', 'Content-Type': 'text/plain', 'Transfer-Encoding': 'chunked', 'Connection': 'keep-alive', 'X-Agc-Trace-Id': 'f688b2bf-2c3b-4b7d-bab1-28ac18302919', 'Server': 'elb'}
2025-11-19 10:00:40,647 - hunyuan_podcast.upload_client - INFO - 上传响应内容: {"uploadStatus":"finalize","fileInfo":{"size":3716493,"cacheControl":"no-cache, no-store, must-revalidate","updateTime":"2025-11-19T02:00:38Z","name":"music\/life\/podcast-interview-music-413273.mp3","bucket":"podcasters-y0qig","storageArea":"CN","storageType":"STANDARD","createTime":"2025-11-19T02:00:38Z","contentType":"audio\/mpeg"}}
2025-11-19 10:00:40,647 - hunyuan_podcast.upload_client - INFO - 上传成功！
2025-11-19 10:00:40,650 - hunyuan_podcast.upload_client - INFO - 上传到 AGC: https://ops-server-drcn.agcstorage.link/v0/podcasters-y0qig/music/life/podcast-interview-podcast-music-295052.mp3
2025-11-19 10:00:40,650 - hunyuan_podcast.upload_client - INFO -   文件大小: 4549903 bytes (4.34 MB)
2025-11-19 10:00:40,650 - hunyuan_podcast.upload_client - INFO -   Content-Length: 4549903
2025-11-19 10:00:40,650 - hunyuan_podcast.upload_client - INFO -   X-Agc-Content-Type: audio/mpeg
2025-11-19 10:00:40,651 - hunyuan_podcast.upload_client - INFO -   Headers: productId=已设置, client_id=已设置, Authorization=已设置
2025-11-19 10:00:40,651 - hunyuan_podcast.upload_client - INFO - 上传尝试 1: 连接超时=30秒, 读取超时=无限制 (文件大小: 4.34 MB)
2025-11-19 10:00:40,651 - hunyuan_podcast.upload_client - INFO - 流式上传模式（文件大小: 4.34 MB, chunk_size: 512 KB）
2025-11-19 10:00:43,062 - hunyuan_podcast.upload_client - INFO - 上传响应: status_code=200, 耗时: 2.41秒, 速度: 1.80 MB/s
2025-11-19 10:00:43,062 - hunyuan_podcast.upload_client - INFO -   响应头: {'Date': 'Wed, 19 Nov 2025 02:00:42 GMT', 'Content-Type': 'text/plain', 'Transfer-Encoding': 'chunked', 'Connection': 'keep-alive', 'X-Agc-Trace-Id': 'ebe8ce95-f480-47a2-8d38-a328a18d8e3a', 'Server': 'elb'}
2025-11-19 10:00:43,062 - hunyuan_podcast.upload_client - INFO - 上传响应内容: {"uploadStatus":"finalize","fileInfo":{"size":4549903,"cacheControl":"no-cache, no-store, must-revalidate","updateTime":"2025-11-19T02:00:40Z","name":"music\/life\/podcast-interview-podcast-music-295052.mp3","bucket":"podcasters-y0qig","storageArea":"CN","storageType":"STANDARD","createTime":"2025-11-19T02:00:40Z","contentType":"audio\/mpeg"}}
2025-11-19 10:00:43,063 - hunyuan_podcast.upload_client - INFO - 上传成功！
2025-11-19 10:00:43,065 - hunyuan_podcast.upload_client - INFO - 上传到 AGC: https://ops-server-drcn.agcstorage.link/v0/podcasters-y0qig/music/life/podcast-interview-youtube-music-413275.mp3
2025-11-19 10:00:43,065 - hunyuan_podcast.upload_client - INFO -   文件大小: 5763657 bytes (5.50 MB)
2025-11-19 10:00:43,065 - hunyuan_podcast.upload_client - INFO -   Content-Length: 5763657
2025-11-19 10:00:43,067 - hunyuan_podcast.upload_client - INFO -   X-Agc-Content-Type: audio/mpeg
2025-11-19 10:00:43,067 - hunyuan_podcast.upload_client - INFO -   Headers: productId=已设置, client_id=已设置, Authorization=已设置
2025-11-19 10:00:43,067 - hunyuan_podcast.upload_client - INFO - 上传尝试 1: 连接超时=30秒, 读取超时=无限制 (文件大小: 5.50 MB)
2025-11-19 10:00:43,067 - hunyuan_podcast.upload_client - INFO - 流式上传模式（文件大小: 5.50 MB, chunk_size: 1024 KB）
2025-11-19 10:00:45,366 - hunyuan_podcast.upload_client - INFO - 上传进度: 91.0% (5.00/5.50 MB), 速度: 2.17 MB/s
2025-11-19 10:00:47,107 - hunyuan_podcast.upload_client - INFO - 上传响应: status_code=200, 耗时: 4.04秒, 速度: 1.36 MB/s
2025-11-19 10:00:47,107 - hunyuan_podcast.upload_client - INFO -   响应头: {'Date': 'Wed, 19 Nov 2025 02:00:46 GMT', 'Content-Type': 'text/plain', 'Transfer-Encoding': 'chunked', 'Connection': 'keep-alive', 'X-Agc-Trace-Id': '7cc67c1d-8edb-4894-8f86-fb1f89bea576', 'Server': 'elb'}
2025-11-19 10:00:47,108 - hunyuan_podcast.upload_client - INFO - 上传响应内容: {"uploadStatus":"finalize","fileInfo":{"size":5763657,"cacheControl":"no-cache, no-store, must-revalidate","updateTime":"2025-11-19T02:00:42Z","name":"music\/life\/podcast-interview-youtube-music-413275.mp3","bucket":"podcasters-y0qig","storageArea":"CN","storageType":"STANDARD","createTime":"2025-11-19T02:00:42Z","contentType":"audio\/mpeg"}}
2025-11-19 10:00:47,108 - hunyuan_podcast.upload_client - INFO - 上传成功！
2025-11-19 10:00:47,112 - hunyuan_podcast.upload_client - INFO - 上传到 AGC: https://ops-server-drcn.agcstorage.link/v0/podcasters-y0qig/music/life/presentation-corporate-219493.mp3
2025-11-19 10:00:47,112 - hunyuan_podcast.upload_client - INFO -   文件大小: 4888320 bytes (4.66 MB)
2025-11-19 10:00:47,112 - hunyuan_podcast.upload_client - INFO -   Content-Length: 4888320
2025-11-19 10:00:47,113 - hunyuan_podcast.upload_client - INFO -   X-Agc-Content-Type: audio/mpeg
2025-11-19 10:00:47,113 - hunyuan_podcast.upload_client - INFO -   Headers: productId=已设置, client_id=已设置, Authorization=已设置
2025-11-19 10:00:47,113 - hunyuan_podcast.upload_client - INFO - 上传尝试 1: 连接超时=30秒, 读取超时=无限制 (文件大小: 4.66 MB)
2025-11-19 10:00:47,114 - hunyuan_podcast.upload_client - INFO - 流式上传模式（文件大小: 4.66 MB, chunk_size: 512 KB）
2025-11-19 10:00:49,511 - hunyuan_podcast.upload_client - INFO - 上传响应: status_code=200, 耗时: 2.40秒, 速度: 1.95 MB/s
2025-11-19 10:00:49,511 - hunyuan_podcast.upload_client - INFO -   响应头: {'Date': 'Wed, 19 Nov 2025 02:00:49 GMT', 'Content-Type': 'text/plain', 'Transfer-Encoding': 'chunked', 'Connection': 'keep-alive', 'X-Agc-Trace-Id': '22878ab5-58a8-4c24-bd98-1bb12c1c5388', 'Server': 'elb'}
2025-11-19 10:00:49,512 - hunyuan_podcast.upload_client - INFO - 上传响应内容: {"uploadStatus":"finalize","fileInfo":{"storageArea":"CN","createTime":"2025-11-19T02:00:47Z","updateTime":"2025-11-19T02:00:47Z","contentType":"audio\/mpeg","name":"music\/life\/presentation-corporate-219493.mp3","size":4888320,"cacheControl":"no-cache, no-store, must-revalidate","bucket":"podcasters-y0qig","storageType":"STANDARD"}}
2025-11-19 10:00:49,512 - hunyuan_podcast.upload_client - INFO - 上传成功！
2025-11-19 10:00:49,514 - hunyuan_podcast.upload_client - INFO - 上传到 AGC: https://ops-server-drcn.agcstorage.link/v0/podcasters-y0qig/music/life/soft-background-music-432715.mp3
2025-11-19 10:00:49,514 - hunyuan_podcast.upload_client - INFO -   文件大小: 5935856 bytes (5.66 MB)
2025-11-19 10:00:49,514 - hunyuan_podcast.upload_client - INFO -   Content-Length: 5935856
2025-11-19 10:00:49,514 - hunyuan_podcast.upload_client - INFO -   X-Agc-Content-Type: audio/mpeg
2025-11-19 10:00:49,514 - hunyuan_podcast.upload_client - INFO -   Headers: productId=已设置, client_id=已设置, Authorization=已设置
2025-11-19 10:00:49,514 - hunyuan_podcast.upload_client - INFO - 上传尝试 1: 连接超时=30秒, 读取超时=无限制 (文件大小: 5.66 MB)
2025-11-19 10:00:49,515 - hunyuan_podcast.upload_client - INFO - 流式上传模式（文件大小: 5.66 MB, chunk_size: 1024 KB）
2025-11-19 10:00:52,227 - hunyuan_podcast.upload_client - INFO - 上传响应: status_code=200, 耗时: 2.71秒, 速度: 2.09 MB/s
2025-11-19 10:00:52,227 - hunyuan_podcast.upload_client - INFO -   响应头: {'Date': 'Wed, 19 Nov 2025 02:00:51 GMT', 'Content-Type': 'text/plain', 'Transfer-Encoding': 'chunked', 'Connection': 'keep-alive', 'X-Agc-Trace-Id': 'bf9c1d00-80f2-4109-8818-80aed33c60cc', 'Server': 'elb'}
2025-11-19 10:00:52,227 - hunyuan_podcast.upload_client - INFO - 上传响应内容: {"uploadStatus":"finalize","fileInfo":{"storageArea":"CN","createTime":"2025-11-19T02:00:49Z","updateTime":"2025-11-19T02:00:49Z","contentType":"audio\/mpeg","name":"music\/life\/soft-background-music-432715.mp3","size":5935856,"cacheControl":"no-cache, no-store, must-revalidate","bucket":"podcasters-y0qig","storageType":"STANDARD"}}
2025-11-19 10:00:52,227 - hunyuan_podcast.upload_client - INFO - 上传成功！
2025-11-19 10:00:52,230 - hunyuan_podcast.upload_client - INFO - 上传到 AGC: https://ops-server-drcn.agcstorage.link/v0/podcasters-y0qig/music/life/street-urban-street-lifestyle-music-337469.mp3
2025-11-19 10:00:52,231 - hunyuan_podcast.upload_client - INFO -   文件大小: 4227239 bytes (4.03 MB)
2025-11-19 10:00:52,231 - hunyuan_podcast.upload_client - INFO -   Content-Length: 4227239
2025-11-19 10:00:52,231 - hunyuan_podcast.upload_client - INFO -   X-Agc-Content-Type: audio/mpeg
2025-11-19 10:00:52,231 - hunyuan_podcast.upload_client - INFO -   Headers: productId=已设置, client_id=已设置, Authorization=已设置
2025-11-19 10:00:52,232 - hunyuan_podcast.upload_client - INFO - 上传尝试 1: 连接超时=30秒, 读取超时=无限制 (文件大小: 4.03 MB)
2025-11-19 10:00:52,232 - hunyuan_podcast.upload_client - INFO - 流式上传模式（文件大小: 4.03 MB, chunk_size: 512 KB）
2025-11-19 10:00:54,267 - hunyuan_podcast.upload_client - INFO - 上传进度: 49.6% (2.00/4.03 MB), 速度: 0.98 MB/s
2025-11-19 10:00:57,114 - hunyuan_podcast.upload_client - INFO - 上传进度: 74.4% (3.00/4.03 MB), 速度: 0.61 MB/s
2025-11-19 10:00:59,799 - hunyuan_podcast.upload_client - INFO - 上传进度: 99.2% (4.00/4.03 MB), 速度: 0.53 MB/s
2025-11-19 10:01:02,254 - hunyuan_podcast.upload_client - INFO - 上传响应: status_code=200, 耗时: 10.02秒, 速度: 0.40 MB/s
2025-11-19 10:01:02,255 - hunyuan_podcast.upload_client - INFO -   响应头: {'Date': 'Wed, 19 Nov 2025 02:01:01 GMT', 'Content-Type': 'text/plain', 'Transfer-Encoding': 'chunked', 'Connection': 'keep-alive', 'X-Agc-Trace-Id': '06ffa9be-d2c7-45c1-a239-da2adf5c1d73', 'Server': 'elb'}
2025-11-19 10:01:02,255 - hunyuan_podcast.upload_client - INFO - 上传响应内容: {"uploadStatus":"finalize","fileInfo":{"size":4227239,"cacheControl":"no-cache, no-store, must-revalidate","updateTime":"2025-11-19T02:00:52Z","name":"music\/life\/street-urban-street-lifestyle-music-337469.mp3","bucket":"podcasters-y0qig","storageArea":"CN","storageType":"STANDARD","createTime":"2025-11-19T02:00:52Z","contentType":"audio\/mpeg"}}
2025-11-19 10:01:02,256 - hunyuan_podcast.upload_client - INFO - 上传成功！
2025-11-19 10:01:02,259 - hunyuan_podcast.upload_client - INFO - 上传到 AGC: https://ops-server-drcn.agcstorage.link/v0/podcasters-y0qig/music/life/youtube-intro-291172.mp3
2025-11-19 10:01:02,260 - hunyuan_podcast.upload_client - INFO -   文件大小: 423936 bytes (0.40 MB)
2025-11-19 10:01:02,260 - hunyuan_podcast.upload_client - INFO -   Content-Length: 423936
2025-11-19 10:01:02,261 - hunyuan_podcast.upload_client - INFO -   X-Agc-Content-Type: audio/mpeg
2025-11-19 10:01:02,262 - hunyuan_podcast.upload_client - INFO -   Headers: productId=已设置, client_id=已设置, Authorization=已设置
2025-11-19 10:01:02,262 - hunyuan_podcast.upload_client - INFO - 上传尝试 1: 连接超时=30秒, 读取超时=无限制 (文件大小: 0.40 MB)
2025-11-19 10:01:02,262 - hunyuan_podcast.upload_client - INFO - 流式上传模式（文件大小: 0.40 MB, chunk_size: 256 KB）
2025-11-19 10:01:03,332 - hunyuan_podcast.upload_client - INFO - 上传响应: status_code=200, 耗时: 1.07秒, 速度: 0.38 MB/s
2025-11-19 10:01:03,332 - hunyuan_podcast.upload_client - INFO -   响应头: {'Date': 'Wed, 19 Nov 2025 02:01:02 GMT', 'Content-Type': 'text/plain', 'Transfer-Encoding': 'chunked', 'Connection': 'keep-alive', 'X-Agc-Trace-Id': '905ed215-682b-4f37-8057-c0a5ebc05a63', 'Server': 'elb'}
2025-11-19 10:01:03,332 - hunyuan_podcast.upload_client - INFO - 上传响应内容: {"uploadStatus":"finalize","fileInfo":{"storageArea":"CN","createTime":"2025-11-19T02:01:02Z","updateTime":"2025-11-19T02:01:02Z","contentType":"audio\/mpeg","name":"music\/life\/youtube-intro-291172.mp3","size":423936,"cacheControl":"no-cache, no-store, must-revalidate","bucket":"podcasters-y0qig","storageType":"STANDARD"}}
2025-11-19 10:01:03,333 - hunyuan_podcast.upload_client - INFO - 上传成功！
2025-11-19 10:01:03,336 - hunyuan_podcast.upload_client - INFO - 上传到 AGC: https://ops-server-drcn.agcstorage.link/v0/podcasters-y0qig/music/news/flash-news-195940.mp3
2025-11-19 10:01:03,337 - hunyuan_podcast.upload_client - INFO -   文件大小: 1946018 bytes (1.86 MB)
2025-11-19 10:01:03,337 - hunyuan_podcast.upload_client - INFO -   Content-Length: 1946018
2025-11-19 10:01:03,337 - hunyuan_podcast.upload_client - INFO -   X-Agc-Content-Type: audio/mpeg
2025-11-19 10:01:03,337 - hunyuan_podcast.upload_client - INFO -   Headers: productId=已设置, client_id=已设置, Authorization=已设置
2025-11-19 10:01:03,337 - hunyuan_podcast.upload_client - INFO - 上传尝试 1: 连接超时=30秒, 读取超时=无限制 (文件大小: 1.86 MB)
2025-11-19 10:01:03,337 - hunyuan_podcast.upload_client - INFO - 流式上传模式（文件大小: 1.86 MB, chunk_size: 512 KB）
2025-11-19 10:01:05,440 - hunyuan_podcast.upload_client - INFO - 上传响应: status_code=200, 耗时: 2.10秒, 速度: 0.88 MB/s
2025-11-19 10:01:05,441 - hunyuan_podcast.upload_client - INFO -   响应头: {'Date': 'Wed, 19 Nov 2025 02:01:04 GMT', 'Content-Type': 'text/plain', 'Transfer-Encoding': 'chunked', 'Connection': 'keep-alive', 'X-Agc-Trace-Id': '44f9d1d5-ad86-4305-8640-299f5441e286', 'Server': 'elb'}
2025-11-19 10:01:05,441 - hunyuan_podcast.upload_client - INFO - 上传响应内容: {"uploadStatus":"finalize","fileInfo":{"size":1946018,"cacheControl":"no-cache, no-store, must-revalidate","updateTime":"2025-11-19T02:01:03Z","name":"music\/news\/flash-news-195940.mp3","bucket":"podcasters-y0qig","storageArea":"CN","storageType":"STANDARD","createTime":"2025-11-19T02:01:03Z","contentType":"audio\/mpeg"}}
2025-11-19 10:01:05,442 - hunyuan_podcast.upload_client - INFO - 上传成功！
2025-11-19 10:01:05,445 - hunyuan_podcast.upload_client - INFO - 上传到 AGC: https://ops-server-drcn.agcstorage.link/v0/podcasters-y0qig/music/news/flash-news-orchestral-buildup-to-climax-version-423970.mp3
2025-11-19 10:01:05,445 - hunyuan_podcast.upload_client - INFO -   文件大小: 1936822 bytes (1.85 MB)
2025-11-19 10:01:05,445 - hunyuan_podcast.upload_client - INFO -   Content-Length: 1936822
2025-11-19 10:01:05,445 - hunyuan_podcast.upload_client - INFO -   X-Agc-Content-Type: audio/mpeg
2025-11-19 10:01:05,445 - hunyuan_podcast.upload_client - INFO -   Headers: productId=已设置, client_id=已设置, Authorization=已设置
2025-11-19 10:01:05,446 - hunyuan_podcast.upload_client - INFO - 上传尝试 1: 连接超时=30秒, 读取超时=无限制 (文件大小: 1.85 MB)
2025-11-19 10:01:05,446 - hunyuan_podcast.upload_client - INFO - 流式上传模式（文件大小: 1.85 MB, chunk_size: 512 KB）
2025-11-19 10:01:07,228 - hunyuan_podcast.upload_client - INFO - 上传响应: status_code=200, 耗时: 1.78秒, 速度: 1.04 MB/s
2025-11-19 10:01:07,228 - hunyuan_podcast.upload_client - INFO -   响应头: {'Date': 'Wed, 19 Nov 2025 02:01:06 GMT', 'Content-Type': 'text/plain', 'Transfer-Encoding': 'chunked', 'Connection': 'keep-alive', 'X-Agc-Trace-Id': '2bbfee31-b132-4dd3-8adb-2cb3203da6ec', 'Server': 'elb'}
2025-11-19 10:01:07,229 - hunyuan_podcast.upload_client - INFO - 上传响应内容: {"uploadStatus":"finalize","fileInfo":{"size":1936822,"cacheControl":"no-cache, no-store, must-revalidate","updateTime":"2025-11-19T02:01:05Z","name":"music\/news\/flash-news-orchestral-buildup-to-climax-version-423970.mp3","bucket":"podcasters-y0qig","storageArea":"CN","storageType":"STANDARD","createTime":"2025-11-19T02:01:05Z","contentType":"audio\/mpeg"}}
2025-11-19 10:01:07,229 - hunyuan_podcast.upload_client - INFO - 上传成功！
2025-11-19 10:01:07,232 - hunyuan_podcast.upload_client - INFO - 上传到 AGC: https://ops-server-drcn.agcstorage.link/v0/podcasters-y0qig/music/news/modern-news-intro-theme-with-steady-electronic-percussion-free-music-390514.mp3
2025-11-19 10:01:07,232 - hunyuan_podcast.upload_client - INFO -   文件大小: 3229440 bytes (3.08 MB)
2025-11-19 10:01:07,232 - hunyuan_podcast.upload_client - INFO -   Content-Length: 3229440
2025-11-19 10:01:07,233 - hunyuan_podcast.upload_client - INFO -   X-Agc-Content-Type: audio/mpeg
2025-11-19 10:01:07,233 - hunyuan_podcast.upload_client - INFO -   Headers: productId=已设置, client_id=已设置, Authorization=已设置
2025-11-19 10:01:07,233 - hunyuan_podcast.upload_client - INFO - 上传尝试 1: 连接超时=30秒, 读取超时=无限制 (文件大小: 3.08 MB)
2025-11-19 10:01:07,233 - hunyuan_podcast.upload_client - INFO - 流式上传模式（文件大小: 3.08 MB, chunk_size: 512 KB）
2025-11-19 10:01:09,861 - hunyuan_podcast.upload_client - INFO - 上传进度: 97.4% (3.00/3.08 MB), 速度: 1.14 MB/s
2025-11-19 10:01:12,251 - hunyuan_podcast.upload_client - INFO - 上传响应: status_code=200, 耗时: 5.02秒, 速度: 0.61 MB/s
2025-11-19 10:01:12,251 - hunyuan_podcast.upload_client - INFO -   响应头: {'Date': 'Wed, 19 Nov 2025 02:01:11 GMT', 'Content-Type': 'text/plain', 'Transfer-Encoding': 'chunked', 'Connection': 'keep-alive', 'X-Agc-Trace-Id': 'c4b1e117-ca83-4363-ab35-19e14a340aa7', 'Server': 'elb'}
2025-11-19 10:01:12,251 - hunyuan_podcast.upload_client - INFO - 上传响应内容: {"uploadStatus":"finalize","fileInfo":{"size":3229440,"cacheControl":"no-cache, no-store, must-revalidate","updateTime":"2025-11-19T02:01:07Z","name":"music\/news\/modern-news-intro-theme-with-steady-electronic-percussion-free-music-390514.mp3","bucket":"podcasters-y0qig","storageArea":"CN","storageType":"STANDARD","createTime":"2025-11-19T02:01:07Z","contentType":"audio\/mpeg"}}
2025-11-19 10:01:12,252 - hunyuan_podcast.upload_client - INFO - 上传成功！
2025-11-19 10:01:12,254 - hunyuan_podcast.upload_client - INFO - 上传到 AGC: https://ops-server-drcn.agcstorage.link/v0/podcasters-y0qig/music/news/motivation-and-success-396446.mp3
2025-11-19 10:01:12,254 - hunyuan_podcast.upload_client - INFO -   文件大小: 5666690 bytes (5.40 MB)
2025-11-19 10:01:12,254 - hunyuan_podcast.upload_client - INFO -   Content-Length: 5666690
2025-11-19 10:01:12,255 - hunyuan_podcast.upload_client - INFO -   X-Agc-Content-Type: audio/mpeg
2025-11-19 10:01:12,255 - hunyuan_podcast.upload_client - INFO -   Headers: productId=已设置, client_id=已设置, Authorization=已设置
2025-11-19 10:01:12,255 - hunyuan_podcast.upload_client - INFO - 上传尝试 1: 连接超时=30秒, 读取超时=无限制 (文件大小: 5.40 MB)
2025-11-19 10:01:12,256 - hunyuan_podcast.upload_client - INFO - 流式上传模式（文件大小: 5.40 MB, chunk_size: 1024 KB）
2025-11-19 10:01:16,244 - hunyuan_podcast.upload_client - INFO - 上传进度: 55.5% (3.00/5.40 MB), 速度: 0.75 MB/s
2025-11-19 10:01:21,156 - hunyuan_podcast.upload_client - INFO - 上传进度: 74.0% (4.00/5.40 MB), 速度: 0.45 MB/s
2025-11-19 10:01:46,185 - hunyuan_podcast.upload_client - ERROR - 上传失败 (attempt 1): HTTPSConnectionPool(host='ops-server-drcn.agcstorage.link', port=443): Max retries exceeded with url: /v0/podcasters-y0qig/music/news/motivation-and-success-396446.mp3 (Caused by SSLError(SSLEOFError(8, 'EOF occurred in violation of protocol (_ssl.c:2384)')))
2025-11-19 10:01:46,186 - hunyuan_podcast.upload_client - WARNING -   0.5s 后重试（无重试次数限制，将持续重试直到成功）...
2025-11-19 10:01:46,698 - hunyuan_podcast.upload_client - INFO - 上传尝试 2: 连接超时=30秒, 读取超时=无限制 (文件大小: 5.40 MB)
2025-11-19 10:01:46,699 - hunyuan_podcast.upload_client - INFO - 流式上传模式（文件大小: 5.40 MB, chunk_size: 1024 KB）
2025-11-19 10:02:07,766 - hunyuan_podcast.upload_client - ERROR - 上传失败 (attempt 2): HTTPSConnectionPool(host='ops-server-drcn.agcstorage.link', port=443): Max retries exceeded with url: /v0/podcasters-y0qig/music/news/motivation-and-success-396446.mp3 (Caused by NewConnectionError('<urllib3.connection.HTTPSConnection object at 0x000002279341CB50>: Failed to establish a new connection: [WinError 10065] 套接字操作尝试一个无法连接的主机。'))
2025-11-19 10:02:07,767 - hunyuan_podcast.upload_client - WARNING -   1.0s 后重试（无重试次数限制，将持续重试直到成功）...
2025-11-19 10:02:08,771 - hunyuan_podcast.upload_client - INFO - 上传尝试 3: 连接超时=30秒, 读取超时=无限制 (文件大小: 5.40 MB)
2025-11-19 10:02:08,771 - hunyuan_podcast.upload_client - INFO - 流式上传模式（文件大小: 5.40 MB, chunk_size: 1024 KB）
2025-11-19 10:02:08,773 - hunyuan_podcast.upload_client - ERROR - 上传失败 (attempt 3): HTTPSConnectionPool(host='ops-server-drcn.agcstorage.link', port=443): Max retries exceeded with url: /v0/podcasters-y0qig/music/news/motivation-and-success-396446.mp3 (Caused by NameResolutionError("<urllib3.connection.HTTPSConnection object at 0x000002279341D300>: Failed to resolve 'ops-server-drcn.agcstorage.link' ([Errno 11001] getaddrinfo failed)"))
2025-11-19 10:02:08,773 - hunyuan_podcast.upload_client - WARNING -   2.0s 后重试（无重试次数限制，将持续重试直到成功）...
2025-11-19 10:02:10,778 - hunyuan_podcast.upload_client - INFO - 上传尝试 4: 连接超时=30秒, 读取超时=无限制 (文件大小: 5.40 MB)
2025-11-19 10:02:10,779 - hunyuan_podcast.upload_client - INFO - 流式上传模式（文件大小: 5.40 MB, chunk_size: 1024 KB）
2025-11-19 10:02:10,792 - hunyuan_podcast.upload_client - ERROR - 上传失败 (attempt 4): HTTPSConnectionPool(host='ops-server-drcn.agcstorage.link', port=443): Max retries exceeded with url: /v0/podcasters-y0qig/music/news/motivation-and-success-396446.mp3 (Caused by NameResolutionError("<urllib3.connection.HTTPSConnection object at 0x0000022793367400>: Failed to resolve 'ops-server-drcn.agcstorage.link' ([Errno 11001] getaddrinfo failed)"))
2025-11-19 10:02:10,792 - hunyuan_podcast.upload_client - WARNING -   4.0s 后重试（无重试次数限制，将持续重试直到成功）...
2025-11-19 10:02:14,793 - hunyuan_podcast.upload_client - INFO - 上传尝试 5: 连接超时=30秒, 读取超时=无限制 (文件大小: 5.40 MB)
2025-11-19 10:02:14,795 - hunyuan_podcast.upload_client - INFO - 流式上传模式（文件大小: 5.40 MB, chunk_size: 1024 KB）
2025-11-19 10:02:14,798 - hunyuan_podcast.upload_client - ERROR - 上传失败 (attempt 5): HTTPSConnectionPool(host='ops-server-drcn.agcstorage.link', port=443): Max retries exceeded with url: /v0/podcasters-y0qig/music/news/motivation-and-success-396446.mp3 (Caused by NameResolutionError("<urllib3.connection.HTTPSConnection object at 0x000002279341C970>: Failed to resolve 'ops-server-drcn.agcstorage.link' ([Errno 11001] getaddrinfo failed)"))
2025-11-19 10:02:14,798 - hunyuan_podcast.upload_client - WARNING -   8.0s 后重试（无重试次数限制，将持续重试直到成功）...
2025-11-19 10:02:22,813 - hunyuan_podcast.upload_client - INFO - 上传尝试 6: 连接超时=30秒, 读取超时=无限制 (文件大小: 5.40 MB)
2025-11-19 10:02:22,813 - hunyuan_podcast.upload_client - INFO - 流式上传模式（文件大小: 5.40 MB, chunk_size: 1024 KB）
2025-11-19 10:02:22,817 - hunyuan_podcast.upload_client - ERROR - 上传失败 (attempt 6): HTTPSConnectionPool(host='ops-server-drcn.agcstorage.link', port=443): Max retries exceeded with url: /v0/podcasters-y0qig/music/news/motivation-and-success-396446.mp3 (Caused by NameResolutionError("<urllib3.connection.HTTPSConnection object at 0x000002279341D960>: Failed to resolve 'ops-server-drcn.agcstorage.link' ([Errno 11001] getaddrinfo failed)"))
2025-11-19 10:02:22,818 - hunyuan_podcast.upload_client - WARNING -   16.0s 后重试（无重试次数限制，将持续重试直到成功）...
2025-11-19 10:02:38,824 - hunyuan_podcast.upload_client - INFO - 上传尝试 7: 连接超时=30秒, 读取超时=无限制 (文件大小: 5.40 MB)
2025-11-19 10:02:38,824 - hunyuan_podcast.upload_client - INFO - 流式上传模式（文件大小: 5.40 MB, chunk_size: 1024 KB）
2025-11-19 10:02:38,828 - hunyuan_podcast.upload_client - ERROR - 上传失败 (attempt 7): HTTPSConnectionPool(host='ops-server-drcn.agcstorage.link', port=443): Max retries exceeded with url: /v0/podcasters-y0qig/music/news/motivation-and-success-396446.mp3 (Caused by NameResolutionError("<urllib3.connection.HTTPSConnection object at 0x000002279341E0E0>: Failed to resolve 'ops-server-drcn.agcstorage.link' ([Errno 11001] getaddrinfo failed)"))
2025-11-19 10:02:38,828 - hunyuan_podcast.upload_client - WARNING -   32.0s 后重试（无重试次数限制，将持续重试直到成功）...
2025-11-19 10:03:10,835 - hunyuan_podcast.upload_client - INFO - 上传尝试 8: 连接超时=30秒, 读取超时=无限制 (文件大小: 5.40 MB)
2025-11-19 10:03:10,836 - hunyuan_podcast.upload_client - INFO - 流式上传模式（文件大小: 5.40 MB, chunk_size: 1024 KB）
2025-11-19 10:03:13,307 - hunyuan_podcast.upload_client - INFO - 上传响应: status_code=200, 耗时: 2.47秒, 速度: 2.19 MB/s
2025-11-19 10:03:13,308 - hunyuan_podcast.upload_client - INFO -   响应头: {'Date': 'Wed, 19 Nov 2025 02:03:12 GMT', 'Content-Type': 'text/plain', 'Transfer-Encoding': 'chunked', 'Connection': 'keep-alive', 'X-Agc-Trace-Id': 'e2815a77-825d-4b57-abc3-8a965e787d88', 'Server': 'elb'}
2025-11-19 10:03:13,308 - hunyuan_podcast.upload_client - INFO - 上传响应内容: {"uploadStatus":"finalize","fileInfo":{"storageArea":"CN","createTime":"2025-11-19T02:03:11Z","updateTime":"2025-11-19T02:03:11Z","contentType":"audio\/mpeg","name":"music\/news\/motivation-and-success-396446.mp3","size":5666690,"cacheControl":"no-cache, no-store, must-revalidate","bucket":"podcasters-y0qig","storageType":"STANDARD"}}
2025-11-19 10:03:13,309 - hunyuan_podcast.upload_client - INFO - 上传成功！
2025-11-19 10:03:13,310 - hunyuan_podcast.upload_client - INFO - 上传到 AGC: https://ops-server-drcn.agcstorage.link/v0/podcasters-y0qig/music/news/news-149157.mp3
2025-11-19 10:03:13,310 - hunyuan_podcast.upload_client - INFO -   文件大小: 1537253 bytes (1.47 MB)
2025-11-19 10:03:13,310 - hunyuan_podcast.upload_client - INFO -   Content-Length: 1537253
2025-11-19 10:03:13,310 - hunyuan_podcast.upload_client - INFO -   X-Agc-Content-Type: audio/mpeg
2025-11-19 10:03:13,310 - hunyuan_podcast.upload_client - INFO -   Headers: productId=已设置, client_id=已设置, Authorization=已设置
2025-11-19 10:03:13,310 - hunyuan_podcast.upload_client - INFO - 上传尝试 1: 连接超时=30秒, 读取超时=无限制 (文件大小: 1.47 MB)
2025-11-19 10:03:13,311 - hunyuan_podcast.upload_client - INFO - 流式上传模式（文件大小: 1.47 MB, chunk_size: 512 KB）
2025-11-19 10:03:14,204 - hunyuan_podcast.upload_client - INFO - 上传响应: status_code=200, 耗时: 0.89秒, 速度: 1.64 MB/s
2025-11-19 10:03:14,206 - hunyuan_podcast.upload_client - INFO -   响应头: {'Date': 'Wed, 19 Nov 2025 02:03:13 GMT', 'Content-Type': 'text/plain', 'Transfer-Encoding': 'chunked', 'Connection': 'keep-alive', 'X-Agc-Trace-Id': 'b93f6c0b-b72b-43bd-ba9b-43018a73c674', 'Server': 'elb'}
2025-11-19 10:03:14,206 - hunyuan_podcast.upload_client - INFO - 上传响应内容: {"uploadStatus":"finalize","fileInfo":{"storageArea":"CN","createTime":"2025-11-19T02:03:13Z","updateTime":"2025-11-19T02:03:13Z","contentType":"audio\/mpeg","name":"music\/news\/news-149157.mp3","size":1537253,"cacheControl":"no-cache, no-store, must-revalidate","bucket":"podcasters-y0qig","storageType":"STANDARD"}}
2025-11-19 10:03:14,206 - hunyuan_podcast.upload_client - INFO - 上传成功！
2025-11-19 10:03:14,208 - hunyuan_podcast.upload_client - INFO - 上传到 AGC: https://ops-server-drcn.agcstorage.link/v0/podcasters-y0qig/music/news/news-flash-action-rock-report-245796.mp3
2025-11-19 10:03:14,208 - hunyuan_podcast.upload_client - INFO -   文件大小: 3097913 bytes (2.95 MB)
2025-11-19 10:03:14,208 - hunyuan_podcast.upload_client - INFO -   Content-Length: 3097913
2025-11-19 10:03:14,208 - hunyuan_podcast.upload_client - INFO -   X-Agc-Content-Type: audio/mpeg
2025-11-19 10:03:14,208 - hunyuan_podcast.upload_client - INFO -   Headers: productId=已设置, client_id=已设置, Authorization=已设置
2025-11-19 10:03:14,208 - hunyuan_podcast.upload_client - INFO - 上传尝试 1: 连接超时=30秒, 读取超时=无限制 (文件大小: 2.95 MB)
2025-11-19 10:03:14,209 - hunyuan_podcast.upload_client - INFO - 流式上传模式（文件大小: 2.95 MB, chunk_size: 512 KB）
2025-11-19 10:03:14,891 - hunyuan_podcast.upload_client - INFO - 上传响应: status_code=200, 耗时: 0.68秒, 速度: 4.33 MB/s
2025-11-19 10:03:14,891 - hunyuan_podcast.upload_client - INFO -   响应头: {'Date': 'Wed, 19 Nov 2025 02:03:14 GMT', 'Content-Type': 'text/plain', 'Transfer-Encoding': 'chunked', 'Connection': 'keep-alive', 'X-Agc-Trace-Id': '35bdfb81-46a6-4e7f-9bea-12d86585acde', 'Server': 'elb'}
2025-11-19 10:03:14,892 - hunyuan_podcast.upload_client - INFO - 上传响应内容: {"uploadStatus":"finalize","fileInfo":{"size":3097913,"cacheControl":"no-cache, no-store, must-revalidate","updateTime":"2025-11-19T02:03:13Z","name":"music\/news\/news-flash-action-rock-report-245796.mp3","bucket":"podcasters-y0qig","storageArea":"CN","storageType":"STANDARD","createTime":"2025-11-19T02:03:13Z","contentType":"audio\/mpeg"}}
2025-11-19 10:03:14,892 - hunyuan_podcast.upload_client - INFO - 上传成功！
2025-11-19 10:03:14,894 - hunyuan_podcast.upload_client - INFO - 上传到 AGC: https://ops-server-drcn.agcstorage.link/v0/podcasters-y0qig/music/news/podcast-interview-podcast-music-295052.mp3
2025-11-19 10:03:14,894 - hunyuan_podcast.upload_client - INFO -   文件大小: 4549903 bytes (4.34 MB)
2025-11-19 10:03:14,895 - hunyuan_podcast.upload_client - INFO -   Content-Length: 4549903
2025-11-19 10:03:14,895 - hunyuan_podcast.upload_client - INFO -   X-Agc-Content-Type: audio/mpeg
2025-11-19 10:03:14,895 - hunyuan_podcast.upload_client - INFO -   Headers: productId=已设置, client_id=已设置, Authorization=已设置
2025-11-19 10:03:14,895 - hunyuan_podcast.upload_client - INFO - 上传尝试 1: 连接超时=30秒, 读取超时=无限制 (文件大小: 4.34 MB)
2025-11-19 10:03:14,896 - hunyuan_podcast.upload_client - INFO - 流式上传模式（文件大小: 4.34 MB, chunk_size: 512 KB）
2025-11-19 10:03:15,762 - hunyuan_podcast.upload_client - INFO - 上传响应: status_code=200, 耗时: 0.87秒, 速度: 5.01 MB/s
2025-11-19 10:03:15,763 - hunyuan_podcast.upload_client - INFO -   响应头: {'Date': 'Wed, 19 Nov 2025 02:03:15 GMT', 'Content-Type': 'text/plain', 'Transfer-Encoding': 'chunked', 'Connection': 'keep-alive', 'X-Agc-Trace-Id': 'fa90f9db-6984-457c-9a68-ea0f1839f41a', 'Server': 'elb'}
2025-11-19 10:03:15,763 - hunyuan_podcast.upload_client - INFO - 上传响应内容: {"uploadStatus":"finalize","fileInfo":{"size":4549903,"cacheControl":"no-cache, no-store, must-revalidate","updateTime":"2025-11-19T02:03:14Z","name":"music\/news\/podcast-interview-podcast-music-295052.mp3","bucket":"podcasters-y0qig","storageArea":"CN","storageType":"STANDARD","createTime":"2025-11-19T02:03:14Z","contentType":"audio\/mpeg"}}
2025-11-19 10:03:15,764 - hunyuan_podcast.upload_client - INFO - 上传成功！
2025-11-19 10:03:15,767 - hunyuan_podcast.upload_client - INFO - 上传到 AGC: https://ops-server-drcn.agcstorage.link/v0/podcasters-y0qig/music/news/podcast-interview-youtube-music-413275.mp3
2025-11-19 10:03:15,767 - hunyuan_podcast.upload_client - INFO -   文件大小: 5763657 bytes (5.50 MB)
2025-11-19 10:03:15,767 - hunyuan_podcast.upload_client - INFO -   Content-Length: 5763657
2025-11-19 10:03:15,767 - hunyuan_podcast.upload_client - INFO -   X-Agc-Content-Type: audio/mpeg
2025-11-19 10:03:15,769 - hunyuan_podcast.upload_client - INFO -   Headers: productId=已设置, client_id=已设置, Authorization=已设置
2025-11-19 10:03:15,769 - hunyuan_podcast.upload_client - INFO - 上传尝试 1: 连接超时=30秒, 读取超时=无限制 (文件大小: 5.50 MB)
2025-11-19 10:03:15,769 - hunyuan_podcast.upload_client - INFO - 流式上传模式（文件大小: 5.50 MB, chunk_size: 1024 KB）
2025-11-19 10:03:16,614 - hunyuan_podcast.upload_client - INFO - 上传响应: status_code=200, 耗时: 0.85秒, 速度: 6.50 MB/s
2025-11-19 10:03:16,615 - hunyuan_podcast.upload_client - INFO -   响应头: {'Date': 'Wed, 19 Nov 2025 02:03:16 GMT', 'Content-Type': 'text/plain', 'Transfer-Encoding': 'chunked', 'Connection': 'keep-alive', 'X-Agc-Trace-Id': '64c0e459-2947-4643-aa1a-8df30d33c344', 'Server': 'elb'}
2025-11-19 10:03:16,615 - hunyuan_podcast.upload_client - INFO - 上传响应内容: {"uploadStatus":"finalize","fileInfo":{"size":5763657,"cacheControl":"no-cache, no-store, must-revalidate","updateTime":"2025-11-19T02:03:15Z","name":"music\/news\/podcast-interview-youtube-music-413275.mp3","bucket":"podcasters-y0qig","storageArea":"CN","storageType":"STANDARD","createTime":"2025-11-19T02:03:15Z","contentType":"audio\/mpeg"}}
2025-11-19 10:03:16,615 - hunyuan_podcast.upload_client - INFO - 上传成功！
2025-11-19 10:03:16,617 - hunyuan_podcast.upload_client - INFO - 上传到 AGC: https://ops-server-drcn.agcstorage.link/v0/podcasters-y0qig/music/news/positive-news-287263.mp3
2025-11-19 10:03:16,617 - hunyuan_podcast.upload_client - INFO -   文件大小: 4498912 bytes (4.29 MB)
2025-11-19 10:03:16,617 - hunyuan_podcast.upload_client - INFO -   Content-Length: 4498912
2025-11-19 10:03:16,617 - hunyuan_podcast.upload_client - INFO -   X-Agc-Content-Type: audio/mpeg
2025-11-19 10:03:16,618 - hunyuan_podcast.upload_client - INFO -   Headers: productId=已设置, client_id=已设置, Authorization=已设置
2025-11-19 10:03:16,618 - hunyuan_podcast.upload_client - INFO - 上传尝试 1: 连接超时=30秒, 读取超时=无限制 (文件大小: 4.29 MB)
2025-11-19 10:03:16,618 - hunyuan_podcast.upload_client - INFO - 流式上传模式（文件大小: 4.29 MB, chunk_size: 512 KB）
2025-11-19 10:03:17,517 - hunyuan_podcast.upload_client - INFO - 上传响应: status_code=200, 耗时: 0.90秒, 速度: 4.77 MB/s
2025-11-19 10:03:17,518 - hunyuan_podcast.upload_client - INFO -   响应头: {'Date': 'Wed, 19 Nov 2025 02:03:17 GMT', 'Content-Type': 'text/plain', 'Transfer-Encoding': 'chunked', 'Connection': 'keep-alive', 'X-Agc-Trace-Id': '1f63d380-7c6d-45ed-a8ff-4134ff5f0fa0', 'Server': 'elb'}
2025-11-19 10:03:17,518 - hunyuan_podcast.upload_client - INFO - 上传响应内容: {"uploadStatus":"finalize","fileInfo":{"size":4498912,"cacheControl":"no-cache, no-store, must-revalidate","updateTime":"2025-11-19T02:03:16Z","name":"music\/news\/positive-news-287263.mp3","bucket":"podcasters-y0qig","storageArea":"CN","storageType":"STANDARD","createTime":"2025-11-19T02:03:16Z","contentType":"audio\/mpeg"}}
2025-11-19 10:03:17,518 - hunyuan_podcast.upload_client - INFO - 上传成功！
2025-11-19 10:03:17,521 - hunyuan_podcast.upload_client - INFO - 上传到 AGC: https://ops-server-drcn.agcstorage.link/v0/podcasters-y0qig/music/news/presentation-corporate-219493.mp3
2025-11-19 10:03:17,521 - hunyuan_podcast.upload_client - INFO -   文件大小: 4888320 bytes (4.66 MB)
2025-11-19 10:03:17,521 - hunyuan_podcast.upload_client - INFO -   Content-Length: 4888320
2025-11-19 10:03:17,521 - hunyuan_podcast.upload_client - INFO -   X-Agc-Content-Type: audio/mpeg
2025-11-19 10:03:17,521 - hunyuan_podcast.upload_client - INFO -   Headers: productId=已设置, client_id=已设置, Authorization=已设置
2025-11-19 10:03:17,522 - hunyuan_podcast.upload_client - INFO - 上传尝试 1: 连接超时=30秒, 读取超时=无限制 (文件大小: 4.66 MB)
2025-11-19 10:03:17,522 - hunyuan_podcast.upload_client - INFO - 流式上传模式（文件大小: 4.66 MB, chunk_size: 512 KB）
2025-11-19 10:03:18,508 - hunyuan_podcast.upload_client - INFO - 上传响应: status_code=200, 耗时: 0.99秒, 速度: 4.73 MB/s
2025-11-19 10:03:18,508 - hunyuan_podcast.upload_client - INFO -   响应头: {'Date': 'Wed, 19 Nov 2025 02:03:18 GMT', 'Content-Type': 'text/plain', 'Transfer-Encoding': 'chunked', 'Connection': 'keep-alive', 'X-Agc-Trace-Id': '6d61fa44-0f08-4346-80ae-628848e61b23', 'Server': 'elb'}
2025-11-19 10:03:18,508 - hunyuan_podcast.upload_client - INFO - 上传响应内容: {"uploadStatus":"finalize","fileInfo":{"size":4888320,"cacheControl":"no-cache, no-store, must-revalidate","updateTime":"2025-11-19T02:03:17Z","name":"music\/news\/presentation-corporate-219493.mp3","bucket":"podcasters-y0qig","storageArea":"CN","storageType":"STANDARD","createTime":"2025-11-19T02:03:17Z","contentType":"audio\/mpeg"}}
2025-11-19 10:03:18,510 - hunyuan_podcast.upload_client - INFO - 上传成功！
2025-11-19 10:03:18,512 - hunyuan_podcast.upload_client - INFO - 上传到 AGC: https://ops-server-drcn.agcstorage.link/v0/podcasters-y0qig/music/news/quiz-countdown-194417.mp3
2025-11-19 10:03:18,512 - hunyuan_podcast.upload_client - INFO -   文件大小: 3041071 bytes (2.90 MB)
2025-11-19 10:03:18,513 - hunyuan_podcast.upload_client - INFO -   Content-Length: 3041071
2025-11-19 10:03:18,513 - hunyuan_podcast.upload_client - INFO -   X-Agc-Content-Type: audio/mpeg
2025-11-19 10:03:18,513 - hunyuan_podcast.upload_client - INFO -   Headers: productId=已设置, client_id=已设置, Authorization=已设置
2025-11-19 10:03:18,513 - hunyuan_podcast.upload_client - INFO - 上传尝试 1: 连接超时=30秒, 读取超时=无限制 (文件大小: 2.90 MB)
2025-11-19 10:03:18,513 - hunyuan_podcast.upload_client - INFO - 流式上传模式（文件大小: 2.90 MB, chunk_size: 512 KB）
2025-11-19 10:03:19,311 - hunyuan_podcast.upload_client - INFO - 上传响应: status_code=200, 耗时: 0.80秒, 速度: 3.63 MB/s
2025-11-19 10:03:19,311 - hunyuan_podcast.upload_client - INFO -   响应头: {'Date': 'Wed, 19 Nov 2025 02:03:18 GMT', 'Content-Type': 'text/plain', 'Transfer-Encoding': 'chunked', 'Connection': 'keep-alive', 'X-Agc-Trace-Id': 'b52de084-1c57-454f-8cb8-bec8c8823e47', 'Server': 'elb'}
2025-11-19 10:03:19,311 - hunyuan_podcast.upload_client - INFO - 上传响应内容: {"uploadStatus":"finalize","fileInfo":{"storageArea":"CN","createTime":"2025-11-19T02:03:18Z","updateTime":"2025-11-19T02:03:18Z","contentType":"audio\/mpeg","name":"music\/news\/quiz-countdown-194417.mp3","size":3041071,"cacheControl":"no-cache, no-store, must-revalidate","bucket":"podcasters-y0qig","storageType":"STANDARD"}}
2025-11-19 10:03:19,312 - hunyuan_podcast.upload_client - INFO - 上传成功！
2025-11-19 10:03:19,315 - hunyuan_podcast.upload_client - INFO - 上传到 AGC: https://ops-server-drcn.agcstorage.link/v0/podcasters-y0qig/music/news/soft-background-music-432715.mp3
2025-11-19 10:03:19,315 - hunyuan_podcast.upload_client - INFO -   文件大小: 5935856 bytes (5.66 MB)
2025-11-19 10:03:19,315 - hunyuan_podcast.upload_client - INFO -   Content-Length: 5935856
2025-11-19 10:03:19,316 - hunyuan_podcast.upload_client - INFO -   X-Agc-Content-Type: audio/mpeg
2025-11-19 10:03:19,316 - hunyuan_podcast.upload_client - INFO -   Headers: productId=已设置, client_id=已设置, Authorization=已设置
2025-11-19 10:03:19,316 - hunyuan_podcast.upload_client - INFO - 上传尝试 1: 连接超时=30秒, 读取超时=无限制 (文件大小: 5.66 MB)
2025-11-19 10:03:19,317 - hunyuan_podcast.upload_client - INFO - 流式上传模式（文件大小: 5.66 MB, chunk_size: 1024 KB）
2025-11-19 10:03:20,384 - hunyuan_podcast.upload_client - INFO - 上传响应: status_code=200, 耗时: 1.07秒, 速度: 5.31 MB/s
2025-11-19 10:03:20,385 - hunyuan_podcast.upload_client - INFO -   响应头: {'Date': 'Wed, 19 Nov 2025 02:03:19 GMT', 'Content-Type': 'text/plain', 'Transfer-Encoding': 'chunked', 'Connection': 'keep-alive', 'X-Agc-Trace-Id': '6c53cf77-4e62-49ef-88f9-ad9262b30fa6', 'Server': 'elb'}
2025-11-19 10:03:20,385 - hunyuan_podcast.upload_client - INFO - 上传响应内容: {"uploadStatus":"finalize","fileInfo":{"size":5935856,"cacheControl":"no-cache, no-store, must-revalidate","updateTime":"2025-11-19T02:03:19Z","name":"music\/news\/soft-background-music-432715.mp3","bucket":"podcasters-y0qig","storageArea":"CN","storageType":"STANDARD","createTime":"2025-11-19T02:03:19Z","contentType":"audio\/mpeg"}}
2025-11-19 10:03:20,386 - hunyuan_podcast.upload_client - INFO - 上传成功！
2025-11-19 10:03:20,389 - hunyuan_podcast.upload_client - INFO - 上传到 AGC: https://ops-server-drcn.agcstorage.link/v0/podcasters-y0qig/music/news/youtube-intro-291172.mp3
2025-11-19 10:03:20,389 - hunyuan_podcast.upload_client - INFO -   文件大小: 423936 bytes (0.40 MB)
2025-11-19 10:03:20,389 - hunyuan_podcast.upload_client - INFO -   Content-Length: 423936
2025-11-19 10:03:20,390 - hunyuan_podcast.upload_client - INFO -   X-Agc-Content-Type: audio/mpeg
2025-11-19 10:03:20,390 - hunyuan_podcast.upload_client - INFO -   Headers: productId=已设置, client_id=已设置, Authorization=已设置
2025-11-19 10:03:20,390 - hunyuan_podcast.upload_client - INFO - 上传尝试 1: 连接超时=30秒, 读取超时=无限制 (文件大小: 0.40 MB)
2025-11-19 10:03:20,391 - hunyuan_podcast.upload_client - INFO - 流式上传模式（文件大小: 0.40 MB, chunk_size: 256 KB）
2025-11-19 10:03:20,891 - hunyuan_podcast.upload_client - INFO - 上传响应: status_code=200, 耗时: 0.50秒, 速度: 0.81 MB/s
2025-11-19 10:03:20,892 - hunyuan_podcast.upload_client - INFO -   响应头: {'Date': 'Wed, 19 Nov 2025 02:03:20 GMT', 'Content-Type': 'text/plain', 'Transfer-Encoding': 'chunked', 'Connection': 'keep-alive', 'X-Agc-Trace-Id': 'e49b1912-c2dd-4d4e-8e4a-0ba926d6421a', 'Server': 'elb'}
2025-11-19 10:03:20,892 - hunyuan_podcast.upload_client - INFO - 上传响应内容: {"uploadStatus":"finalize","fileInfo":{"storageArea":"CN","createTime":"2025-11-19T02:03:20Z","updateTime":"2025-11-19T02:03:20Z","contentType":"audio\/mpeg","name":"music\/news\/youtube-intro-291172.mp3","size":423936,"cacheControl":"no-cache, no-store, must-revalidate","bucket":"podcasters-y0qig","storageType":"STANDARD"}}
2025-11-19 10:03:20,892 - hunyuan_podcast.upload_client - INFO - 上传成功！
2025-11-19 10:03:20,895 - hunyuan_podcast.upload_client - INFO - 上传到 AGC: https://ops-server-drcn.agcstorage.link/v0/podcasters-y0qig/music/news/youtube-intro-music-291175.mp3
2025-11-19 10:03:20,895 - hunyuan_podcast.upload_client - INFO -   文件大小: 479232 bytes (0.46 MB)
2025-11-19 10:03:20,895 - hunyuan_podcast.upload_client - INFO -   Content-Length: 479232
2025-11-19 10:03:20,895 - hunyuan_podcast.upload_client - INFO -   X-Agc-Content-Type: audio/mpeg
2025-11-19 10:03:20,896 - hunyuan_podcast.upload_client - INFO -   Headers: productId=已设置, client_id=已设置, Authorization=已设置
2025-11-19 10:03:20,896 - hunyuan_podcast.upload_client - INFO - 上传尝试 1: 连接超时=30秒, 读取超时=无限制 (文件大小: 0.46 MB)
2025-11-19 10:03:20,896 - hunyuan_podcast.upload_client - INFO - 流式上传模式（文件大小: 0.46 MB, chunk_size: 256 KB）
2025-11-19 10:03:21,646 - hunyuan_podcast.upload_client - INFO - 上传响应: status_code=200, 耗时: 0.75秒, 速度: 0.61 MB/s
2025-11-19 10:03:21,646 - hunyuan_podcast.upload_client - INFO -   响应头: {'Date': 'Wed, 19 Nov 2025 02:03:21 GMT', 'Content-Type': 'text/plain', 'Transfer-Encoding': 'chunked', 'Connection': 'keep-alive', 'X-Agc-Trace-Id': '3d31d8fd-6fc1-4491-bfc5-e5506152ffaf', 'Server': 'elb'}
2025-11-19 10:03:21,647 - hunyuan_podcast.upload_client - INFO - 上传响应内容: {"uploadStatus":"finalize","fileInfo":{"size":479232,"cacheControl":"no-cache, no-store, must-revalidate","updateTime":"2025-11-19T02:03:20Z","name":"music\/news\/youtube-intro-music-291175.mp3","bucket":"podcasters-y0qig","storageArea":"CN","storageType":"STANDARD","createTime":"2025-11-19T02:03:20Z","contentType":"audio\/mpeg"}}
2025-11-19 10:03:21,647 - hunyuan_podcast.upload_client - INFO - 上传成功！
2025-11-19 10:03:21,649 - hunyuan_podcast.upload_client - INFO - 上传到 AGC: https://ops-server-drcn.agcstorage.link/v0/podcasters-y0qig/music/parenting_family/ailawyer-1512-276326.mp3
2025-11-19 10:03:21,649 - hunyuan_podcast.upload_client - INFO -   文件大小: 5123343 bytes (4.89 MB)
2025-11-19 10:03:21,650 - hunyuan_podcast.upload_client - INFO -   Content-Length: 5123343
2025-11-19 10:03:21,650 - hunyuan_podcast.upload_client - INFO -   X-Agc-Content-Type: audio/mpeg
2025-11-19 10:03:21,650 - hunyuan_podcast.upload_client - INFO -   Headers: productId=已设置, client_id=已设置, Authorization=已设置
2025-11-19 10:03:21,650 - hunyuan_podcast.upload_client - INFO - 上传尝试 1: 连接超时=30秒, 读取超时=无限制 (文件大小: 4.89 MB)
2025-11-19 10:03:21,651 - hunyuan_podcast.upload_client - INFO - 流式上传模式（文件大小: 4.89 MB, chunk_size: 512 KB）
2025-11-19 10:03:22,635 - hunyuan_podcast.upload_client - INFO - 上传响应: status_code=200, 耗时: 0.99秒, 速度: 4.96 MB/s
2025-11-19 10:03:22,635 - hunyuan_podcast.upload_client - INFO -   响应头: {'Date': 'Wed, 19 Nov 2025 02:03:22 GMT', 'Content-Type': 'text/plain', 'Transfer-Encoding': 'chunked', 'Connection': 'keep-alive', 'X-Agc-Trace-Id': '70c4288b-e127-4b51-8fe3-f96a85196911', 'Server': 'elb'}
2025-11-19 10:03:22,635 - hunyuan_podcast.upload_client - INFO - 上传响应内容: {"uploadStatus":"finalize","fileInfo":{"size":5123343,"cacheControl":"no-cache, no-store, must-revalidate","updateTime":"2025-11-19T02:03:21Z","name":"music\/parenting_family\/ailawyer-1512-276326.mp3","bucket":"podcasters-y0qig","storageArea":"CN","storageType":"STANDARD","createTime":"2025-11-19T02:03:21Z","contentType":"audio\/mpeg"}}
2025-11-19 10:03:22,635 - hunyuan_podcast.upload_client - INFO - 上传成功！
2025-11-19 10:03:22,638 - hunyuan_podcast.upload_client - INFO - 上传到 AGC: https://ops-server-drcn.agcstorage.link/v0/podcasters-y0qig/music/parenting_family/podcast-interview-background-music-407026.mp3
2025-11-19 10:03:22,638 - hunyuan_podcast.upload_client - INFO -   文件大小: 1206230 bytes (1.15 MB)
2025-11-19 10:03:22,638 - hunyuan_podcast.upload_client - INFO -   Content-Length: 1206230
2025-11-19 10:03:22,639 - hunyuan_podcast.upload_client - INFO -   X-Agc-Content-Type: audio/mpeg
2025-11-19 10:03:22,639 - hunyuan_podcast.upload_client - INFO -   Headers: productId=已设置, client_id=已设置, Authorization=已设置
2025-11-19 10:03:22,639 - hunyuan_podcast.upload_client - INFO - 上传尝试 1: 连接超时=30秒, 读取超时=无限制 (文件大小: 1.15 MB)
2025-11-19 10:03:22,639 - hunyuan_podcast.upload_client - INFO - 流式上传模式（文件大小: 1.15 MB, chunk_size: 512 KB）
2025-11-19 10:03:23,281 - hunyuan_podcast.upload_client - INFO - 上传响应: status_code=200, 耗时: 0.64秒, 速度: 1.79 MB/s
2025-11-19 10:03:23,281 - hunyuan_podcast.upload_client - INFO -   响应头: {'Date': 'Wed, 19 Nov 2025 02:03:22 GMT', 'Content-Type': 'text/plain', 'Transfer-Encoding': 'chunked', 'Connection': 'keep-alive', 'X-Agc-Trace-Id': 'eb82efa7-a7f2-4d16-8c9e-c36288761ced', 'Server': 'elb'}
2025-11-19 10:03:23,282 - hunyuan_podcast.upload_client - INFO - 上传响应内容: {"fileInfo":{"createTime":"2025-11-19T02:03:22Z","updateTime":"2025-11-19T02:03:22Z","contentType":"audio\/mpeg","size":1206230,"bucket":"podcasters-y0qig","cacheControl":"no-cache, no-store, must-revalidate","storageType":"STANDARD","storageArea":"CN","name":"music\/parenting_family\/podcast-interview-background-music-407026.mp3"},"uploadStatus":"finalize"}
2025-11-19 10:03:23,282 - hunyuan_podcast.upload_client - INFO - 上传成功！
2025-11-19 10:03:23,286 - hunyuan_podcast.upload_client - INFO - 上传到 AGC: https://ops-server-drcn.agcstorage.link/v0/podcasters-y0qig/music/parenting_family/podcast-interview-music-2-424600.mp3
2025-11-19 10:03:23,286 - hunyuan_podcast.upload_client - INFO -   文件大小: 3964760 bytes (3.78 MB)
2025-11-19 10:03:23,286 - hunyuan_podcast.upload_client - INFO -   Content-Length: 3964760
2025-11-19 10:03:23,287 - hunyuan_podcast.upload_client - INFO -   X-Agc-Content-Type: audio/mpeg
2025-11-19 10:03:23,287 - hunyuan_podcast.upload_client - INFO -   Headers: productId=已设置, client_id=已设置, Authorization=已设置
2025-11-19 10:03:23,287 - hunyuan_podcast.upload_client - INFO - 上传尝试 1: 连接超时=30秒, 读取超时=无限制 (文件大小: 3.78 MB)
2025-11-19 10:03:23,288 - hunyuan_podcast.upload_client - INFO - 流式上传模式（文件大小: 3.78 MB, chunk_size: 512 KB）
2025-11-19 10:03:24,224 - hunyuan_podcast.upload_client - INFO - 上传响应: status_code=200, 耗时: 0.94秒, 速度: 4.04 MB/s
2025-11-19 10:03:24,225 - hunyuan_podcast.upload_client - INFO -   响应头: {'Date': 'Wed, 19 Nov 2025 02:03:23 GMT', 'Content-Type': 'text/plain', 'Transfer-Encoding': 'chunked', 'Connection': 'keep-alive', 'X-Agc-Trace-Id': '1690bb2a-d1da-437e-8a56-07acb555cf9b', 'Server': 'elb'}
2025-11-19 10:03:24,225 - hunyuan_podcast.upload_client - INFO - 上传响应内容: {"uploadStatus":"finalize","fileInfo":{"storageArea":"CN","createTime":"2025-11-19T02:03:23Z","updateTime":"2025-11-19T02:03:23Z","contentType":"audio\/mpeg","name":"music\/parenting_family\/podcast-interview-music-2-424600.mp3","size":3964760,"cacheControl":"no-cache, no-store, must-revalidate","bucket":"podcasters-y0qig","storageType":"STANDARD"}}
2025-11-19 10:03:24,225 - hunyuan_podcast.upload_client - INFO - 上传成功！
2025-11-19 10:03:24,227 - hunyuan_podcast.upload_client - INFO - 上传到 AGC: https://ops-server-drcn.agcstorage.link/v0/podcasters-y0qig/music/parenting_family/podcast-interview-music-254186.mp3
2025-11-19 10:03:24,228 - hunyuan_podcast.upload_client - INFO -   文件大小: 4380212 bytes (4.18 MB)
2025-11-19 10:03:24,228 - hunyuan_podcast.upload_client - INFO -   Content-Length: 4380212
2025-11-19 10:03:24,228 - hunyuan_podcast.upload_client - INFO -   X-Agc-Content-Type: audio/mpeg
2025-11-19 10:03:24,228 - hunyuan_podcast.upload_client - INFO -   Headers: productId=已设置, client_id=已设置, Authorization=已设置
2025-11-19 10:03:24,229 - hunyuan_podcast.upload_client - INFO - 上传尝试 1: 连接超时=30秒, 读取超时=无限制 (文件大小: 4.18 MB)
2025-11-19 10:03:24,229 - hunyuan_podcast.upload_client - INFO - 流式上传模式（文件大小: 4.18 MB, chunk_size: 512 KB）
2025-11-19 10:03:24,966 - hunyuan_podcast.upload_client - INFO - 上传响应: status_code=200, 耗时: 0.74秒, 速度: 5.67 MB/s
2025-11-19 10:03:24,967 - hunyuan_podcast.upload_client - INFO -   响应头: {'Date': 'Wed, 19 Nov 2025 02:03:24 GMT', 'Content-Type': 'text/plain', 'Transfer-Encoding': 'chunked', 'Connection': 'keep-alive', 'X-Agc-Trace-Id': '8c77bb16-d69d-40d9-b274-e2a983184fb7', 'Server': 'elb'}
2025-11-19 10:03:24,967 - hunyuan_podcast.upload_client - INFO - 上传响应内容: {"uploadStatus":"finalize","fileInfo":{"size":4380212,"cacheControl":"no-cache, no-store, must-revalidate","updateTime":"2025-11-19T02:03:23Z","name":"music\/parenting_family\/podcast-interview-music-254186.mp3","bucket":"podcasters-y0qig","storageArea":"CN","storageType":"STANDARD","createTime":"2025-11-19T02:03:23Z","contentType":"audio\/mpeg"}}
2025-11-19 10:03:24,967 - hunyuan_podcast.upload_client - INFO - 上传成功！
2025-11-19 10:03:24,969 - hunyuan_podcast.upload_client - INFO - 上传到 AGC: https://ops-server-drcn.agcstorage.link/v0/podcasters-y0qig/music/parenting_family/podcast-interview-music-278389.mp3
2025-11-19 10:03:24,970 - hunyuan_podcast.upload_client - INFO -   文件大小: 5145077 bytes (4.91 MB)
2025-11-19 10:03:24,970 - hunyuan_podcast.upload_client - INFO -   Content-Length: 5145077
2025-11-19 10:03:24,970 - hunyuan_podcast.upload_client - INFO -   X-Agc-Content-Type: audio/mpeg
2025-11-19 10:03:24,970 - hunyuan_podcast.upload_client - INFO -   Headers: productId=已设置, client_id=已设置, Authorization=已设置
2025-11-19 10:03:24,971 - hunyuan_podcast.upload_client - INFO - 上传尝试 1: 连接超时=30秒, 读取超时=无限制 (文件大小: 4.91 MB)
2025-11-19 10:03:24,971 - hunyuan_podcast.upload_client - INFO - 流式上传模式（文件大小: 4.91 MB, chunk_size: 512 KB）
2025-11-19 10:03:26,012 - hunyuan_podcast.upload_client - INFO - 上传响应: status_code=200, 耗时: 1.04秒, 速度: 4.71 MB/s
2025-11-19 10:03:26,012 - hunyuan_podcast.upload_client - INFO -   响应头: {'Date': 'Wed, 19 Nov 2025 02:03:25 GMT', 'Content-Type': 'text/plain', 'Transfer-Encoding': 'chunked', 'Connection': 'keep-alive', 'X-Agc-Trace-Id': '1f044183-ab19-40cb-8b67-215653077375', 'Server': 'elb'}
2025-11-19 10:03:26,013 - hunyuan_podcast.upload_client - INFO - 上传响应内容: {"uploadStatus":"finalize","fileInfo":{"storageArea":"CN","createTime":"2025-11-19T02:03:24Z","updateTime":"2025-11-19T02:03:24Z","contentType":"audio\/mpeg","name":"music\/parenting_family\/podcast-interview-music-278389.mp3","size":5145077,"cacheControl":"no-cache, no-store, must-revalidate","bucket":"podcasters-y0qig","storageType":"STANDARD"}}
2025-11-19 10:03:26,013 - hunyuan_podcast.upload_client - INFO - 上传成功！
2025-11-19 10:03:26,016 - hunyuan_podcast.upload_client - INFO - 上传到 AGC: https://ops-server-drcn.agcstorage.link/v0/podcasters-y0qig/music/parenting_family/podcast-interview-music-413273.mp3
2025-11-19 10:03:26,016 - hunyuan_podcast.upload_client - INFO -   文件大小: 3716493 bytes (3.54 MB)
2025-11-19 10:03:26,016 - hunyuan_podcast.upload_client - INFO -   Content-Length: 3716493
2025-11-19 10:03:26,016 - hunyuan_podcast.upload_client - INFO -   X-Agc-Content-Type: audio/mpeg
2025-11-19 10:03:26,017 - hunyuan_podcast.upload_client - INFO -   Headers: productId=已设置, client_id=已设置, Authorization=已设置
2025-11-19 10:03:26,017 - hunyuan_podcast.upload_client - INFO - 上传尝试 1: 连接超时=30秒, 读取超时=无限制 (文件大小: 3.54 MB)
2025-11-19 10:03:26,017 - hunyuan_podcast.upload_client - INFO - 流式上传模式（文件大小: 3.54 MB, chunk_size: 512 KB）
2025-11-19 10:03:26,860 - hunyuan_podcast.upload_client - INFO - 上传响应: status_code=200, 耗时: 0.84秒, 速度: 4.21 MB/s
2025-11-19 10:03:26,860 - hunyuan_podcast.upload_client - INFO -   响应头: {'Date': 'Wed, 19 Nov 2025 02:03:26 GMT', 'Content-Type': 'text/plain', 'Transfer-Encoding': 'chunked', 'Connection': 'keep-alive', 'X-Agc-Trace-Id': '7fad01af-ec27-4f00-936b-dd98bb636173', 'Server': 'elb'}
2025-11-19 10:03:26,862 - hunyuan_podcast.upload_client - INFO - 上传响应内容: {"uploadStatus":"finalize","fileInfo":{"storageArea":"CN","createTime":"2025-11-19T02:03:25Z","updateTime":"2025-11-19T02:03:25Z","contentType":"audio\/mpeg","name":"music\/parenting_family\/podcast-interview-music-413273.mp3","size":3716493,"cacheControl":"no-cache, no-store, must-revalidate","bucket":"podcasters-y0qig","storageType":"STANDARD"}}
2025-11-19 10:03:26,862 - hunyuan_podcast.upload_client - INFO - 上传成功！
2025-11-19 10:03:26,863 - hunyuan_podcast.upload_client - INFO - 上传到 AGC: https://ops-server-drcn.agcstorage.link/v0/podcasters-y0qig/music/parenting_family/podcast-interview-podcast-music-387074.mp3
2025-11-19 10:03:26,865 - hunyuan_podcast.upload_client - INFO -   文件大小: 5376768 bytes (5.13 MB)
2025-11-19 10:03:26,865 - hunyuan_podcast.upload_client - INFO -   Content-Length: 5376768
2025-11-19 10:03:26,865 - hunyuan_podcast.upload_client - INFO -   X-Agc-Content-Type: audio/mpeg
2025-11-19 10:03:26,865 - hunyuan_podcast.upload_client - INFO -   Headers: productId=已设置, client_id=已设置, Authorization=已设置
2025-11-19 10:03:26,865 - hunyuan_podcast.upload_client - INFO - 上传尝试 1: 连接超时=30秒, 读取超时=无限制 (文件大小: 5.13 MB)
2025-11-19 10:03:26,865 - hunyuan_podcast.upload_client - INFO - 流式上传模式（文件大小: 5.13 MB, chunk_size: 1024 KB）
2025-11-19 10:03:27,662 - hunyuan_podcast.upload_client - INFO - 上传响应: status_code=200, 耗时: 0.80秒, 速度: 6.43 MB/s
2025-11-19 10:03:27,662 - hunyuan_podcast.upload_client - INFO -   响应头: {'Date': 'Wed, 19 Nov 2025 02:03:27 GMT', 'Content-Type': 'text/plain', 'Transfer-Encoding': 'chunked', 'Connection': 'keep-alive', 'X-Agc-Trace-Id': 'a20086cb-7393-4053-a8f9-efe3d2d5f68c', 'Server': 'elb'}
2025-11-19 10:03:27,663 - hunyuan_podcast.upload_client - INFO - 上传响应内容: {"uploadStatus":"finalize","fileInfo":{"size":5376768,"cacheControl":"no-cache, no-store, must-revalidate","updateTime":"2025-11-19T02:03:26Z","name":"music\/parenting_family\/podcast-interview-podcast-music-387074.mp3","bucket":"podcasters-y0qig","storageArea":"CN","storageType":"STANDARD","createTime":"2025-11-19T02:03:26Z","contentType":"audio\/mpeg"}}
2025-11-19 10:03:27,663 - hunyuan_podcast.upload_client - INFO - 上传成功！
2025-11-19 10:03:27,665 - hunyuan_podcast.upload_client - INFO - 上传到 AGC: https://ops-server-drcn.agcstorage.link/v0/podcasters-y0qig/music/religion_spirituality/ambient-inspiring-piano-music-beautiful-214863.mp3
2025-11-19 10:03:27,665 - hunyuan_podcast.upload_client - INFO -   文件大小: 4783872 bytes (4.56 MB)
2025-11-19 10:03:27,666 - hunyuan_podcast.upload_client - INFO -   Content-Length: 4783872
2025-11-19 10:03:27,666 - hunyuan_podcast.upload_client - INFO -   X-Agc-Content-Type: audio/mpeg
2025-11-19 10:03:27,666 - hunyuan_podcast.upload_client - INFO -   Headers: productId=已设置, client_id=已设置, Authorization=已设置
2025-11-19 10:03:27,666 - hunyuan_podcast.upload_client - INFO - 上传尝试 1: 连接超时=30秒, 读取超时=无限制 (文件大小: 4.56 MB)
2025-11-19 10:03:27,666 - hunyuan_podcast.upload_client - INFO - 流式上传模式（文件大小: 4.56 MB, chunk_size: 512 KB）
2025-11-19 10:03:28,508 - hunyuan_podcast.upload_client - INFO - 上传响应: status_code=200, 耗时: 0.84秒, 速度: 5.42 MB/s
2025-11-19 10:03:28,509 - hunyuan_podcast.upload_client - INFO -   响应头: {'Date': 'Wed, 19 Nov 2025 02:03:28 GMT', 'Content-Type': 'text/plain', 'Transfer-Encoding': 'chunked', 'Connection': 'keep-alive', 'X-Agc-Trace-Id': 'd53a673f-9baa-4a9a-b655-5818cb9d824d', 'Server': 'elb'}
2025-11-19 10:03:28,509 - hunyuan_podcast.upload_client - INFO - 上传响应内容: {"uploadStatus":"finalize","fileInfo":{"size":4783872,"cacheControl":"no-cache, no-store, must-revalidate","updateTime":"2025-11-19T02:03:27Z","name":"music\/religion_spirituality\/ambient-inspiring-piano-music-beautiful-214863.mp3","bucket":"podcasters-y0qig","storageArea":"CN","storageType":"STANDARD","createTime":"2025-11-19T02:03:27Z","contentType":"audio\/mpeg"}}
2025-11-19 10:03:28,509 - hunyuan_podcast.upload_client - INFO - 上传成功！
2025-11-19 10:03:28,513 - hunyuan_podcast.upload_client - INFO - 上传到 AGC: https://ops-server-drcn.agcstorage.link/v0/podcasters-y0qig/music/religion_spirituality/dark-somber-serious-112164.mp3
2025-11-19 10:03:28,513 - hunyuan_podcast.upload_client - INFO -   文件大小: 7009175 bytes (6.68 MB)
2025-11-19 10:03:28,514 - hunyuan_podcast.upload_client - INFO -   Content-Length: 7009175
2025-11-19 10:03:28,514 - hunyuan_podcast.upload_client - INFO -   X-Agc-Content-Type: audio/mpeg
2025-11-19 10:03:28,514 - hunyuan_podcast.upload_client - INFO -   Headers: productId=已设置, client_id=已设置, Authorization=已设置
2025-11-19 10:03:28,514 - hunyuan_podcast.upload_client - INFO - 上传尝试 1: 连接超时=30秒, 读取超时=无限制 (文件大小: 6.68 MB)
2025-11-19 10:03:28,514 - hunyuan_podcast.upload_client - INFO - 流式上传模式（文件大小: 6.68 MB, chunk_size: 1024 KB）
2025-11-19 10:03:29,617 - hunyuan_podcast.upload_client - INFO - 上传响应: status_code=200, 耗时: 1.10秒, 速度: 6.06 MB/s
2025-11-19 10:03:29,618 - hunyuan_podcast.upload_client - INFO -   响应头: {'Date': 'Wed, 19 Nov 2025 02:03:29 GMT', 'Content-Type': 'text/plain', 'Transfer-Encoding': 'chunked', 'Connection': 'keep-alive', 'X-Agc-Trace-Id': '6f3c6e16-1857-428c-b397-db5ea23ff9f7', 'Server': 'elb'}
2025-11-19 10:03:29,618 - hunyuan_podcast.upload_client - INFO - 上传响应内容: {"uploadStatus":"finalize","fileInfo":{"storageArea":"CN","createTime":"2025-11-19T02:03:28Z","updateTime":"2025-11-19T02:03:28Z","contentType":"audio\/mpeg","name":"music\/religion_spirituality\/dark-somber-serious-112164.mp3","size":7009175,"cacheControl":"no-cache, no-store, must-revalidate","bucket":"podcasters-y0qig","storageType":"STANDARD"}}
2025-11-19 10:03:29,618 - hunyuan_podcast.upload_client - INFO - 上传成功！
2025-11-19 10:03:29,621 - hunyuan_podcast.upload_client - INFO - 上传到 AGC: https://ops-server-drcn.agcstorage.link/v0/podcasters-y0qig/music/religion_spirituality/emotional-and-inspiring-153643.mp3
2025-11-19 10:03:29,621 - hunyuan_podcast.upload_client - INFO -   文件大小: 5377462 bytes (5.13 MB)
2025-11-19 10:03:29,621 - hunyuan_podcast.upload_client - INFO -   Content-Length: 5377462
2025-11-19 10:03:29,621 - hunyuan_podcast.upload_client - INFO -   X-Agc-Content-Type: audio/mpeg
2025-11-19 10:03:29,621 - hunyuan_podcast.upload_client - INFO -   Headers: productId=已设置, client_id=已设置, Authorization=已设置
2025-11-19 10:03:29,622 - hunyuan_podcast.upload_client - INFO - 上传尝试 1: 连接超时=30秒, 读取超时=无限制 (文件大小: 5.13 MB)
2025-11-19 10:03:29,622 - hunyuan_podcast.upload_client - INFO - 流式上传模式（文件大小: 5.13 MB, chunk_size: 1024 KB）
2025-11-19 10:03:30,443 - hunyuan_podcast.upload_client - INFO - 上传响应: status_code=200, 耗时: 0.82秒, 速度: 6.24 MB/s
2025-11-19 10:03:30,443 - hunyuan_podcast.upload_client - INFO -   响应头: {'Date': 'Wed, 19 Nov 2025 02:03:29 GMT', 'Content-Type': 'text/plain', 'Transfer-Encoding': 'chunked', 'Connection': 'keep-alive', 'X-Agc-Trace-Id': '27f2b3fd-f062-4597-8509-42075a20ded1', 'Server': 'elb'}
2025-11-19 10:03:30,444 - hunyuan_podcast.upload_client - INFO - 上传响应内容: {"uploadStatus":"finalize","fileInfo":{"size":5377462,"cacheControl":"no-cache, no-store, must-revalidate","updateTime":"2025-11-19T02:03:29Z","name":"music\/religion_spirituality\/emotional-and-inspiring-153643.mp3","bucket":"podcasters-y0qig","storageArea":"CN","storageType":"STANDARD","createTime":"2025-11-19T02:03:29Z","contentType":"audio\/mpeg"}}
2025-11-19 10:03:30,444 - hunyuan_podcast.upload_client - INFO - 上传成功！
2025-11-19 10:03:30,445 - hunyuan_podcast.upload_client - INFO - 上传到 AGC: https://ops-server-drcn.agcstorage.link/v0/podcasters-y0qig/music/religion_spirituality/emotional-piano-background-435244.mp3
2025-11-19 10:03:30,445 - hunyuan_podcast.upload_client - INFO -   文件大小: 3971448 bytes (3.79 MB)
2025-11-19 10:03:30,447 - hunyuan_podcast.upload_client - INFO -   Content-Length: 3971448
2025-11-19 10:03:30,447 - hunyuan_podcast.upload_client - INFO -   X-Agc-Content-Type: audio/mpeg
2025-11-19 10:03:30,447 - hunyuan_podcast.upload_client - INFO -   Headers: productId=已设置, client_id=已设置, Authorization=已设置
2025-11-19 10:03:30,447 - hunyuan_podcast.upload_client - INFO - 上传尝试 1: 连接超时=30秒, 读取超时=无限制 (文件大小: 3.79 MB)
2025-11-19 10:03:30,447 - hunyuan_podcast.upload_client - INFO - 流式上传模式（文件大小: 3.79 MB, chunk_size: 512 KB）
2025-11-19 10:03:31,420 - hunyuan_podcast.upload_client - INFO - 上传响应: status_code=200, 耗时: 0.97秒, 速度: 3.89 MB/s
2025-11-19 10:03:31,420 - hunyuan_podcast.upload_client - INFO -   响应头: {'Date': 'Wed, 19 Nov 2025 02:03:30 GMT', 'Content-Type': 'text/plain', 'Transfer-Encoding': 'chunked', 'Connection': 'keep-alive', 'X-Agc-Trace-Id': '20a2f6bb-32bf-4111-9dc4-942095425003', 'Server': 'elb'}
2025-11-19 10:03:31,420 - hunyuan_podcast.upload_client - INFO - 上传响应内容: {"uploadStatus":"finalize","fileInfo":{"storageArea":"CN","createTime":"2025-11-19T02:03:30Z","updateTime":"2025-11-19T02:03:30Z","contentType":"audio\/mpeg","name":"music\/religion_spirituality\/emotional-piano-background-435244.mp3","size":3971448,"cacheControl":"no-cache, no-store, must-revalidate","bucket":"podcasters-y0qig","storageType":"STANDARD"}}
2025-11-19 10:03:31,422 - hunyuan_podcast.upload_client - INFO - 上传成功！
2025-11-19 10:03:31,423 - hunyuan_podcast.upload_client - INFO - 上传到 AGC: https://ops-server-drcn.agcstorage.link/v0/podcasters-y0qig/music/religion_spirituality/history-historical-documentary-music-334820.mp3
2025-11-19 10:03:31,423 - hunyuan_podcast.upload_client - INFO -   文件大小: 4407797 bytes (4.20 MB)
2025-11-19 10:03:31,423 - hunyuan_podcast.upload_client - INFO -   Content-Length: 4407797
2025-11-19 10:03:31,423 - hunyuan_podcast.upload_client - INFO -   X-Agc-Content-Type: audio/mpeg
2025-11-19 10:03:31,423 - hunyuan_podcast.upload_client - INFO -   Headers: productId=已设置, client_id=已设置, Authorization=已设置
2025-11-19 10:03:31,425 - hunyuan_podcast.upload_client - INFO - 上传尝试 1: 连接超时=30秒, 读取超时=无限制 (文件大小: 4.20 MB)
2025-11-19 10:03:31,425 - hunyuan_podcast.upload_client - INFO - 流式上传模式（文件大小: 4.20 MB, chunk_size: 512 KB）
2025-11-19 10:03:32,357 - hunyuan_podcast.upload_client - INFO - 上传响应: status_code=200, 耗时: 0.93秒, 速度: 4.51 MB/s
2025-11-19 10:03:32,358 - hunyuan_podcast.upload_client - INFO -   响应头: {'Date': 'Wed, 19 Nov 2025 02:03:31 GMT', 'Content-Type': 'text/plain', 'Transfer-Encoding': 'chunked', 'Connection': 'keep-alive', 'X-Agc-Trace-Id': '4c0e881d-8097-41e6-8468-be032a4a4ba8', 'Server': 'elb'}
2025-11-19 10:03:32,358 - hunyuan_podcast.upload_client - INFO - 上传响应内容: {"uploadStatus":"finalize","fileInfo":{"storageArea":"CN","createTime":"2025-11-19T02:03:31Z","updateTime":"2025-11-19T02:03:31Z","contentType":"audio\/mpeg","name":"music\/religion_spirituality\/history-historical-documentary-music-334820.mp3","size":4407797,"cacheControl":"no-cache, no-store, must-revalidate","bucket":"podcasters-y0qig","storageType":"STANDARD"}}
2025-11-19 10:03:32,359 - hunyuan_podcast.upload_client - INFO - 上传成功！
2025-11-19 10:03:32,361 - hunyuan_podcast.upload_client - INFO - 上传到 AGC: https://ops-server-drcn.agcstorage.link/v0/podcasters-y0qig/music/religion_spirituality/morning-garden-acoustic-chill-15013.mp3
2025-11-19 10:03:32,362 - hunyuan_podcast.upload_client - INFO -   文件大小: 7458063 bytes (7.11 MB)
2025-11-19 10:03:32,362 - hunyuan_podcast.upload_client - INFO -   Content-Length: 7458063
2025-11-19 10:03:32,362 - hunyuan_podcast.upload_client - INFO -   X-Agc-Content-Type: audio/mpeg
2025-11-19 10:03:32,362 - hunyuan_podcast.upload_client - INFO -   Headers: productId=已设置, client_id=已设置, Authorization=已设置
2025-11-19 10:03:32,363 - hunyuan_podcast.upload_client - INFO - 上传尝试 1: 连接超时=30秒, 读取超时=无限制 (文件大小: 7.11 MB)
2025-11-19 10:03:32,363 - hunyuan_podcast.upload_client - INFO - 流式上传模式（文件大小: 7.11 MB, chunk_size: 1024 KB）
2025-11-19 10:03:33,367 - hunyuan_podcast.upload_client - INFO - 上传响应: status_code=200, 耗时: 1.00秒, 速度: 7.08 MB/s
2025-11-19 10:03:33,367 - hunyuan_podcast.upload_client - INFO -   响应头: {'Date': 'Wed, 19 Nov 2025 02:03:32 GMT', 'Content-Type': 'text/plain', 'Transfer-Encoding': 'chunked', 'Connection': 'keep-alive', 'X-Agc-Trace-Id': '3f5eb4dc-2b09-4d1c-b63e-d58b21cdb2f4', 'Server': 'elb'}
2025-11-19 10:03:33,368 - hunyuan_podcast.upload_client - INFO - 上传响应内容: {"uploadStatus":"finalize","fileInfo":{"storageArea":"CN","createTime":"2025-11-19T02:03:32Z","updateTime":"2025-11-19T02:03:32Z","contentType":"audio\/mpeg","name":"music\/religion_spirituality\/morning-garden-acoustic-chill-15013.mp3","size":7458063,"cacheControl":"no-cache, no-store, must-revalidate","bucket":"podcasters-y0qig","storageType":"STANDARD"}}
2025-11-19 10:03:33,368 - hunyuan_podcast.upload_client - INFO - 上传成功！
2025-11-19 10:03:33,370 - hunyuan_podcast.upload_client - INFO - 上传到 AGC: https://ops-server-drcn.agcstorage.link/v0/podcasters-y0qig/music/religion_spirituality/relaxing-ambient-music-337579.mp3
2025-11-19 10:03:33,370 - hunyuan_podcast.upload_client - INFO -   文件大小: 5602560 bytes (5.34 MB)
2025-11-19 10:03:33,370 - hunyuan_podcast.upload_client - INFO -   Content-Length: 5602560
2025-11-19 10:03:33,370 - hunyuan_podcast.upload_client - INFO -   X-Agc-Content-Type: audio/mpeg
2025-11-19 10:03:33,370 - hunyuan_podcast.upload_client - INFO -   Headers: productId=已设置, client_id=已设置, Authorization=已设置
2025-11-19 10:03:33,370 - hunyuan_podcast.upload_client - INFO - 上传尝试 1: 连接超时=30秒, 读取超时=无限制 (文件大小: 5.34 MB)
2025-11-19 10:03:33,371 - hunyuan_podcast.upload_client - INFO - 流式上传模式（文件大小: 5.34 MB, chunk_size: 1024 KB）
2025-11-19 10:03:34,488 - hunyuan_podcast.upload_client - INFO - 上传响应: status_code=200, 耗时: 1.12秒, 速度: 4.79 MB/s
2025-11-19 10:03:34,488 - hunyuan_podcast.upload_client - INFO -   响应头: {'Date': 'Wed, 19 Nov 2025 02:03:34 GMT', 'Content-Type': 'text/plain', 'Transfer-Encoding': 'chunked', 'Connection': 'keep-alive', 'X-Agc-Trace-Id': '1f9a7204-a9d9-44a0-86d5-8acaaea7daf1', 'Server': 'elb'}
2025-11-19 10:03:34,489 - hunyuan_podcast.upload_client - INFO - 上传响应内容: {"uploadStatus":"finalize","fileInfo":{"size":5602560,"cacheControl":"no-cache, no-store, must-revalidate","updateTime":"2025-11-19T02:03:33Z","name":"music\/religion_spirituality\/relaxing-ambient-music-337579.mp3","bucket":"podcasters-y0qig","storageArea":"CN","storageType":"STANDARD","createTime":"2025-11-19T02:03:33Z","contentType":"audio\/mpeg"}}
2025-11-19 10:03:34,489 - hunyuan_podcast.upload_client - INFO - 上传成功！
2025-11-19 10:03:34,490 - hunyuan_podcast.upload_client - INFO - 上传到 AGC: https://ops-server-drcn.agcstorage.link/v0/podcasters-y0qig/music/religion_spirituality/sad-background-atmosphere-208297.mp3
2025-11-19 10:03:34,492 - hunyuan_podcast.upload_client - INFO -   文件大小: 3235840 bytes (3.09 MB)
2025-11-19 10:03:34,492 - hunyuan_podcast.upload_client - INFO -   Content-Length: 3235840
2025-11-19 10:03:34,492 - hunyuan_podcast.upload_client - INFO -   X-Agc-Content-Type: audio/mpeg
2025-11-19 10:03:34,492 - hunyuan_podcast.upload_client - INFO -   Headers: productId=已设置, client_id=已设置, Authorization=已设置
2025-11-19 10:03:34,492 - hunyuan_podcast.upload_client - INFO - 上传尝试 1: 连接超时=30秒, 读取超时=无限制 (文件大小: 3.09 MB)
2025-11-19 10:03:34,492 - hunyuan_podcast.upload_client - INFO - 流式上传模式（文件大小: 3.09 MB, chunk_size: 512 KB）
2025-11-19 10:03:35,295 - hunyuan_podcast.upload_client - INFO - 上传响应: status_code=200, 耗时: 0.80秒, 速度: 3.84 MB/s
2025-11-19 10:03:35,297 - hunyuan_podcast.upload_client - INFO -   响应头: {'Date': 'Wed, 19 Nov 2025 02:03:34 GMT', 'Content-Type': 'text/plain', 'Transfer-Encoding': 'chunked', 'Connection': 'keep-alive', 'X-Agc-Trace-Id': '8cdf7676-1013-4fc1-9b54-b535bdb36848', 'Server': 'elb'}
2025-11-19 10:03:35,297 - hunyuan_podcast.upload_client - INFO - 上传响应内容: {"uploadStatus":"finalize","fileInfo":{"storageArea":"CN","createTime":"2025-11-19T02:03:34Z","updateTime":"2025-11-19T02:03:34Z","contentType":"audio\/mpeg","name":"music\/religion_spirituality\/sad-background-atmosphere-208297.mp3","size":3235840,"cacheControl":"no-cache, no-store, must-revalidate","bucket":"podcasters-y0qig","storageType":"STANDARD"}}
2025-11-19 10:03:35,298 - hunyuan_podcast.upload_client - INFO - 上传成功！
2025-11-19 10:03:35,300 - hunyuan_podcast.upload_client - INFO - 上传到 AGC: https://ops-server-drcn.agcstorage.link/v0/podcasters-y0qig/music/religion_spirituality/solas-x-interstellar-piano-223676.mp3
2025-11-19 10:03:35,300 - hunyuan_podcast.upload_client - INFO -   文件大小: 5943552 bytes (5.67 MB)
2025-11-19 10:03:35,300 - hunyuan_podcast.upload_client - INFO -   Content-Length: 5943552
2025-11-19 10:03:35,300 - hunyuan_podcast.upload_client - INFO -   X-Agc-Content-Type: audio/mpeg
2025-11-19 10:03:35,300 - hunyuan_podcast.upload_client - INFO -   Headers: productId=已设置, client_id=已设置, Authorization=已设置
2025-11-19 10:03:35,301 - hunyuan_podcast.upload_client - INFO - 上传尝试 1: 连接超时=30秒, 读取超时=无限制 (文件大小: 5.67 MB)
2025-11-19 10:03:35,301 - hunyuan_podcast.upload_client - INFO - 流式上传模式（文件大小: 5.67 MB, chunk_size: 1024 KB）
2025-11-19 10:03:36,955 - hunyuan_podcast.upload_client - INFO - 上传响应: status_code=200, 耗时: 1.65秒, 速度: 3.43 MB/s
2025-11-19 10:03:36,956 - hunyuan_podcast.upload_client - INFO -   响应头: {'Date': 'Wed, 19 Nov 2025 02:03:36 GMT', 'Content-Type': 'text/plain', 'Transfer-Encoding': 'chunked', 'Connection': 'keep-alive', 'X-Agc-Trace-Id': 'c97a2f04-54b6-4f10-ab50-4b0c3c76ae72', 'Server': 'elb'}
2025-11-19 10:03:36,956 - hunyuan_podcast.upload_client - INFO - 上传响应内容: {"uploadStatus":"finalize","fileInfo":{"storageArea":"CN","createTime":"2025-11-19T02:03:35Z","updateTime":"2025-11-19T02:03:35Z","contentType":"audio\/mpeg","name":"music\/religion_spirituality\/solas-x-interstellar-piano-223676.mp3","size":5943552,"cacheControl":"no-cache, no-store, must-revalidate","bucket":"podcasters-y0qig","storageType":"STANDARD"}}
2025-11-19 10:03:36,957 - hunyuan_podcast.upload_client - INFO - 上传成功！
2025-11-19 10:03:36,959 - hunyuan_podcast.upload_client - INFO - 上传到 AGC: https://ops-server-drcn.agcstorage.link/v0/podcasters-y0qig/music/science_technology/chill-abstract_intention-12099.mp3
2025-11-19 10:03:36,959 - hunyuan_podcast.upload_client - INFO -   文件大小: 2817044 bytes (2.69 MB)
2025-11-19 10:03:36,960 - hunyuan_podcast.upload_client - INFO -   Content-Length: 2817044
2025-11-19 10:03:36,960 - hunyuan_podcast.upload_client - INFO -   X-Agc-Content-Type: audio/mpeg
2025-11-19 10:03:36,960 - hunyuan_podcast.upload_client - INFO -   Headers: productId=已设置, client_id=已设置, Authorization=已设置
2025-11-19 10:03:36,960 - hunyuan_podcast.upload_client - INFO - 上传尝试 1: 连接超时=30秒, 读取超时=无限制 (文件大小: 2.69 MB)
2025-11-19 10:03:36,961 - hunyuan_podcast.upload_client - INFO - 流式上传模式（文件大小: 2.69 MB, chunk_size: 512 KB）
2025-11-19 10:03:37,747 - hunyuan_podcast.upload_client - INFO - 上传响应: status_code=200, 耗时: 0.79秒, 速度: 3.42 MB/s
2025-11-19 10:03:37,747 - hunyuan_podcast.upload_client - INFO -   响应头: {'Date': 'Wed, 19 Nov 2025 02:03:37 GMT', 'Content-Type': 'text/plain', 'Transfer-Encoding': 'chunked', 'Connection': 'keep-alive', 'X-Agc-Trace-Id': '0c4a99d7-3692-4977-b877-40c7c8c7e357', 'Server': 'elb'}
2025-11-19 10:03:37,749 - hunyuan_podcast.upload_client - INFO - 上传响应内容: {"uploadStatus":"finalize","fileInfo":{"storageArea":"CN","createTime":"2025-11-19T02:03:36Z","updateTime":"2025-11-19T02:03:36Z","contentType":"audio\/mpeg","name":"music\/science_technology\/chill-abstract_intention-12099.mp3","size":2817044,"cacheControl":"no-cache, no-store, must-revalidate","bucket":"podcasters-y0qig","storageType":"STANDARD"}}
2025-11-19 10:03:37,749 - hunyuan_podcast.upload_client - INFO - 上传成功！
2025-11-19 10:03:37,752 - hunyuan_podcast.upload_client - INFO - 上传到 AGC: https://ops-server-drcn.agcstorage.link/v0/podcasters-y0qig/music/science_technology/emotional-piano-music-256262.mp3
2025-11-19 10:03:37,752 - hunyuan_podcast.upload_client - INFO -   文件大小: 4279902 bytes (4.08 MB)
2025-11-19 10:03:37,752 - hunyuan_podcast.upload_client - INFO -   Content-Length: 4279902
2025-11-19 10:03:37,752 - hunyuan_podcast.upload_client - INFO -   X-Agc-Content-Type: audio/mpeg
2025-11-19 10:03:37,753 - hunyuan_podcast.upload_client - INFO -   Headers: productId=已设置, client_id=已设置, Authorization=已设置
2025-11-19 10:03:37,753 - hunyuan_podcast.upload_client - INFO - 上传尝试 1: 连接超时=30秒, 读取超时=无限制 (文件大小: 4.08 MB)
2025-11-19 10:03:37,753 - hunyuan_podcast.upload_client - INFO - 流式上传模式（文件大小: 4.08 MB, chunk_size: 512 KB）
2025-11-19 10:03:38,693 - hunyuan_podcast.upload_client - INFO - 上传响应: status_code=200, 耗时: 0.94秒, 速度: 4.34 MB/s
2025-11-19 10:03:38,693 - hunyuan_podcast.upload_client - INFO -   响应头: {'Date': 'Wed, 19 Nov 2025 02:03:38 GMT', 'Content-Type': 'text/plain', 'Transfer-Encoding': 'chunked', 'Connection': 'keep-alive', 'X-Agc-Trace-Id': '01ad052f-04a7-4272-8cc5-082d2217dbe2', 'Server': 'elb'}
2025-11-19 10:03:38,695 - hunyuan_podcast.upload_client - INFO - 上传响应内容: {"uploadStatus":"finalize","fileInfo":{"storageArea":"CN","createTime":"2025-11-19T02:03:37Z","updateTime":"2025-11-19T02:03:37Z","contentType":"audio\/mpeg","name":"music\/science_technology\/emotional-piano-music-256262.mp3","size":4279902,"cacheControl":"no-cache, no-store, must-revalidate","bucket":"podcasters-y0qig","storageType":"STANDARD"}}
2025-11-19 10:03:38,695 - hunyuan_podcast.upload_client - INFO - 上传成功！
2025-11-19 10:03:38,698 - hunyuan_podcast.upload_client - INFO - 上传到 AGC: https://ops-server-drcn.agcstorage.link/v0/podcasters-y0qig/music/science_technology/happy-day-113985.mp3
2025-11-19 10:03:38,698 - hunyuan_podcast.upload_client - INFO -   文件大小: 5440992 bytes (5.19 MB)
2025-11-19 10:03:38,698 - hunyuan_podcast.upload_client - INFO -   Content-Length: 5440992
2025-11-19 10:03:38,700 - hunyuan_podcast.upload_client - INFO -   X-Agc-Content-Type: audio/mpeg
2025-11-19 10:03:38,700 - hunyuan_podcast.upload_client - INFO -   Headers: productId=已设置, client_id=已设置, Authorization=已设置
2025-11-19 10:03:38,700 - hunyuan_podcast.upload_client - INFO - 上传尝试 1: 连接超时=30秒, 读取超时=无限制 (文件大小: 5.19 MB)
2025-11-19 10:03:38,700 - hunyuan_podcast.upload_client - INFO - 流式上传模式（文件大小: 5.19 MB, chunk_size: 1024 KB）
2025-11-19 10:03:39,599 - hunyuan_podcast.upload_client - INFO - 上传响应: status_code=200, 耗时: 0.90秒, 速度: 5.77 MB/s
2025-11-19 10:03:39,599 - hunyuan_podcast.upload_client - INFO -   响应头: {'Date': 'Wed, 19 Nov 2025 02:03:39 GMT', 'Content-Type': 'text/plain', 'Transfer-Encoding': 'chunked', 'Connection': 'keep-alive', 'X-Agc-Trace-Id': '565bea07-0ca2-40ec-bd47-05f1e5296c99', 'Server': 'elb'}
2025-11-19 10:03:39,599 - hunyuan_podcast.upload_client - INFO - 上传响应内容: {"uploadStatus":"finalize","fileInfo":{"size":5440992,"cacheControl":"no-cache, no-store, must-revalidate","updateTime":"2025-11-19T02:03:38Z","name":"music\/science_technology\/happy-day-113985.mp3","bucket":"podcasters-y0qig","storageArea":"CN","storageType":"STANDARD","createTime":"2025-11-19T02:03:38Z","contentType":"audio\/mpeg"}}
2025-11-19 10:03:39,600 - hunyuan_podcast.upload_client - INFO - 上传成功！
2025-11-19 10:03:39,602 - hunyuan_podcast.upload_client - INFO - 上传到 AGC: https://ops-server-drcn.agcstorage.link/v0/podcasters-y0qig/music/science_technology/podcast-interview-music-278389.mp3
2025-11-19 10:03:39,602 - hunyuan_podcast.upload_client - INFO -   文件大小: 5145077 bytes (4.91 MB)
2025-11-19 10:03:39,602 - hunyuan_podcast.upload_client - INFO -   Content-Length: 5145077
2025-11-19 10:03:39,602 - hunyuan_podcast.upload_client - INFO -   X-Agc-Content-Type: audio/mpeg
2025-11-19 10:03:39,603 - hunyuan_podcast.upload_client - INFO -   Headers: productId=已设置, client_id=已设置, Authorization=已设置
2025-11-19 10:03:39,603 - hunyuan_podcast.upload_client - INFO - 上传尝试 1: 连接超时=30秒, 读取超时=无限制 (文件大小: 4.91 MB)
2025-11-19 10:03:39,603 - hunyuan_podcast.upload_client - INFO - 流式上传模式（文件大小: 4.91 MB, chunk_size: 512 KB）
2025-11-19 10:03:40,830 - hunyuan_podcast.upload_client - INFO - 上传响应: status_code=200, 耗时: 1.23秒, 速度: 4.00 MB/s
2025-11-19 10:03:40,830 - hunyuan_podcast.upload_client - INFO -   响应头: {'Date': 'Wed, 19 Nov 2025 02:03:40 GMT', 'Content-Type': 'text/plain', 'Transfer-Encoding': 'chunked', 'Connection': 'keep-alive', 'X-Agc-Trace-Id': '7f4dd300-2413-4a04-a966-6f61ee50b44b', 'Server': 'elb'}
2025-11-19 10:03:40,831 - hunyuan_podcast.upload_client - INFO - 上传响应内容: {"uploadStatus":"finalize","fileInfo":{"storageArea":"CN","createTime":"2025-11-19T02:03:39Z","updateTime":"2025-11-19T02:03:39Z","contentType":"audio\/mpeg","name":"music\/science_technology\/podcast-interview-music-278389.mp3","size":5145077,"cacheControl":"no-cache, no-store, must-revalidate","bucket":"podcasters-y0qig","storageType":"STANDARD"}}
2025-11-19 10:03:40,831 - hunyuan_podcast.upload_client - INFO - 上传成功！
2025-11-19 10:03:40,834 - hunyuan_podcast.upload_client - INFO - 上传到 AGC: https://ops-server-drcn.agcstorage.link/v0/podcasters-y0qig/music/science_technology/podcast-interview-youtube-music-413275.mp3
2025-11-19 10:03:40,834 - hunyuan_podcast.upload_client - INFO -   文件大小: 5763657 bytes (5.50 MB)
2025-11-19 10:03:40,834 - hunyuan_podcast.upload_client - INFO -   Content-Length: 5763657
2025-11-19 10:03:40,835 - hunyuan_podcast.upload_client - INFO -   X-Agc-Content-Type: audio/mpeg
2025-11-19 10:03:40,835 - hunyuan_podcast.upload_client - INFO -   Headers: productId=已设置, client_id=已设置, Authorization=已设置
2025-11-19 10:03:40,835 - hunyuan_podcast.upload_client - INFO - 上传尝试 1: 连接超时=30秒, 读取超时=无限制 (文件大小: 5.50 MB)
2025-11-19 10:03:40,836 - hunyuan_podcast.upload_client - INFO - 流式上传模式（文件大小: 5.50 MB, chunk_size: 1024 KB）
2025-11-19 10:03:41,773 - hunyuan_podcast.upload_client - INFO - 上传响应: status_code=200, 耗时: 0.94秒, 速度: 5.87 MB/s
2025-11-19 10:03:41,773 - hunyuan_podcast.upload_client - INFO -   响应头: {'Date': 'Wed, 19 Nov 2025 02:03:41 GMT', 'Content-Type': 'text/plain', 'Transfer-Encoding': 'chunked', 'Connection': 'keep-alive', 'X-Agc-Trace-Id': '4c4e0703-ebd1-4de2-addd-d0d293317aa4', 'Server': 'elb'}
2025-11-19 10:03:41,773 - hunyuan_podcast.upload_client - INFO - 上传响应内容: {"uploadStatus":"finalize","fileInfo":{"size":5763657,"cacheControl":"no-cache, no-store, must-revalidate","updateTime":"2025-11-19T02:03:40Z","name":"music\/science_technology\/podcast-interview-youtube-music-413275.mp3","bucket":"podcasters-y0qig","storageArea":"CN","storageType":"STANDARD","createTime":"2025-11-19T02:03:40Z","contentType":"audio\/mpeg"}}
2025-11-19 10:03:41,774 - hunyuan_podcast.upload_client - INFO - 上传成功！
2025-11-19 10:03:41,779 - hunyuan_podcast.upload_client - INFO - 上传到 AGC: https://ops-server-drcn.agcstorage.link/v0/podcasters-y0qig/music/science_technology/presentation-corporate-219493.mp3
2025-11-19 10:03:41,779 - hunyuan_podcast.upload_client - INFO -   文件大小: 4888320 bytes (4.66 MB)
2025-11-19 10:03:41,780 - hunyuan_podcast.upload_client - INFO -   Content-Length: 4888320
2025-11-19 10:03:41,780 - hunyuan_podcast.upload_client - INFO -   X-Agc-Content-Type: audio/mpeg
2025-11-19 10:03:41,780 - hunyuan_podcast.upload_client - INFO -   Headers: productId=已设置, client_id=已设置, Authorization=已设置
2025-11-19 10:03:41,781 - hunyuan_podcast.upload_client - INFO - 上传尝试 1: 连接超时=30秒, 读取超时=无限制 (文件大小: 4.66 MB)
2025-11-19 10:03:41,781 - hunyuan_podcast.upload_client - INFO - 流式上传模式（文件大小: 4.66 MB, chunk_size: 512 KB）
2025-11-19 10:03:42,608 - hunyuan_podcast.upload_client - INFO - 上传响应: status_code=200, 耗时: 0.83秒, 速度: 5.64 MB/s
2025-11-19 10:03:42,609 - hunyuan_podcast.upload_client - INFO -   响应头: {'Date': 'Wed, 19 Nov 2025 02:03:42 GMT', 'Content-Type': 'text/plain', 'Transfer-Encoding': 'chunked', 'Connection': 'keep-alive', 'X-Agc-Trace-Id': '782c6d6f-8668-4bcb-ac16-33f5585f8675', 'Server': 'elb'}
2025-11-19 10:03:42,609 - hunyuan_podcast.upload_client - INFO - 上传响应内容: {"uploadStatus":"finalize","fileInfo":{"size":4888320,"cacheControl":"no-cache, no-store, must-revalidate","updateTime":"2025-11-19T02:03:41Z","name":"music\/science_technology\/presentation-corporate-219493.mp3","bucket":"podcasters-y0qig","storageArea":"CN","storageType":"STANDARD","createTime":"2025-11-19T02:03:41Z","contentType":"audio\/mpeg"}}
2025-11-19 10:03:42,609 - hunyuan_podcast.upload_client - INFO - 上传成功！
2025-11-19 10:03:42,612 - hunyuan_podcast.upload_client - INFO - 上传到 AGC: https://ops-server-drcn.agcstorage.link/v0/podcasters-y0qig/music/science_technology/soft-background-music-432715.mp3
2025-11-19 10:03:42,613 - hunyuan_podcast.upload_client - INFO -   文件大小: 5935856 bytes (5.66 MB)
2025-11-19 10:03:42,613 - hunyuan_podcast.upload_client - INFO -   Content-Length: 5935856
2025-11-19 10:03:42,613 - hunyuan_podcast.upload_client - INFO -   X-Agc-Content-Type: audio/mpeg
2025-11-19 10:03:42,614 - hunyuan_podcast.upload_client - INFO -   Headers: productId=已设置, client_id=已设置, Authorization=已设置
2025-11-19 10:03:42,614 - hunyuan_podcast.upload_client - INFO - 上传尝试 1: 连接超时=30秒, 读取超时=无限制 (文件大小: 5.66 MB)
2025-11-19 10:03:42,614 - hunyuan_podcast.upload_client - INFO - 流式上传模式（文件大小: 5.66 MB, chunk_size: 1024 KB）
2025-11-19 10:03:43,710 - hunyuan_podcast.upload_client - INFO - 上传响应: status_code=200, 耗时: 1.10秒, 速度: 5.16 MB/s
2025-11-19 10:03:43,710 - hunyuan_podcast.upload_client - INFO -   响应头: {'Date': 'Wed, 19 Nov 2025 02:03:43 GMT', 'Content-Type': 'text/plain', 'Transfer-Encoding': 'chunked', 'Connection': 'keep-alive', 'X-Agc-Trace-Id': 'c95cc6a7-e328-49e8-9000-91bb38a01fda', 'Server': 'elb'}
2025-11-19 10:03:43,711 - hunyuan_podcast.upload_client - INFO - 上传响应内容: {"uploadStatus":"finalize","fileInfo":{"size":5935856,"cacheControl":"no-cache, no-store, must-revalidate","updateTime":"2025-11-19T02:03:42Z","name":"music\/science_technology\/soft-background-music-432715.mp3","bucket":"podcasters-y0qig","storageArea":"CN","storageType":"STANDARD","createTime":"2025-11-19T02:03:42Z","contentType":"audio\/mpeg"}}
2025-11-19 10:03:43,711 - hunyuan_podcast.upload_client - INFO - 上传成功！
2025-11-19 10:03:43,714 - hunyuan_podcast.upload_client - INFO - 上传到 AGC: https://ops-server-drcn.agcstorage.link/v0/podcasters-y0qig/music/science_technology/whispered-echoes-281448.mp3
2025-11-19 10:03:43,714 - hunyuan_podcast.upload_client - INFO -   文件大小: 4898304 bytes (4.67 MB)
2025-11-19 10:03:43,715 - hunyuan_podcast.upload_client - INFO -   Content-Length: 4898304
2025-11-19 10:03:43,715 - hunyuan_podcast.upload_client - INFO -   X-Agc-Content-Type: audio/mpeg
2025-11-19 10:03:43,715 - hunyuan_podcast.upload_client - INFO -   Headers: productId=已设置, client_id=已设置, Authorization=已设置
2025-11-19 10:03:43,715 - hunyuan_podcast.upload_client - INFO - 上传尝试 1: 连接超时=30秒, 读取超时=无限制 (文件大小: 4.67 MB)
2025-11-19 10:03:43,716 - hunyuan_podcast.upload_client - INFO - 流式上传模式（文件大小: 4.67 MB, chunk_size: 512 KB）
2025-11-19 10:03:44,593 - hunyuan_podcast.upload_client - INFO - 上传响应: status_code=200, 耗时: 0.88秒, 速度: 5.33 MB/s
2025-11-19 10:03:44,594 - hunyuan_podcast.upload_client - INFO -   响应头: {'Date': 'Wed, 19 Nov 2025 02:03:44 GMT', 'Content-Type': 'text/plain', 'Transfer-Encoding': 'chunked', 'Connection': 'keep-alive', 'X-Agc-Trace-Id': '7dc5d136-fc3b-4bc5-8955-d3d7ffb5975e', 'Server': 'elb'}
2025-11-19 10:03:44,594 - hunyuan_podcast.upload_client - INFO - 上传响应内容: {"uploadStatus":"finalize","fileInfo":{"size":4898304,"cacheControl":"no-cache, no-store, must-revalidate","updateTime":"2025-11-19T02:03:43Z","name":"music\/science_technology\/whispered-echoes-281448.mp3","bucket":"podcasters-y0qig","storageArea":"CN","storageType":"STANDARD","createTime":"2025-11-19T02:03:43Z","contentType":"audio\/mpeg"}}
2025-11-19 10:03:44,595 - hunyuan_podcast.upload_client - INFO - 上传成功！
2025-11-19 10:03:44,597 - hunyuan_podcast.upload_client - INFO - 上传到 AGC: https://ops-server-drcn.agcstorage.link/v0/podcasters-y0qig/music/science_technology/youtube-intro-291172.mp3
2025-11-19 10:03:44,597 - hunyuan_podcast.upload_client - INFO -   文件大小: 423936 bytes (0.40 MB)
2025-11-19 10:03:44,597 - hunyuan_podcast.upload_client - INFO -   Content-Length: 423936
2025-11-19 10:03:44,597 - hunyuan_podcast.upload_client - INFO -   X-Agc-Content-Type: audio/mpeg
2025-11-19 10:03:44,597 - hunyuan_podcast.upload_client - INFO -   Headers: productId=已设置, client_id=已设置, Authorization=已设置
2025-11-19 10:03:44,598 - hunyuan_podcast.upload_client - INFO - 上传尝试 1: 连接超时=30秒, 读取超时=无限制 (文件大小: 0.40 MB)
2025-11-19 10:03:44,598 - hunyuan_podcast.upload_client - INFO - 流式上传模式（文件大小: 0.40 MB, chunk_size: 256 KB）
2025-11-19 10:03:45,160 - hunyuan_podcast.upload_client - INFO - 上传响应: status_code=200, 耗时: 0.56秒, 速度: 0.72 MB/s
2025-11-19 10:03:45,161 - hunyuan_podcast.upload_client - INFO -   响应头: {'Date': 'Wed, 19 Nov 2025 02:03:44 GMT', 'Content-Type': 'text/plain', 'Transfer-Encoding': 'chunked', 'Connection': 'keep-alive', 'X-Agc-Trace-Id': '7c04f7ad-b3b1-4573-987c-6b2c703a1ed0', 'Server': 'elb'}
2025-11-19 10:03:45,161 - hunyuan_podcast.upload_client - INFO - 上传响应内容: {"uploadStatus":"finalize","fileInfo":{"storageArea":"CN","createTime":"2025-11-19T02:03:44Z","updateTime":"2025-11-19T02:03:44Z","contentType":"audio\/mpeg","name":"music\/science_technology\/youtube-intro-291172.mp3","size":423936,"cacheControl":"no-cache, no-store, must-revalidate","bucket":"podcasters-y0qig","storageType":"STANDARD"}}
2025-11-19 10:03:45,162 - hunyuan_podcast.upload_client - INFO - 上传成功！
2025-11-19 10:03:45,164 - hunyuan_podcast.upload_client - INFO - 上传到 AGC: https://ops-server-drcn.agcstorage.link/v0/podcasters-y0qig/music/self_growth/between-sky-and-water-154383.mp3
2025-11-19 10:03:45,164 - hunyuan_podcast.upload_client - INFO -   文件大小: 10271764 bytes (9.80 MB)
2025-11-19 10:03:45,164 - hunyuan_podcast.upload_client - INFO -   Content-Length: 10271764
2025-11-19 10:03:45,165 - hunyuan_podcast.upload_client - INFO -   X-Agc-Content-Type: audio/mpeg
2025-11-19 10:03:45,165 - hunyuan_podcast.upload_client - INFO -   Headers: productId=已设置, client_id=已设置, Authorization=已设置
2025-11-19 10:03:45,165 - hunyuan_podcast.upload_client - INFO - 上传尝试 1: 连接超时=30秒, 读取超时=无限制 (文件大小: 9.80 MB)
2025-11-19 10:03:45,165 - hunyuan_podcast.upload_client - INFO - 流式上传模式（文件大小: 9.80 MB, chunk_size: 1024 KB）
2025-11-19 10:03:46,316 - hunyuan_podcast.upload_client - INFO - 上传响应: status_code=200, 耗时: 1.15秒, 速度: 8.51 MB/s
2025-11-19 10:03:46,316 - hunyuan_podcast.upload_client - INFO -   响应头: {'Date': 'Wed, 19 Nov 2025 02:03:45 GMT', 'Content-Type': 'text/plain', 'Transfer-Encoding': 'chunked', 'Connection': 'keep-alive', 'X-Agc-Trace-Id': '3afac06d-4e0c-45c2-be58-6b755ff2ee19', 'Server': 'elb'}
2025-11-19 10:03:46,317 - hunyuan_podcast.upload_client - INFO - 上传响应内容: {"uploadStatus":"finalize","fileInfo":{"size":10271764,"cacheControl":"no-cache, no-store, must-revalidate","updateTime":"2025-11-19T02:03:44Z","name":"music\/self_growth\/between-sky-and-water-154383.mp3","bucket":"podcasters-y0qig","storageArea":"CN","storageType":"STANDARD","createTime":"2025-11-19T02:03:44Z","contentType":"audio\/mpeg"}}
2025-11-19 10:03:46,317 - hunyuan_podcast.upload_client - INFO - 上传成功！
2025-11-19 10:03:46,319 - hunyuan_podcast.upload_client - INFO - 上传到 AGC: https://ops-server-drcn.agcstorage.link/v0/podcasters-y0qig/music/self_growth/handpan-thoi-mien-tam-tri-thu-gian-393531.mp3
2025-11-19 10:03:46,319 - hunyuan_podcast.upload_client - INFO -   文件大小: 8364288 bytes (7.98 MB)
2025-11-19 10:03:46,319 - hunyuan_podcast.upload_client - INFO -   Content-Length: 8364288
2025-11-19 10:03:46,319 - hunyuan_podcast.upload_client - INFO -   X-Agc-Content-Type: audio/mpeg
2025-11-19 10:03:46,319 - hunyuan_podcast.upload_client - INFO -   Headers: productId=已设置, client_id=已设置, Authorization=已设置
2025-11-19 10:03:46,319 - hunyuan_podcast.upload_client - INFO - 上传尝试 1: 连接超时=30秒, 读取超时=无限制 (文件大小: 7.98 MB)
2025-11-19 10:03:46,320 - hunyuan_podcast.upload_client - INFO - 流式上传模式（文件大小: 7.98 MB, chunk_size: 1024 KB）
2025-11-19 10:03:47,484 - hunyuan_podcast.upload_client - INFO - 上传响应: status_code=200, 耗时: 1.16秒, 速度: 6.85 MB/s
2025-11-19 10:03:47,486 - hunyuan_podcast.upload_client - INFO -   响应头: {'Date': 'Wed, 19 Nov 2025 02:03:47 GMT', 'Content-Type': 'text/plain', 'Transfer-Encoding': 'chunked', 'Connection': 'keep-alive', 'X-Agc-Trace-Id': '886d9563-2691-42ab-b944-ab8c46610c1e', 'Server': 'elb'}
2025-11-19 10:03:47,486 - hunyuan_podcast.upload_client - INFO - 上传响应内容: {"uploadStatus":"finalize","fileInfo":{"size":8364288,"cacheControl":"no-cache, no-store, must-revalidate","updateTime":"2025-11-19T02:03:46Z","name":"music\/self_growth\/handpan-thoi-mien-tam-tri-thu-gian-393531.mp3","bucket":"podcasters-y0qig","storageArea":"CN","storageType":"STANDARD","createTime":"2025-11-19T02:03:46Z","contentType":"audio\/mpeg"}}
2025-11-19 10:03:47,486 - hunyuan_podcast.upload_client - INFO - 上传成功！
2025-11-19 10:03:47,489 - hunyuan_podcast.upload_client - INFO - 上传到 AGC: https://ops-server-drcn.agcstorage.link/v0/podcasters-y0qig/music/self_growth/no-place-to-go-216744.mp3
2025-11-19 10:03:47,489 - hunyuan_podcast.upload_client - INFO -   文件大小: 10810096 bytes (10.31 MB)
2025-11-19 10:03:47,489 - hunyuan_podcast.upload_client - INFO -   Content-Length: 10810096
2025-11-19 10:03:47,489 - hunyuan_podcast.upload_client - INFO -   X-Agc-Content-Type: audio/mpeg
2025-11-19 10:03:47,490 - hunyuan_podcast.upload_client - INFO -   Headers: productId=已设置, client_id=已设置, Authorization=已设置
2025-11-19 10:03:47,490 - hunyuan_podcast.upload_client - INFO - 上传尝试 1: 连接超时=30秒, 读取超时=无限制 (文件大小: 10.31 MB)
2025-11-19 10:03:47,490 - hunyuan_podcast.upload_client - INFO - 流式上传模式（文件大小: 10.31 MB, chunk_size: 1024 KB）
2025-11-19 10:03:49,899 - hunyuan_podcast.upload_client - INFO - 上传进度: 38.8% (4.00/10.31 MB), 速度: 1.66 MB/s
2025-11-19 10:03:52,178 - hunyuan_podcast.upload_client - INFO - 上传进度: 87.3% (9.00/10.31 MB), 速度: 1.92 MB/s
2025-11-19 10:03:53,507 - hunyuan_podcast.upload_client - INFO - 上传响应: status_code=200, 耗时: 6.02秒, 速度: 1.71 MB/s
2025-11-19 10:03:53,507 - hunyuan_podcast.upload_client - INFO -   响应头: {'Date': 'Wed, 19 Nov 2025 02:03:53 GMT', 'Content-Type': 'text/plain', 'Transfer-Encoding': 'chunked', 'Connection': 'keep-alive', 'X-Agc-Trace-Id': '84f9019e-0197-43e0-8d8e-3c1f81aa8589', 'Server': 'elb'}
2025-11-19 10:03:53,507 - hunyuan_podcast.upload_client - INFO - 上传响应内容: {"uploadStatus":"finalize","fileInfo":{"storageArea":"CN","createTime":"2025-11-19T02:03:47Z","updateTime":"2025-11-19T02:03:47Z","contentType":"audio\/mpeg","name":"music\/self_growth\/no-place-to-go-216744.mp3","size":10810096,"cacheControl":"no-cache, no-store, must-revalidate","bucket":"podcasters-y0qig","storageType":"STANDARD"}}
2025-11-19 10:03:53,508 - hunyuan_podcast.upload_client - INFO - 上传成功！
2025-11-19 10:03:53,510 - hunyuan_podcast.upload_client - INFO - 上传到 AGC: https://ops-server-drcn.agcstorage.link/v0/podcasters-y0qig/music/self_growth/sad-background-history-documentary-music-368176.mp3
2025-11-19 10:03:53,510 - hunyuan_podcast.upload_client - INFO -   文件大小: 3265097 bytes (3.11 MB)
2025-11-19 10:03:53,510 - hunyuan_podcast.upload_client - INFO -   Content-Length: 3265097
2025-11-19 10:03:53,511 - hunyuan_podcast.upload_client - INFO -   X-Agc-Content-Type: audio/mpeg
2025-11-19 10:03:53,511 - hunyuan_podcast.upload_client - INFO -   Headers: productId=已设置, client_id=已设置, Authorization=已设置
2025-11-19 10:03:53,511 - hunyuan_podcast.upload_client - INFO - 上传尝试 1: 连接超时=30秒, 读取超时=无限制 (文件大小: 3.11 MB)
2025-11-19 10:03:53,512 - hunyuan_podcast.upload_client - INFO - 流式上传模式（文件大小: 3.11 MB, chunk_size: 512 KB）
2025-11-19 10:03:54,404 - hunyuan_podcast.upload_client - INFO - 上传响应: status_code=200, 耗时: 0.89秒, 速度: 3.49 MB/s
2025-11-19 10:03:54,405 - hunyuan_podcast.upload_client - INFO -   响应头: {'Date': 'Wed, 19 Nov 2025 02:03:53 GMT', 'Content-Type': 'text/plain', 'Transfer-Encoding': 'chunked', 'Connection': 'keep-alive', 'X-Agc-Trace-Id': '2216c2fa-ccf5-4706-9090-80de56cff7d3', 'Server': 'elb'}
2025-11-19 10:03:54,405 - hunyuan_podcast.upload_client - INFO - 上传响应内容: {"uploadStatus":"finalize","fileInfo":{"storageArea":"CN","createTime":"2025-11-19T02:03:53Z","updateTime":"2025-11-19T02:03:53Z","contentType":"audio\/mpeg","name":"music\/self_growth\/sad-background-history-documentary-music-368176.mp3","size":3265097,"cacheControl":"no-cache, no-store, must-revalidate","bucket":"podcasters-y0qig","storageType":"STANDARD"}}
2025-11-19 10:03:54,405 - hunyuan_podcast.upload_client - INFO - 上传成功！
2025-11-19 10:03:54,408 - hunyuan_podcast.upload_client - INFO - 上传到 AGC: https://ops-server-drcn.agcstorage.link/v0/podcasters-y0qig/music/self_growth/waking-up-in-the-middle-of-the-night-371492.mp3
2025-11-19 10:03:54,408 - hunyuan_podcast.upload_client - INFO -   文件大小: 7935373 bytes (7.57 MB)
2025-11-19 10:03:54,408 - hunyuan_podcast.upload_client - INFO -   Content-Length: 7935373
2025-11-19 10:03:54,408 - hunyuan_podcast.upload_client - INFO -   X-Agc-Content-Type: audio/mpeg
2025-11-19 10:03:54,408 - hunyuan_podcast.upload_client - INFO -   Headers: productId=已设置, client_id=已设置, Authorization=已设置
2025-11-19 10:03:54,408 - hunyuan_podcast.upload_client - INFO - 上传尝试 1: 连接超时=30秒, 读取超时=无限制 (文件大小: 7.57 MB)
2025-11-19 10:03:54,408 - hunyuan_podcast.upload_client - INFO - 流式上传模式（文件大小: 7.57 MB, chunk_size: 1024 KB）
2025-11-19 10:03:55,414 - hunyuan_podcast.upload_client - INFO - 上传响应: status_code=200, 耗时: 1.00秒, 速度: 7.53 MB/s
2025-11-19 10:03:55,414 - hunyuan_podcast.upload_client - INFO -   响应头: {'Date': 'Wed, 19 Nov 2025 02:03:54 GMT', 'Content-Type': 'text/plain', 'Transfer-Encoding': 'chunked', 'Connection': 'keep-alive', 'X-Agc-Trace-Id': 'faae3040-a2df-4819-8bd6-277b3964f4a4', 'Server': 'elb'}
2025-11-19 10:03:55,415 - hunyuan_podcast.upload_client - INFO - 上传响应内容: {"uploadStatus":"finalize","fileInfo":{"size":7935373,"cacheControl":"no-cache, no-store, must-revalidate","updateTime":"2025-11-19T02:03:54Z","name":"music\/self_growth\/waking-up-in-the-middle-of-the-night-371492.mp3","bucket":"podcasters-y0qig","storageArea":"CN","storageType":"STANDARD","createTime":"2025-11-19T02:03:54Z","contentType":"audio\/mpeg"}}
2025-11-19 10:03:55,415 - hunyuan_podcast.upload_client - INFO - 上传成功！
2025-11-19 10:03:55,418 - hunyuan_podcast.upload_client - INFO - 上传到 AGC: https://ops-server-drcn.agcstorage.link/v0/podcasters-y0qig/music/social_culture_history/background-royalty-free-music-emotional-piano-305670.mp3
2025-11-19 10:03:55,418 - hunyuan_podcast.upload_client - INFO -   文件大小: 5823843 bytes (5.55 MB)
2025-11-19 10:03:55,419 - hunyuan_podcast.upload_client - INFO -   Content-Length: 5823843
2025-11-19 10:03:55,419 - hunyuan_podcast.upload_client - INFO -   X-Agc-Content-Type: audio/mpeg
2025-11-19 10:03:55,419 - hunyuan_podcast.upload_client - INFO -   Headers: productId=已设置, client_id=已设置, Authorization=已设置
2025-11-19 10:03:55,420 - hunyuan_podcast.upload_client - INFO - 上传尝试 1: 连接超时=30秒, 读取超时=无限制 (文件大小: 5.55 MB)
2025-11-19 10:03:55,420 - hunyuan_podcast.upload_client - INFO - 流式上传模式（文件大小: 5.55 MB, chunk_size: 1024 KB）
2025-11-19 10:03:56,447 - hunyuan_podcast.upload_client - INFO - 上传响应: status_code=200, 耗时: 1.03秒, 速度: 5.41 MB/s
2025-11-19 10:03:56,448 - hunyuan_podcast.upload_client - INFO -   响应头: {'Date': 'Wed, 19 Nov 2025 02:03:55 GMT', 'Content-Type': 'text/plain', 'Transfer-Encoding': 'chunked', 'Connection': 'keep-alive', 'X-Agc-Trace-Id': 'b07125cd-50a2-46d3-b9e9-02d6935f4f2d', 'Server': 'elb'}
2025-11-19 10:03:56,448 - hunyuan_podcast.upload_client - INFO - 上传响应内容: {"uploadStatus":"finalize","fileInfo":{"size":5823843,"cacheControl":"no-cache, no-store, must-revalidate","updateTime":"2025-11-19T02:03:55Z","name":"music\/social_culture_history\/background-royalty-free-music-emotional-piano-305670.mp3","bucket":"podcasters-y0qig","storageArea":"CN","storageType":"STANDARD","createTime":"2025-11-19T02:03:55Z","contentType":"audio\/mpeg"}}
2025-11-19 10:03:56,448 - hunyuan_podcast.upload_client - INFO - 上传成功！
2025-11-19 10:03:56,451 - hunyuan_podcast.upload_client - INFO - 上传到 AGC: https://ops-server-drcn.agcstorage.link/v0/podcasters-y0qig/music/social_culture_history/documentary-history-historical-music-409447.mp3
2025-11-19 10:03:56,452 - hunyuan_podcast.upload_client - INFO -   文件大小: 4455444 bytes (4.25 MB)
2025-11-19 10:03:56,452 - hunyuan_podcast.upload_client - INFO -   Content-Length: 4455444
2025-11-19 10:03:56,452 - hunyuan_podcast.upload_client - INFO -   X-Agc-Content-Type: audio/mpeg
2025-11-19 10:03:56,452 - hunyuan_podcast.upload_client - INFO -   Headers: productId=已设置, client_id=已设置, Authorization=已设置
2025-11-19 10:03:56,452 - hunyuan_podcast.upload_client - INFO - 上传尝试 1: 连接超时=30秒, 读取超时=无限制 (文件大小: 4.25 MB)
2025-11-19 10:03:56,453 - hunyuan_podcast.upload_client - INFO - 流式上传模式（文件大小: 4.25 MB, chunk_size: 512 KB）
2025-11-19 10:03:57,349 - hunyuan_podcast.upload_client - INFO - 上传响应: status_code=200, 耗时: 0.90秒, 速度: 4.74 MB/s
2025-11-19 10:03:57,349 - hunyuan_podcast.upload_client - INFO -   响应头: {'Date': 'Wed, 19 Nov 2025 02:03:56 GMT', 'Content-Type': 'text/plain', 'Transfer-Encoding': 'chunked', 'Connection': 'keep-alive', 'X-Agc-Trace-Id': 'b7a89374-a131-42d6-bd61-cb83c5de6182', 'Server': 'elb'}
2025-11-19 10:03:57,349 - hunyuan_podcast.upload_client - INFO - 上传响应内容: {"fileInfo":{"storageArea":"CN","bucket":"podcasters-y0qig","createTime":"2025-11-19T02:03:56Z","updateTime":"2025-11-19T02:03:56Z","contentType":"audio\/mpeg","name":"music\/social_culture_history\/documentary-history-historical-music-409447.mp3","cacheControl":"no-cache, no-store, must-revalidate","storageType":"STANDARD","size":4455444},"uploadStatus":"finalize"}
2025-11-19 10:03:57,351 - hunyuan_podcast.upload_client - INFO - 上传成功！
2025-11-19 10:03:57,352 - hunyuan_podcast.upload_client - INFO - 上传到 AGC: https://ops-server-drcn.agcstorage.link/v0/podcasters-y0qig/music/social_culture_history/documentary-music-362550.mp3
2025-11-19 10:03:57,354 - hunyuan_podcast.upload_client - INFO -   文件大小: 3905410 bytes (3.72 MB)
2025-11-19 10:03:57,354 - hunyuan_podcast.upload_client - INFO -   Content-Length: 3905410
2025-11-19 10:03:57,354 - hunyuan_podcast.upload_client - INFO -   X-Agc-Content-Type: audio/mpeg
2025-11-19 10:03:57,354 - hunyuan_podcast.upload_client - INFO -   Headers: productId=已设置, client_id=已设置, Authorization=已设置
2025-11-19 10:03:57,355 - hunyuan_podcast.upload_client - INFO - 上传尝试 1: 连接超时=30秒, 读取超时=无限制 (文件大小: 3.72 MB)
2025-11-19 10:03:57,355 - hunyuan_podcast.upload_client - INFO - 流式上传模式（文件大小: 3.72 MB, chunk_size: 512 KB）
2025-11-19 10:03:58,648 - hunyuan_podcast.upload_client - INFO - 上传响应: status_code=200, 耗时: 1.29秒, 速度: 2.88 MB/s
2025-11-19 10:03:58,648 - hunyuan_podcast.upload_client - INFO -   响应头: {'Date': 'Wed, 19 Nov 2025 02:03:58 GMT', 'Content-Type': 'text/plain', 'Transfer-Encoding': 'chunked', 'Connection': 'keep-alive', 'X-Agc-Trace-Id': '94b6694f-f657-4ac6-bdcc-c6f41b354145', 'Server': 'elb'}
2025-11-19 10:03:58,649 - hunyuan_podcast.upload_client - INFO - 上传响应内容: {"uploadStatus":"finalize","fileInfo":{"storageArea":"CN","createTime":"2025-11-19T02:03:57Z","updateTime":"2025-11-19T02:03:57Z","contentType":"audio\/mpeg","name":"music\/social_culture_history\/documentary-music-362550.mp3","size":3905410,"cacheControl":"no-cache, no-store, must-revalidate","bucket":"podcasters-y0qig","storageType":"STANDARD"}}
2025-11-19 10:03:58,649 - hunyuan_podcast.upload_client - INFO - 上传成功！
2025-11-19 10:03:58,652 - hunyuan_podcast.upload_client - INFO - 上传到 AGC: https://ops-server-drcn.agcstorage.link/v0/podcasters-y0qig/music/social_culture_history/documentary_tidal-11052.mp3
2025-11-19 10:03:58,652 - hunyuan_podcast.upload_client - INFO -   文件大小: 4410305 bytes (4.21 MB)
2025-11-19 10:03:58,652 - hunyuan_podcast.upload_client - INFO -   Content-Length: 4410305
2025-11-19 10:03:58,653 - hunyuan_podcast.upload_client - INFO -   X-Agc-Content-Type: audio/mpeg
2025-11-19 10:03:58,653 - hunyuan_podcast.upload_client - INFO -   Headers: productId=已设置, client_id=已设置, Authorization=已设置
2025-11-19 10:03:58,653 - hunyuan_podcast.upload_client - INFO - 上传尝试 1: 连接超时=30秒, 读取超时=无限制 (文件大小: 4.21 MB)
2025-11-19 10:03:58,653 - hunyuan_podcast.upload_client - INFO - 流式上传模式（文件大小: 4.21 MB, chunk_size: 512 KB）
2025-11-19 10:03:59,621 - hunyuan_podcast.upload_client - INFO - 上传响应: status_code=200, 耗时: 0.97秒, 速度: 4.35 MB/s
2025-11-19 10:03:59,622 - hunyuan_podcast.upload_client - INFO -   响应头: {'Date': 'Wed, 19 Nov 2025 02:03:59 GMT', 'Content-Type': 'text/plain', 'Transfer-Encoding': 'chunked', 'Connection': 'keep-alive', 'X-Agc-Trace-Id': 'd822c496-05d4-482e-b3a1-f69935606390', 'Server': 'elb'}
2025-11-19 10:03:59,622 - hunyuan_podcast.upload_client - INFO - 上传响应内容: {"uploadStatus":"finalize","fileInfo":{"storageArea":"CN","createTime":"2025-11-19T02:03:58Z","updateTime":"2025-11-19T02:03:58Z","contentType":"audio\/mpeg","name":"music\/social_culture_history\/documentary_tidal-11052.mp3","size":4410305,"cacheControl":"no-cache, no-store, must-revalidate","bucket":"podcasters-y0qig","storageType":"STANDARD"}}
2025-11-19 10:03:59,622 - hunyuan_podcast.upload_client - INFO - 上传成功！
2025-11-19 10:03:59,626 - hunyuan_podcast.upload_client - INFO - 上传到 AGC: https://ops-server-drcn.agcstorage.link/v0/podcasters-y0qig/music/social_culture_history/educational-learning-study-music-425339.mp3
2025-11-19 10:03:59,626 - hunyuan_podcast.upload_client - INFO -   文件大小: 5263778 bytes (5.02 MB)
2025-11-19 10:03:59,626 - hunyuan_podcast.upload_client - INFO -   Content-Length: 5263778
2025-11-19 10:03:59,626 - hunyuan_podcast.upload_client - INFO -   X-Agc-Content-Type: audio/mpeg
2025-11-19 10:03:59,627 - hunyuan_podcast.upload_client - INFO -   Headers: productId=已设置, client_id=已设置, Authorization=已设置
2025-11-19 10:03:59,627 - hunyuan_podcast.upload_client - INFO - 上传尝试 1: 连接超时=30秒, 读取超时=无限制 (文件大小: 5.02 MB)
2025-11-19 10:03:59,628 - hunyuan_podcast.upload_client - INFO - 流式上传模式（文件大小: 5.02 MB, chunk_size: 1024 KB）
2025-11-19 10:04:00,418 - hunyuan_podcast.upload_client - INFO - 上传响应: status_code=200, 耗时: 0.79秒, 速度: 6.36 MB/s
2025-11-19 10:04:00,418 - hunyuan_podcast.upload_client - INFO -   响应头: {'Date': 'Wed, 19 Nov 2025 02:03:59 GMT', 'Content-Type': 'text/plain', 'Transfer-Encoding': 'chunked', 'Connection': 'keep-alive', 'X-Agc-Trace-Id': '19e72f20-b47b-443e-b874-eecb7d43fcd7', 'Server': 'elb'}
2025-11-19 10:04:00,418 - hunyuan_podcast.upload_client - INFO - 上传响应内容: {"uploadStatus":"finalize","fileInfo":{"size":5263778,"cacheControl":"no-cache, no-store, must-revalidate","updateTime":"2025-11-19T02:03:59Z","name":"music\/social_culture_history\/educational-learning-study-music-425339.mp3","bucket":"podcasters-y0qig","storageArea":"CN","storageType":"STANDARD","createTime":"2025-11-19T02:03:59Z","contentType":"audio\/mpeg"}}
2025-11-19 10:04:00,418 - hunyuan_podcast.upload_client - INFO - 上传成功！
2025-11-19 10:04:00,421 - hunyuan_podcast.upload_client - INFO - 上传到 AGC: https://ops-server-drcn.agcstorage.link/v0/podcasters-y0qig/music/social_culture_history/history-historical-background-music-371414.mp3
2025-11-19 10:04:00,421 - hunyuan_podcast.upload_client - INFO -   文件大小: 2753515 bytes (2.63 MB)
2025-11-19 10:04:00,421 - hunyuan_podcast.upload_client - INFO -   Content-Length: 2753515
2025-11-19 10:04:00,423 - hunyuan_podcast.upload_client - INFO -   X-Agc-Content-Type: audio/mpeg
2025-11-19 10:04:00,423 - hunyuan_podcast.upload_client - INFO -   Headers: productId=已设置, client_id=已设置, Authorization=已设置
2025-11-19 10:04:00,423 - hunyuan_podcast.upload_client - INFO - 上传尝试 1: 连接超时=30秒, 读取超时=无限制 (文件大小: 2.63 MB)
2025-11-19 10:04:00,423 - hunyuan_podcast.upload_client - INFO - 流式上传模式（文件大小: 2.63 MB, chunk_size: 512 KB）
2025-11-19 10:04:01,324 - hunyuan_podcast.upload_client - INFO - 上传响应: status_code=200, 耗时: 0.90秒, 速度: 2.91 MB/s
2025-11-19 10:04:01,325 - hunyuan_podcast.upload_client - INFO -   响应头: {'Date': 'Wed, 19 Nov 2025 02:04:00 GMT', 'Content-Type': 'text/plain', 'Transfer-Encoding': 'chunked', 'Connection': 'keep-alive', 'X-Agc-Trace-Id': 'f599c202-6388-45c0-ac69-a0fd9c21d894', 'Server': 'elb'}
2025-11-19 10:04:01,325 - hunyuan_podcast.upload_client - INFO - 上传响应内容: {"uploadStatus":"finalize","fileInfo":{"size":2753515,"cacheControl":"no-cache, no-store, must-revalidate","updateTime":"2025-11-19T02:04:00Z","name":"music\/social_culture_history\/history-historical-background-music-371414.mp3","bucket":"podcasters-y0qig","storageArea":"CN","storageType":"STANDARD","createTime":"2025-11-19T02:04:00Z","contentType":"audio\/mpeg"}}
2025-11-19 10:04:01,325 - hunyuan_podcast.upload_client - INFO - 上传成功！
2025-11-19 10:04:01,328 - hunyuan_podcast.upload_client - INFO - 上传到 AGC: https://ops-server-drcn.agcstorage.link/v0/podcasters-y0qig/music/social_culture_history/history-historical-documentary-music-412825.mp3
2025-11-19 10:04:01,328 - hunyuan_podcast.upload_client - INFO -   文件大小: 4737149 bytes (4.52 MB)
2025-11-19 10:04:01,329 - hunyuan_podcast.upload_client - INFO -   Content-Length: 4737149
2025-11-19 10:04:01,329 - hunyuan_podcast.upload_client - INFO -   X-Agc-Content-Type: audio/mpeg
2025-11-19 10:04:01,329 - hunyuan_podcast.upload_client - INFO -   Headers: productId=已设置, client_id=已设置, Authorization=已设置
2025-11-19 10:04:01,329 - hunyuan_podcast.upload_client - INFO - 上传尝试 1: 连接超时=30秒, 读取超时=无限制 (文件大小: 4.52 MB)
2025-11-19 10:04:01,330 - hunyuan_podcast.upload_client - INFO - 流式上传模式（文件大小: 4.52 MB, chunk_size: 512 KB）
2025-11-19 10:04:02,269 - hunyuan_podcast.upload_client - INFO - 上传响应: status_code=200, 耗时: 0.94秒, 速度: 4.81 MB/s
2025-11-19 10:04:02,270 - hunyuan_podcast.upload_client - INFO -   响应头: {'Date': 'Wed, 19 Nov 2025 02:04:01 GMT', 'Content-Type': 'text/plain', 'Transfer-Encoding': 'chunked', 'Connection': 'keep-alive', 'X-Agc-Trace-Id': 'e7e6f853-e4fa-4dae-982f-e1ae7e6c9e8d', 'Server': 'elb'}
2025-11-19 10:04:02,270 - hunyuan_podcast.upload_client - INFO - 上传响应内容: {"uploadStatus":"finalize","fileInfo":{"storageArea":"CN","createTime":"2025-11-19T02:04:01Z","updateTime":"2025-11-19T02:04:01Z","contentType":"audio\/mpeg","name":"music\/social_culture_history\/history-historical-documentary-music-412825.mp3","size":4737149,"cacheControl":"no-cache, no-store, must-revalidate","bucket":"podcasters-y0qig","storageType":"STANDARD"}}
2025-11-19 10:04:02,270 - hunyuan_podcast.upload_client - INFO - 上传成功！
2025-11-19 10:04:02,273 - hunyuan_podcast.upload_client - INFO - 上传到 AGC: https://ops-server-drcn.agcstorage.link/v0/podcasters-y0qig/music/social_culture_history/perfect-beauty-191271.mp3
2025-11-19 10:04:02,274 - hunyuan_podcast.upload_client - INFO -   文件大小: 14095104 bytes (13.44 MB)
2025-11-19 10:04:02,274 - hunyuan_podcast.upload_client - INFO -   Content-Length: 14095104
2025-11-19 10:04:02,274 - hunyuan_podcast.upload_client - INFO -   X-Agc-Content-Type: audio/mpeg
2025-11-19 10:04:02,274 - hunyuan_podcast.upload_client - INFO -   Headers: productId=已设置, client_id=已设置, Authorization=已设置
2025-11-19 10:04:02,275 - hunyuan_podcast.upload_client - INFO - 上传尝试 1: 连接超时=30秒, 读取超时=无限制 (文件大小: 13.44 MB)
2025-11-19 10:04:02,275 - hunyuan_podcast.upload_client - INFO - 流式上传模式（文件大小: 13.44 MB, chunk_size: 1024 KB）
2025-11-19 10:04:03,782 - hunyuan_podcast.upload_client - INFO - 上传响应: status_code=200, 耗时: 1.51秒, 速度: 8.92 MB/s
2025-11-19 10:04:03,783 - hunyuan_podcast.upload_client - INFO -   响应头: {'Date': 'Wed, 19 Nov 2025 02:04:03 GMT', 'Content-Type': 'text/plain', 'Transfer-Encoding': 'chunked', 'Connection': 'keep-alive', 'X-Agc-Trace-Id': '00586d00-03cf-4b3a-9f2d-6aacfd0eab7b', 'Server': 'elb'}
2025-11-19 10:04:03,783 - hunyuan_podcast.upload_client - INFO - 上传响应内容: {"uploadStatus":"finalize","fileInfo":{"storageArea":"CN","createTime":"2025-11-19T02:04:02Z","updateTime":"2025-11-19T02:04:02Z","contentType":"audio\/mpeg","name":"music\/social_culture_history\/perfect-beauty-191271.mp3","size":14095104,"cacheControl":"no-cache, no-store, must-revalidate","bucket":"podcasters-y0qig","storageType":"STANDARD"}}
2025-11-19 10:04:03,784 - hunyuan_podcast.upload_client - INFO - 上传成功！
2025-11-19 10:04:03,786 - hunyuan_podcast.upload_client - INFO - 上传到 AGC: https://ops-server-drcn.agcstorage.link/v0/podcasters-y0qig/music/social_culture_history/relaxing-jazz-podcast-coffee-shop-music-192283.mp3
2025-11-19 10:04:03,786 - hunyuan_podcast.upload_client - INFO -   文件大小: 18722899 bytes (17.86 MB)
2025-11-19 10:04:03,786 - hunyuan_podcast.upload_client - INFO -   Content-Length: 18722899
2025-11-19 10:04:03,786 - hunyuan_podcast.upload_client - INFO -   X-Agc-Content-Type: audio/mpeg
2025-11-19 10:04:03,786 - hunyuan_podcast.upload_client - INFO -   Headers: productId=已设置, client_id=已设置, Authorization=已设置
2025-11-19 10:04:03,787 - hunyuan_podcast.upload_client - INFO - 上传尝试 1: 连接超时=30秒, 读取超时=无限制 (文件大小: 17.86 MB)
2025-11-19 10:04:03,787 - hunyuan_podcast.upload_client - INFO - 流式上传模式（文件大小: 17.86 MB, chunk_size: 1024 KB）
2025-11-19 10:04:05,687 - hunyuan_podcast.upload_client - INFO - 上传响应: status_code=200, 耗时: 1.90秒, 速度: 9.40 MB/s
2025-11-19 10:04:05,687 - hunyuan_podcast.upload_client - INFO -   响应头: {'Date': 'Wed, 19 Nov 2025 02:04:05 GMT', 'Content-Type': 'text/plain', 'Transfer-Encoding': 'chunked', 'Connection': 'keep-alive', 'X-Agc-Trace-Id': '7a9df5e5-4dab-4252-bd59-671b41cf7f56', 'Server': 'elb'}
2025-11-19 10:04:05,688 - hunyuan_podcast.upload_client - INFO - 上传响应内容: {"uploadStatus":"finalize","fileInfo":{"storageArea":"CN","createTime":"2025-11-19T02:04:03Z","updateTime":"2025-11-19T02:04:03Z","contentType":"audio\/mpeg","name":"music\/social_culture_history\/relaxing-jazz-podcast-coffee-shop-music-192283.mp3","size":18722899,"cacheControl":"no-cache, no-store, must-revalidate","bucket":"podcasters-y0qig","storageType":"STANDARD"}}
2025-11-19 10:04:05,688 - hunyuan_podcast.upload_client - INFO - 上传成功！
